Código Producto,Fecha,Ventas Actuales,Ventas Reales Futuras,Ventas Predichas,Precio Promedio,Frecuencia,Cluster,Error Absoluto ($),Error (%)
375,2022-12-01,5.0,42.0,35.0,46906.0,5,0,7.0,16.67
T7169,2022-12-01,1.0,6.0,16.76,316.5,1,0,10.76,179.34
1253,2022-12-01,3.0,20.0,15.22,178291.45,3,0,4.78,23.92
2349,2022-12-01,2.0,3.0,10.19,40000.0,1,0,7.19,239.55
2367,2022-12-01,4.0,8.0,9.95,56702.24,2,0,1.95,24.35
T7168,2022-12-01,3.0,8.0,14.69,250.0,1,0,6.69,83.64
1637,2022-12-01,2.0,24.0,15.24,179337.76,1,0,8.76,36.49
1321,2022-12-01,8.0,32.0,17.91,1009.17,6,0,14.09,44.03
1075,2022-12-01,4.0,20.0,12.47,123335.27,3,0,7.53,37.67
318,2022-12-01,1.0,1.0,9.52,20000.0,1,0,8.52,851.62
T4083,2022-12-01,2.0,49.0,35.0,350.0,1,0,14.0,28.58
379,2022-12-01,6.0,35.0,17.52,67008.9,1,0,17.48,49.95
726,2022-12-01,2.0,1.0,11.91,600.0,1,0,10.91,1091.46
1636,2022-12-01,2.0,3.0,9.66,122165.74,1,0,6.66,221.91
633,2022-12-01,2.0,33.0,30.47,850.0,1,0,2.53,7.66
T3376,2022-12-01,1.0,6.0,10.33,250.0,1,0,4.33,72.16
1795,2022-12-01,1.0,30.0,18.95,44000.0,1,0,11.05,36.83
1796,2022-12-01,7.0,1.0,7.81,133444.98,4,0,6.81,681.49
958,2022-12-01,11.0,34.0,31.96,113885.6,2,0,2.04,5.99
1074,2022-12-01,35.0,24.5,26.26,155419.62,21,0,1.76,7.18
905,2022-12-01,2.0,12.0,15.72,28000.0,2,0,3.72,31.03
3173,2022-12-01,8.0,28.0,15.59,6651.51,1,0,12.41,44.33
527,2022-12-01,8.0,46.0,26.88,12622.5,8,0,19.12,41.56
975,2022-12-01,10.0,3.0,10.72,171034.63,5,0,7.72,257.43
44,2022-12-01,2.0,10.0,8.32,30825.0,2,0,1.68,16.82
1322,2022-12-01,2.0,3.0,10.17,1500.0,2,0,7.17,238.87
552,2022-12-01,5.0,39.0,49.35,8587.0,5,0,10.35,26.53
579,2022-12-01,2.0,7.0,9.49,4110.0,2,0,2.49,35.56
648,2022-12-01,1.0,3.0,9.94,6000.0,1,0,6.94,231.22
163,2022-12-01,2.0,7.0,11.27,6000.0,1,0,4.27,60.93
1640,2022-12-01,2.0,5.0,9.01,183000.0,2,0,4.01,80.27
728,2022-12-01,29.0,60.0,29.37,359.63,5,1,30.63,51.05
T8564,2022-12-01,2.0,5.0,12.04,150.0,1,0,7.04,140.86
2315,2022-12-01,33.0,52.0,15.43,1899.0,5,1,36.57,70.33
T6519,2022-12-01,6.0,19.0,18.2,305.5,3,1,0.8,4.19
T5315,2022-12-01,20.0,61.0,43.13,105.5,4,1,17.87,29.29
1136,2022-12-01,2.0,10.0,10.52,9000.0,1,0,0.52,5.23
325,2022-12-01,1.0,1.0,8.7,35000.0,1,0,7.7,770.41
434,2022-12-01,12.0,64.0,45.95,27472.78,9,0,18.05,28.21
970,2022-12-01,8.0,43.0,22.06,83376.32,2,0,20.94,48.7
1084,2022-12-01,19.0,6.0,9.78,9244.21,3,0,3.78,62.94
2311,2022-12-01,6.0,72.0,42.39,13527.92,1,0,29.61,41.13
1080,2022-12-01,7.0,17.0,8.06,140757.43,4,0,8.94,52.6
1667,2022-12-01,17.0,3.0,18.63,155668.84,9,0,15.63,521.07
2314,2022-12-01,4.0,24.0,15.6,1582.5,4,0,8.4,35.02
595,2022-12-01,2.0,26.0,13.02,10000.0,1,0,12.98,49.91
505,2022-12-01,5.0,12.0,9.44,3000.0,3,0,2.56,21.34
424,2022-12-01,9.0,21.0,16.01,45502.39,6,0,4.99,23.75
234,2022-12-01,3.0,3.0,7.02,80000.0,3,0,4.02,134.06
1078,2022-12-01,1.0,7.5,7.9,183000.0,1,0,0.4,5.28
2316,2022-12-01,4.0,36.0,25.77,1750.0,1,0,10.23,28.43
1140,2022-12-01,4.0,23.0,11.55,18462.5,2,0,11.45,49.77
208,2022-12-01,4.0,7.0,26.37,152500.0,4,0,19.37,276.76
1320,2022-12-01,1.0,4.0,8.02,23100.0,1,0,4.02,100.51
2319,2022-12-01,11.0,8.0,12.79,3075.0,2,0,4.79,59.83
T7167,2022-12-01,6.0,64.0,33.09,200.0,1,1,30.91,48.29
T5287,2022-12-01,7.0,4.0,11.54,1887.94,4,0,7.54,188.61
322,2022-12-01,10.0,19.0,13.67,15500.5,2,0,5.33,28.07
1150,2022-12-01,1.0,6.0,12.82,12500.0,1,0,6.82,113.74
551,2022-12-01,1.0,18.0,10.01,14700.0,1,0,7.99,44.39
971,2022-12-01,11.0,30.0,28.64,119045.0,6,0,1.36,4.52
1151,2022-12-01,4.0,48.0,21.85,15500.0,1,0,26.15,54.48
617,2022-12-01,10.0,9.0,10.62,5171.88,8,0,1.62,18.0
1073,2022-12-01,40.0,45.5,27.58,159391.87,25,0,17.92,39.4
555,2022-12-01,1.0,30.0,11.53,2500.0,1,0,18.47,61.57
577,2022-12-01,12.0,31.0,36.59,5168.75,8,0,5.59,18.03
T8724,2022-12-01,14.0,25.0,26.12,154.13,2,1,1.12,4.47
160,2022-12-01,52.0,12.0,11.84,7833.33,3,1,0.16,1.32
1067,2022-12-01,1.0,2.0,8.43,178500.0,1,0,6.43,321.29
710,2022-12-01,30.0,4.0,14.96,1019.83,1,1,10.96,274.0
4204,2022-12-01,5.0,67.0,49.32,2500.0,2,0,17.68,26.39
2042,2022-12-01,52.0,50.0,51.96,80.0,2,1,1.96,3.93
1060,2022-12-01,8.0,1.5,8.06,152908.93,3,0,6.56,437.29
531,2022-12-01,1.0,20.0,9.37,25320.0,1,0,10.63,53.13
2438,2022-12-01,3.0,24.0,15.63,1200.0,2,0,8.37,34.87
540,2022-12-01,8.0,17.0,22.59,13889.64,6,0,5.59,32.87
2457,2022-12-01,2.0,6.0,13.94,5000.0,2,0,7.94,132.35
979,2022-12-01,2.0,11.0,14.59,112767.97,1,0,3.59,32.61
1234,2022-12-01,1.0,42.0,14.13,9495.0,1,0,27.87,66.36
1053,2022-12-01,1.0,11.0,9.3,240012.5,2,0,1.7,15.41
2049,2022-12-01,3.0,40.0,26.52,12000.0,3,0,13.48,33.71
1800,2022-12-01,1.0,46.0,31.22,32000.0,1,0,14.78,32.12
596,2022-12-01,3.0,4.0,8.68,7000.0,3,0,4.68,116.89
1592,2022-12-01,3.0,14.0,18.88,65750.0,2,0,4.88,34.87
2475,2022-12-01,1.0,6.0,10.9,1055.0,1,0,4.9,81.68
312,2022-12-01,6.0,26.0,23.25,42500.5,2,0,2.75,10.57
709,2022-12-01,34.0,1.0,10.38,1316.66,3,1,9.38,937.63
4203,2022-12-01,29.0,70.0,57.67,4437.5,4,0,12.33,17.61
1350,2022-12-01,19.0,58.0,32.76,827.6,5,1,25.24,43.51
1963,2022-12-01,27.0,13.0,11.04,6977.52,5,0,1.96,15.11
1052,2022-12-01,6.5,10.0,15.29,202962.0,2,0,5.29,52.93
T240,2022-12-01,4.0,8.0,15.19,633.0,1,0,7.19,89.86
2481,2022-12-01,4.0,16.0,12.99,15000.0,2,0,3.01,18.81
708,2022-12-01,37.0,2.0,11.25,1708.95,5,1,9.25,462.41
1342,2022-12-01,2.0,30.0,20.79,13000.0,1,0,9.21,30.69
313,2022-12-01,3.0,34.0,25.33,98525.0,3,0,8.67,25.49
2389,2022-12-01,16.0,69.0,22.21,16093.75,12,0,46.79,67.81
977,2022-12-01,4.0,2.0,7.25,30898.35,1,0,5.25,262.55
239,2022-12-01,1.0,3.0,11.37,290000.0,1,0,8.37,279.14
1617,2022-12-01,1.0,22.0,7.96,6857.5,1,0,14.04,63.82
3157,2022-12-01,10.0,1.0,9.73,133532.5,8,0,8.73,873.28
38,2022-12-01,2.0,1.0,9.45,290000.0,2,0,8.45,845.12
1610,2022-12-01,5.0,14.0,14.15,309355.0,5,0,0.15,1.08
207,2022-12-01,1.0,1.0,8.19,162000.0,1,0,7.19,719.39
2394,2022-12-01,3.0,35.0,27.46,10366.67,3,0,7.54,21.54
1797,2022-12-01,5.0,3.0,13.58,51635.29,1,0,10.58,352.57
240,2022-12-01,1.0,9.0,9.22,250000.0,1,0,0.22,2.42
1072,2022-12-01,2.0,9.5,10.77,140000.0,1,0,1.27,13.36
T6546,2022-12-01,4.0,73.0,29.78,822.0,2,0,43.22,59.2
3155,2022-12-01,43.0,14.0,19.34,20437.04,25,0,5.34,38.16
715,2022-12-01,2.0,36.0,28.93,59.95,2,1,7.07,19.65
1608,2022-12-01,1.0,4.0,16.27,85000.0,1,0,12.27,306.68
4205,2022-12-01,3.0,8.0,19.85,3335.0,1,0,11.85,148.11
380,2022-12-01,8.0,1.0,13.44,66171.86,4,0,12.44,1243.81
906,2022-12-01,11.0,12.0,18.6,29600.0,5,0,6.6,55.04
1329,2022-12-01,5.0,24.0,21.36,20520.0,5,0,2.64,10.99
2407,2022-12-01,14.0,8.0,15.84,1591.67,6,0,7.84,98.03
T8720,2022-12-01,6.0,1.0,9.19,193.75,3,1,8.19,819.42
442,2022-12-01,2.0,61.0,32.22,38000.0,1,0,28.78,47.18
500,2022-12-01,2.0,58.0,32.71,15000.0,2,0,25.29,43.6
1607,2022-12-01,11.0,54.0,41.91,86860.71,7,0,12.09,22.38
1070,2022-12-01,6.5,29.5,25.75,172448.0,5,0,3.75,12.7
713,2022-12-01,21.0,32.0,32.88,1227.5,11,1,0.88,2.75
2052,2022-12-01,3.0,1.0,11.23,32732.48,2,0,10.23,1023.31
1798,2022-12-01,6.0,11.0,13.59,117346.21,4,0,2.59,23.55
241,2022-12-01,36.0,69.0,60.39,4163.33,15,1,8.61,12.48
1794,2022-12-01,1.0,7.0,14.2,22600.0,1,0,7.2,102.87
2283,2022-12-01,2.0,14.0,11.3,12500.0,1,0,2.7,19.28
2089,2022-12-01,1.0,15.0,11.3,21600.0,1,0,3.7,24.65
1712,2022-12-01,33.0,63.0,39.48,845.2,5,1,23.52,37.33
1749,2022-12-01,4.0,56.0,26.04,1018.33,3,0,29.96,53.5
2191,2022-12-01,14.0,12.0,16.49,209.43,7,1,4.49,37.39
1124,2022-12-01,15.0,34.0,16.98,6651.62,1,0,17.02,50.06
584,2022-12-01,9.0,34.0,24.27,27211.0,5,0,9.73,28.61
T6509,2022-12-01,26.0,14.0,15.6,256.88,4,1,1.6,11.39
961,2022-12-01,3.0,18.0,18.62,104805.0,2,0,0.62,3.43
879,2022-12-01,4.0,12.0,10.42,3000.0,2,0,1.58,13.17
2193,2022-12-01,6.0,1.0,8.78,2695.83,3,0,7.78,778.14
430,2022-12-01,6.0,56.0,39.55,34750.0,4,0,16.45,29.38
1114,2022-12-01,23.0,78.0,57.94,11666.74,4,0,20.06,25.72
622,2022-12-01,7.0,19.0,19.75,1723.38,4,0,0.75,3.93
220,2022-12-01,1.0,20.0,12.71,73000.0,1,0,7.29,36.45
637,2022-12-01,2.0,13.0,11.3,8000.0,1,0,1.7,13.09
2208,2022-12-01,2.0,8.0,15.24,1000.0,1,0,7.24,90.44
1115,2022-12-01,16.0,78.0,53.43,12226.62,2,0,24.57,31.5
357,2022-12-01,4.0,17.0,17.58,2133.33,3,0,0.58,3.4
T6512,2022-12-01,2.0,3.0,13.43,316.5,1,0,10.43,347.55
963,2022-12-01,10.0,5.0,7.31,168556.78,4,0,2.31,46.22
1113,2022-12-01,12.0,56.0,48.13,15808.75,6,0,7.87,14.05
221,2022-12-01,1.0,13.0,11.39,158250.0,1,0,1.61,12.39
1125,2022-12-01,30.0,22.0,21.05,13764.39,3,0,0.95,4.34
1281,2022-12-01,1.0,1.0,7.6,131875.0,1,0,6.6,660.04
518,2022-12-01,8.0,7.0,12.97,37276.92,4,0,5.97,85.32
369,2022-12-01,36.0,16.0,32.26,65045.43,10,0,16.26,101.65
T7129,2022-12-01,4.0,8.0,14.69,2500.0,1,0,6.69,83.59
1698,2022-12-01,4.0,51.0,21.35,3083.33,3,0,29.65,58.14
T7130,2022-12-01,15.0,41.0,27.13,3390.75,2,0,13.87,33.82
1766,2022-12-01,4.0,23.0,15.3,33857.88,1,0,7.7,33.46
218,2022-12-01,24.0,18.0,23.3,115940.0,5,0,5.3,29.42
1713,2022-12-01,2.0,3.0,11.89,1500.0,1,0,8.89,296.45
624,2022-12-01,5.0,29.0,31.11,712.83,3,0,2.11,7.28
873,2022-12-01,3.0,2.0,9.6,2500.0,1,0,7.6,380.0
862,2022-12-01,1.0,2.0,9.08,1002.25,1,0,7.08,354.23
545,2022-12-01,1.0,4.0,11.3,14242.5,1,0,7.3,182.59
1737,2022-12-01,15.0,13.0,18.81,99899.11,9,0,5.81,44.71
426,2022-12-01,7.0,26.0,19.62,31401.78,2,0,6.38,24.53
2160,2022-12-01,1.0,7.0,10.03,6610.0,1,0,3.03,43.34
2166,2022-12-01,5.0,20.0,11.97,23316.25,4,0,8.03,40.13
959,2022-12-01,4.0,43.0,27.01,120190.0,4,0,15.99,37.19
363,2022-12-01,13.0,46.0,51.06,1430.8,5,0,5.06,11.01
2167,2022-12-01,3.0,20.0,12.46,31333.33,3,0,7.54,37.72
1117,2022-12-01,4.0,32.0,24.23,24146.25,2,0,7.77,24.28
857,2022-12-01,4.0,42.0,34.96,3166.67,3,0,7.04,16.77
960,2022-12-01,4.0,36.0,23.19,110000.0,2,0,12.81,35.59
635,2022-12-01,8.0,39.0,28.12,12850.0,4,0,10.88,27.9
T6510,2022-12-01,10.0,12.0,20.22,256.88,2,1,8.22,68.49
425,2022-12-01,37.0,64.0,59.38,23866.42,5,0,4.62,7.21
2168,2022-12-01,1.0,2.0,9.5,31435.0,1,0,7.5,374.99
1731,2022-12-01,9.0,12.0,22.33,600.0,4,0,10.33,86.04
T6557,2022-12-01,3.0,20.0,11.57,1550.0,2,0,8.43,42.17
1123,2022-12-01,16.0,6.0,10.26,10813.0,3,0,4.26,70.96
1724,2022-12-01,2.0,8.0,15.22,10500.0,1,0,7.22,90.24
1116,2022-12-01,30.0,36.0,27.89,17513.75,5,0,8.11,22.52
544,2022-12-01,12.0,25.0,12.04,16042.5,11,0,12.96,51.83
1721,2022-12-01,2.0,6.0,7.59,4000.0,2,0,1.59,26.53
847,2022-12-01,1.0,3.0,8.08,7800.0,1,0,5.08,169.4
1265,2022-12-01,10.0,33.0,29.18,8624.0,5,0,3.82,11.59
594,2022-12-01,1.0,7.0,10.65,20000.0,1,0,3.65,52.2
358,2022-12-01,7.0,42.0,37.72,2305.25,4,0,4.28,10.19
546,2022-12-01,1.0,15.0,9.98,15000.0,1,0,5.02,33.5
2213,2022-12-01,5.0,2.0,20.06,95754.38,5,0,18.06,902.97
1112,2022-12-01,41.0,19.0,23.14,9655.22,12,0,4.14,21.77
638,2022-12-01,2.0,7.0,13.6,6330.0,2,0,6.6,94.34
1686,2022-12-01,2.0,7.0,14.06,16440.0,2,0,7.06,100.89
1293,2022-12-01,36.0,23.0,24.72,604.82,17,1,1.72,7.47
585,2022-12-01,2.0,16.0,16.49,28485.0,1,0,0.49,3.05
548,2022-12-01,7.0,1.0,11.12,8967.5,6,0,10.12,1012.44
2248,2022-12-01,6.0,13.0,11.08,2230.25,4,0,1.92,14.77
1784,2022-12-01,1.0,2.0,10.9,45000.0,1,0,8.9,444.86
T6327,2022-12-01,3.0,61.0,31.85,462.38,2,0,29.15,47.78
2256,2022-12-01,4.0,3.0,9.26,50000.0,2,0,6.26,208.67
753,2022-12-01,1.0,2.0,11.5,422.0,1,0,9.5,475.11
634,2022-12-01,23.0,59.0,48.15,456.14,10,1,10.85,18.39
2257,2022-12-01,2.0,20.0,11.02,2000.0,2,0,8.98,44.88
1257,2022-12-01,3.0,7.0,9.23,11250.0,2,0,2.23,31.87
349,2022-12-01,3.0,10.0,11.8,13000.0,3,0,1.8,17.95
2103,2022-12-01,2.0,3.0,16.76,750.0,1,0,13.76,458.83
748,2022-12-01,2.0,8.0,12.76,316.5,1,0,4.76,59.55
356,2022-12-01,4.0,5.0,16.24,40550.0,4,0,11.24,224.77
1786,2022-12-01,4.0,31.0,13.06,15000.0,2,0,17.94,57.89
1130,2022-12-01,14.0,2.0,10.03,23847.47,3,0,8.03,401.43
T5794,2022-12-01,3.0,46.0,25.68,300.0,1,0,20.32,44.18
969,2022-12-01,12.0,18.0,15.03,101935.14,5,0,2.97,16.48
2264,2022-12-01,12.0,10.0,11.71,116754.26,7,0,1.71,17.08
549,2022-12-01,24.0,20.0,43.6,5578.93,7,0,23.6,118.02
1679,2022-12-01,1.0,7.0,11.76,8000.0,1,0,4.76,67.94
736,2022-12-01,3.0,1.0,12.05,34333.33,3,0,11.05,1104.95
1098,2022-12-01,5.0,6.0,13.04,12400.0,5,0,7.04,117.29
1097,2022-12-01,2.0,36.0,19.14,10000.0,1,0,16.86,46.83
1090,2022-12-01,6.0,2.0,19.78,12836.53,1,0,17.78,888.86
644,2022-12-01,3.0,12.0,14.57,23930.83,3,0,2.57,21.4
1088,2022-12-01,2.0,11.0,10.97,22500.0,1,0,0.03,0.28
2247,2022-12-01,7.0,3.0,9.72,1527.5,3,0,6.72,224.08
1109,2022-12-01,21.0,26.0,24.65,6235.72,4,0,1.35,5.19
620,2022-12-01,10.0,77.0,49.94,1438.5,4,0,27.06,35.14
2246,2022-12-01,2.0,35.0,24.04,1000.0,1,0,10.96,31.3
547,2022-12-01,3.0,9.0,23.78,8250.0,2,0,14.78,164.22
2149,2022-12-01,6.0,18.0,8.86,94422.5,3,0,9.14,50.76
2234,2022-12-01,4.0,2.0,10.05,25000.0,2,0,8.05,402.59
1777,2022-12-01,10.0,56.0,35.93,20844.04,1,0,20.07,35.83
169,2022-12-01,4.0,1.0,8.17,6565.0,4,0,7.17,716.67
2238,2022-12-01,3.0,5.0,9.44,2400.0,3,0,4.44,88.88
T6329,2022-12-01,7.0,24.0,18.6,363.08,3,1,5.4,22.51
1111,2022-12-01,31.0,56.0,22.07,8178.04,9,0,33.93,60.58
2137,2022-12-01,2.0,4.0,13.66,13500.0,2,0,9.66,241.41
1782,2022-12-01,4.0,22.0,20.28,6330.0,2,0,1.72,7.8
966,2022-12-01,1.0,5.0,8.96,160000.0,1,0,3.96,79.18
2239,2022-12-01,4.0,18.0,15.06,3000.0,2,0,2.94,16.34
583,2022-12-01,8.0,27.0,16.59,40838.57,7,0,10.41,38.54
373,2022-12-01,6.0,2.0,8.51,54410.37,1,0,6.51,325.65
1128,2022-12-01,2.0,4.0,14.61,25320.0,1,0,10.61,265.22
1292,2022-12-01,8.0,34.0,30.61,5138.75,4,0,3.39,9.97
1110,2022-12-01,42.0,63.0,49.9,7089.87,6,0,13.1,20.8
1688,2022-12-01,38.0,65.0,50.11,1041.5,10,1,14.89,22.9
2240,2022-12-01,5.0,69.0,43.68,2603.13,4,0,25.32,36.69
T6555,2022-12-01,4.0,32.0,17.99,1318.75,1,0,14.01,43.78
64,2022-12-01,2.0,1.0,9.7,89500.0,2,0,8.7,869.59
507,2022-12-01,2.0,10.0,18.04,3200.0,1,0,8.04,80.37
T7161,2022-12-01,1.0,15.0,25.37,100.0,1,0,10.37,69.13
2244,2022-12-01,1.0,20.0,20.63,1000.0,1,0,0.63,3.13
432,2022-12-01,17.0,6.0,10.81,17733.9,4,0,4.81,80.16
967,2022-12-01,2.0,20.0,27.16,156140.0,1,0,7.16,35.81
621,2022-12-01,5.0,7.0,10.51,1100.0,3,0,3.51,50.19
2482,2022-12-01,257.0,44.0,42.52,1737.41,7,1,1.48,3.37
658,2022-12-01,154.0,68.0,63.42,3056.29,23,1,4.58,6.73
309,2022-12-01,2.0,39.0,34.02,47475.0,1,0,4.98,12.77
558,2022-12-01,6.0,2.0,9.24,4840.0,5,0,7.24,361.78
1014,2022-12-01,14.5,41.5,30.47,93727.61,10,0,11.03,26.58
455,2022-12-01,144.0,64.0,54.11,5976.47,16,1,9.89,15.46
270,2022-12-01,2.0,1.0,15.31,31650.0,1,0,14.31,1431.3
1403,2022-12-01,46.0,1.0,10.95,50577.93,2,0,9.95,995.15
626,2022-12-01,5.0,2.0,16.42,600.0,1,0,14.42,721.09
416,2022-12-01,8.0,10.0,11.24,49305.14,3,0,1.24,12.42
675,2022-12-01,5.0,2.0,8.73,19000.0,2,0,6.73,336.7
1405,2022-12-01,1.0,6.0,9.85,8500.0,1,0,3.85,64.21
T175,2022-12-01,22.0,36.0,36.54,156.19,4,1,0.54,1.51
BANDASPOOL,2022-12-01,7.0,28.0,21.52,9571.43,7,0,6.48,23.16
271,2022-12-01,6.0,22.0,19.88,30412.5,4,0,2.12,9.64
1496,2022-12-01,3.0,6.0,9.68,14150.0,2,0,3.68,61.29
1013,2022-12-01,29.0,61.0,40.48,94269.97,15,0,20.52,33.64
T6523,2022-12-01,15.0,11.0,12.11,554.17,6,1,1.11,10.1
1891,2022-12-01,3.0,18.0,15.72,107000.0,2,0,2.28,12.67
296,2022-12-01,1.0,3.0,13.55,20000.0,1,0,10.55,351.68
T9226,2022-12-01,2.0,39.0,19.1,205.5,2,0,19.9,51.02
1837,2022-12-01,2.0,2.0,9.69,27250.0,2,0,7.69,384.55
486,2022-12-01,7.0,18.0,9.75,74297.58,4,0,8.25,45.81
274,2022-12-01,21.0,9.0,15.99,4600.0,2,0,6.99,77.66
627,2022-12-01,14.0,26.0,19.45,506.88,7,1,6.55,25.2
1494,2022-12-01,1.0,32.0,21.74,18000.0,1,0,10.26,32.06
1012,2022-12-01,11.0,41.0,14.63,203458.07,4,0,26.37,64.3
410,2022-12-01,3.0,4.0,10.24,47475.0,2,0,6.24,155.92
457,2022-12-01,27.0,42.0,27.61,87670.83,12,0,14.39,34.26
1410,2022-12-01,9.0,17.0,13.28,63597.19,3,0,3.72,21.86
693,2022-12-01,4.0,2.0,9.86,6500.0,2,0,7.86,392.85
T105,2022-12-01,9.0,1.0,8.21,1112.1,5,0,7.21,720.72
458,2022-12-01,1.0,49.0,29.27,126600.0,1,0,19.73,40.27
297,2022-12-01,4.0,5.0,9.45,12000.0,4,0,4.45,89.1
397,2022-12-01,5.0,3.0,9.75,28275.75,2,0,6.75,224.98
1396,2022-12-01,12.0,56.0,29.19,23107.91,6,0,26.81,47.87
601,2022-12-01,1.0,10.0,10.23,13187.5,1,0,0.23,2.32
1017,2022-12-01,11.5,68.0,34.53,112896.8,5,0,33.47,49.22
698,2022-12-01,7.0,17.0,20.2,4120.0,6,0,3.2,18.81
1184,2022-12-01,18.0,45.0,49.04,15008.64,11,0,4.04,8.98
605,2022-12-01,7.0,72.0,22.27,4155.0,4,0,49.73,69.07
2660,2022-12-01,7.0,22.0,10.72,45714.29,7,0,11.28,51.25
573,2022-12-01,2.0,4.0,10.81,7000.0,2,0,6.81,170.27
532,2022-12-01,11.0,26.0,23.69,18422.5,6,0,2.31,8.87
1390,2022-12-01,4.0,2.0,11.43,66953.2,3,0,9.43,471.25
396,2022-12-01,24.0,66.0,43.73,35053.37,3,0,22.27,33.75
1896,2022-12-01,7.0,3.0,13.7,2036.67,3,0,10.7,356.74
300,2022-12-01,12.0,28.0,23.69,16165.91,11,0,4.31,15.39
1016,2022-12-01,2.0,8.0,16.52,132000.0,2,0,8.52,106.51
1206,2022-12-01,34.0,62.0,52.43,10244.23,26,0,9.57,15.44
159,2022-12-01,8.0,12.0,18.96,2500.0,2,0,6.96,58.0
535,2022-12-01,14.0,51.0,57.75,6150.0,13,0,6.75,13.24
998,2022-12-01,1.0,23.0,14.11,310000.0,1,0,8.89,38.67
152,2022-12-01,4.0,2.0,13.22,3000.0,2,0,11.22,561.16
1819,2022-12-01,8.0,6.0,13.38,51021.25,4,0,7.38,123.04
2685,2022-12-01,9.0,13.0,27.21,14732.79,7,0,14.21,109.32
919,2022-12-01,2.0,4.0,13.08,2500.0,2,0,9.08,226.89
151,2022-12-01,4.0,54.0,14.35,3500.0,2,0,39.65,73.42
697,2022-12-01,11.0,1.0,11.42,4373.75,2,0,10.42,1042.08
1395,2022-12-01,5.0,23.0,14.56,147611.72,3,0,8.44,36.71
1502,2022-12-01,2.0,25.0,9.85,10000.0,1,0,15.15,60.62
1895,2022-12-01,2.0,4.0,19.54,1000.0,1,0,15.54,388.41
182,2022-12-01,2.0,34.0,14.42,6000.0,1,0,19.58,57.59
561,2022-12-01,2.0,30.0,21.29,5802.5,1,0,8.71,29.02
673,2022-12-01,8.0,13.0,15.9,29385.0,4,0,2.9,22.31
1412,2022-12-01,1.0,4.0,10.13,10550.0,1,0,6.13,153.25
1009,2022-12-01,10.0,22.0,11.05,165000.0,5,0,10.95,49.76
692,2022-12-01,6.0,29.0,28.56,6000.0,3,0,0.44,1.51
2873,2022-12-01,3.0,7.0,10.63,3082.5,2,0,3.63,51.87
567,2022-12-01,19.0,68.0,38.57,15571.15,13,0,29.43,43.28
1200,2022-12-01,1.0,5.0,11.03,10500.0,1,0,6.03,120.6
686,2022-12-01,11.0,32.0,22.02,14959.88,5,0,9.98,31.18
T6525,2022-12-01,22.0,19.0,14.43,816.67,6,1,4.57,24.07
469,2022-12-01,3.0,13.0,11.03,17638.33,3,0,1.97,15.18
1458,2022-12-01,1.0,7.0,10.44,12000.0,1,0,3.44,49.21
533,2022-12-01,3.0,27.0,19.97,9000.0,3,0,7.03,26.05
1202,2022-12-01,5.0,37.0,30.18,10183.33,3,0,6.82,18.42
1003,2022-12-01,12.0,3.0,12.09,86914.75,6,0,9.09,303.09
1420,2022-12-01,1.0,18.0,10.35,16880.0,1,0,7.65,42.52
603,2022-12-01,3.0,3.0,10.31,8666.67,3,0,7.31,243.73
939,2022-12-01,2.0,16.0,10.05,143850.0,2,0,5.95,37.18
1421,2022-12-01,1.0,2.0,13.5,21100.0,1,0,11.5,575.25
1002,2022-12-01,10.0,5.0,15.28,89956.28,5,0,10.28,205.53
1463,2022-12-01,1.0,11.0,10.54,80000.0,1,0,0.46,4.2
29,2022-12-01,5.0,1.0,8.55,148172.34,2,0,7.55,755.07
288,2022-12-01,21.0,7.0,13.18,9000.0,6,0,6.18,88.34
407,2022-12-01,9.0,9.0,10.36,42476.34,2,0,1.36,15.11
470,2022-12-01,6.0,24.0,17.08,12455.0,5,0,6.92,28.83
1433,2022-12-01,3.0,2.0,9.14,31564.25,3,0,7.14,356.91
936,2022-12-01,14.0,73.0,49.44,62150.0,10,0,23.56,32.27
1868,2022-12-01,6.0,28.0,18.48,16853.97,1,0,9.52,34.02
685,2022-12-01,16.0,5.0,9.25,18247.5,4,0,4.25,85.01
1432,2022-12-01,1.0,2.0,10.23,110500.0,1,0,8.23,411.64
T98,2022-12-01,1.0,37.0,26.38,800.0,1,0,10.62,28.71
589,2022-12-01,5.0,34.0,22.32,9848.33,3,0,11.68,34.36
2879,2022-12-01,13.0,45.0,40.5,38384.62,13,0,4.5,10.0
1423,2022-12-01,32.0,18.0,21.51,3711.35,13,1,3.51,19.5
282,2022-12-01,2.0,14.0,9.66,15000.0,2,0,4.34,30.98
T6524,2022-12-01,7.0,40.0,13.01,712.83,3,0,26.99,67.48
401,2022-12-01,1.0,28.0,14.44,42000.0,1,0,13.56,48.44
2788,2022-12-01,1.0,12.0,9.53,2000.0,1,0,2.47,20.55
T134,2022-12-01,2.0,5.0,12.63,250.0,1,0,7.63,152.57
276,2022-12-01,11.0,58.0,41.46,17330.0,5,0,16.54,28.51
409,2022-12-01,5.0,18.0,10.06,56000.0,5,0,7.94,44.12
476,2022-12-01,1.0,8.0,11.48,155000.0,1,0,3.48,43.5
T9379,2022-12-01,9.0,48.0,30.65,1052.58,2,0,17.35,36.14
534,2022-12-01,1.0,10.0,14.5,7500.0,1,0,4.5,44.96
1888,2022-12-01,4.0,6.0,8.46,5650.0,2,0,2.46,40.98
690,2022-12-01,2.0,6.0,15.35,22750.0,2,0,9.35,155.87
1479,2022-12-01,1.0,55.0,34.33,500.0,1,0,20.67,37.59
564,2022-12-01,2.0,8.0,11.97,12000.0,1,0,3.97,49.61
1476,2022-12-01,20.0,12.0,17.31,3441.48,1,0,5.31,44.22
571,2022-12-01,3.0,12.0,26.19,12666.67,3,0,14.19,118.25
278,2022-12-01,6.0,1.0,15.08,4073.33,6,0,14.08,1407.8
681,2022-12-01,11.0,3.0,9.01,10314.29,7,0,6.01,200.3
280,2022-12-01,3.0,22.0,28.1,16293.33,3,0,6.1,27.73
1005,2022-12-01,8.0,45.0,31.11,91316.66,3,0,13.89,30.86
934,2022-12-01,1.0,34.0,15.84,12500.0,1,0,18.16,53.4
468,2022-12-01,4.0,1.0,9.93,20000.0,4,0,8.93,893.18
1196,2022-12-01,4.0,21.0,23.87,8220.0,2,0,2.87,13.65
1415,2022-12-01,2.0,20.0,9.08,147960.0,2,0,10.92,54.61
279,2022-12-01,2.0,20.0,18.0,3000.0,1,0,2.0,9.98
186,2022-12-01,2.0,50.0,29.81,8000.0,1,0,20.19,40.37
935,2022-12-01,42.0,3.0,11.71,5612.12,2,1,8.71,290.35
T9563,2022-12-01,13.0,27.0,27.8,203.67,6,1,0.8,2.97
290,2022-12-01,7.0,10.0,16.09,4665.0,3,0,6.09,60.91
1416,2022-12-01,2.0,7.0,7.98,160000.0,2,0,0.98,14.04
1004,2022-12-01,8.5,32.5,27.96,107625.0,8,0,4.54,13.96
1862,2022-12-01,1.0,12.0,11.21,3000.0,1,0,0.79,6.6
266,2022-12-01,3.0,5.0,9.93,20000.0,3,0,4.93,98.52
493,2022-12-01,5.0,4.0,10.41,30687.5,2,0,6.41,160.36
950,2022-12-01,2.0,34.0,28.21,108000.0,1,0,5.79,17.02
2556,2022-12-01,6.0,11.0,11.52,3000.0,4,0,0.52,4.77
2521,2022-12-01,4.0,7.0,15.31,18000.0,2,0,8.31,118.7
2522,2022-12-01,1.0,15.0,12.09,18000.0,1,0,2.91,19.37
1577,2022-12-01,2.0,30.0,22.68,50000.0,2,0,7.32,24.39
192,2022-12-01,3.0,28.0,25.64,9333.33,3,0,2.36,8.44
T8729,2022-12-01,3.0,30.0,24.0,650.0,2,0,6.0,20.01
2533,2022-12-01,20.0,35.0,24.86,12278.75,8,0,10.14,28.98
T8730,2022-12-01,1.0,15.0,16.01,1200.0,1,0,1.01,6.74
103,2022-12-01,1.0,7.0,11.31,8440.0,1,0,4.31,61.58
T6535,2022-12-01,1.0,44.0,17.15,791.25,1,0,26.85,61.03
1804,2022-12-01,5.0,8.0,9.94,130021.2,4,0,1.94,24.3
1572,2022-12-01,2.0,30.0,13.05,32000.0,1,0,16.95,56.49
556,2022-12-01,4.0,1.0,10.5,13476.67,3,0,9.5,949.91
1024,2022-12-01,4.0,6.0,11.98,80000.0,2,0,5.98,99.61
254,2022-12-01,2.0,5.0,8.63,12750.0,2,0,3.63,72.57
1370,2022-12-01,2.0,4.0,10.07,54500.0,2,0,6.07,151.7
662,2022-12-01,2.0,2.0,13.76,12000.0,2,0,11.76,587.81
916,2022-12-01,6.0,4.0,12.11,10714.5,5,0,8.11,202.65
1374,2022-12-01,12.0,4.0,15.55,13109.06,2,0,11.55,288.73
2542,2022-12-01,2.0,14.0,8.29,117681.48,1,0,5.71,40.77
1219,2022-12-01,12.0,4.0,9.63,15825.0,3,0,5.63,140.83
1023,2022-12-01,4.0,12.0,16.78,98877.5,4,0,4.78,39.87
1571,2022-12-01,6.0,2.0,14.6,71509.19,3,0,12.6,630.1
3050,2022-12-01,2.0,62.0,22.85,28500.0,2,0,39.15,63.15
538,2022-12-01,4.0,3.0,8.3,32462.5,4,0,5.3,176.7
2552,2022-12-01,2.0,9.0,11.93,15800.0,2,0,2.93,32.51
1043,2022-12-01,5.0,18.0,16.02,92983.33,3,0,1.98,11.0
1356,2022-12-01,4.0,9.0,13.09,89957.48,3,0,4.09,45.45
1926,2022-12-01,21.0,1.0,8.48,6000.0,2,0,7.48,747.54
420,2022-12-01,10.0,8.0,10.47,54515.91,3,0,2.47,30.93
5,2022-12-01,2.0,3.0,8.72,97500.0,2,0,5.72,190.7
1163,2022-12-01,17.0,18.0,20.83,403.67,6,1,2.83,15.71
385,2022-12-01,30.0,69.0,50.82,55373.44,8,0,18.18,26.34
908,2022-12-01,2.0,2.0,8.35,40000.0,1,0,6.35,317.41
1048,2022-12-01,6.0,36.0,22.22,57796.82,2,0,13.78,38.29
1231,2022-12-01,14.0,60.0,52.95,10136.36,10,0,7.05,11.76
1351,2022-12-01,2.0,20.0,12.85,10000.0,2,0,7.15,35.77
705,2022-12-01,37.0,50.0,11.94,3060.09,6,1,38.06,76.12
570,2022-12-01,4.0,8.0,20.05,17640.0,3,0,12.05,150.68
1587,2022-12-01,13.0,10.0,17.15,72939.12,3,0,7.15,71.51
1802,2022-12-01,7.0,6.0,11.45,238821.26,3,0,5.45,90.81
T8728,2022-12-01,21.0,12.0,21.15,650.0,6,1,9.15,76.24
T6521,2022-12-01,1.0,44.0,19.34,422.0,1,0,24.66,56.04
575,2022-12-01,1.0,16.0,12.42,6330.0,1,0,3.58,22.35
614,2022-12-01,2.0,2.0,10.15,4500.0,1,0,8.15,407.65
1047,2022-12-01,4.0,19.0,14.18,92033.74,2,0,4.82,25.38
2501,2022-12-01,1.0,64.0,36.24,280000.0,1,0,27.76,43.37
988,2022-12-01,6.0,10.0,12.78,157666.67,3,0,2.78,27.76
498,2022-12-01,3.0,2.0,10.64,18330.0,3,0,8.64,431.89
659,2022-12-01,69.0,37.0,26.53,2588.85,10,1,10.47,28.3
308,2022-12-01,1.0,9.0,11.42,21100.0,1,0,2.42,26.87
T232,2022-12-01,10.0,36.0,30.42,509.17,6,1,5.58,15.51
1581,2022-12-01,2.0,2.0,9.71,21250.0,1,0,7.71,385.45
704,2022-12-01,49.0,25.0,28.91,2458.82,12,1,3.91,15.63
191,2022-12-01,4.0,2.0,8.72,6250.0,2,0,6.72,336.11
1268,2022-12-01,4.0,24.0,12.12,5750.0,1,0,11.88,49.48
1380,2022-12-01,10.0,28.0,10.72,130763.69,3,0,17.28,61.7
1019,2022-12-01,8.0,19.0,12.8,90248.09,2,0,6.2,32.62
701,2022-12-01,4.0,11.0,12.54,4009.0,2,0,1.54,14.01
302,2022-12-01,1.0,4.0,13.58,30000.0,1,0,9.58,239.52
1559,2022-12-01,5.0,4.0,11.68,88000.0,2,0,7.68,192.01
557,2022-12-01,2.0,19.0,9.77,6600.0,1,0,9.23,48.57
1387,2022-12-01,6.0,20.0,15.47,118412.58,4,0,4.53,22.67
1908,2022-12-01,6.0,40.0,17.17,14513.33,3,0,22.83,57.08
1018,2022-12-01,2.0,45.0,20.21,146135.9,2,0,24.79,55.1
574,2022-12-01,5.0,43.0,25.24,6768.13,4,0,17.76,41.3
699,2022-12-01,2.0,9.0,11.98,4000.0,2,0,2.98,33.11
1020,2022-12-01,7.0,13.5,22.26,107615.03,5,0,8.76,64.85
301,2022-12-01,3.0,1.0,9.23,40000.0,3,0,8.23,822.69
495,2022-12-01,5.0,10.0,11.88,37407.0,5,0,1.88,18.84
T21,2022-12-01,3.0,31.0,27.09,50.0,1,1,3.91,12.62
181,2022-12-01,54.0,39.0,22.21,8710.0,5,1,16.79,43.06
1549,2022-12-01,2.0,8.0,11.04,38000.0,2,0,3.04,38.02
451,2022-12-01,1.0,45.0,20.21,32000.0,1,0,24.79,55.09
454,2022-12-01,2.0,19.0,12.16,24000.0,1,0,6.84,36.0
2637,2022-12-01,1.0,1.0,8.13,16000.0,1,0,7.13,712.92
417,2022-12-01,7.0,4.0,10.75,37503.0,5,0,6.75,168.7
1021,2022-12-01,1.0,23.0,21.68,90650.0,1,0,1.32,5.73
1534,2022-12-01,5.0,11.0,20.22,1700.0,2,0,9.22,83.84
1377,2022-12-01,2.0,8.0,8.31,114000.0,2,0,0.31,3.89
1902,2022-12-01,2.0,2.0,9.98,21000.0,1,0,7.98,398.82
264,2022-12-01,1.0,2.0,9.93,65000.0,1,0,7.93,396.38
3044,2022-12-01,3.0,41.0,18.38,36406.74,2,0,22.62,55.16
T8731,2022-12-01,2.0,2.0,9.76,1055.0,2,0,7.76,387.83
452,2022-12-01,4.0,11.0,8.92,38223.99,1,0,2.08,18.87
948,2022-12-01,2.0,12.0,14.82,188317.5,1,0,2.82,23.52
395,2022-12-01,5.0,2.0,7.84,47977.23,1,0,5.84,292.07
1169,2022-12-01,2.0,22.0,20.95,25000.0,2,0,1.05,4.76
262,2022-12-01,2.0,3.0,6.78,45000.0,2,0,3.78,125.99
1794,2022-11-01,1.0,1.0,10.79,23000.0,1,0,9.79,978.57
1800,2022-11-01,8.0,28.0,21.47,33760.0,4,0,6.53,23.33
420,2022-11-01,1.0,10.0,10.5,57000.0,1,0,0.5,5.01
624,2022-11-01,19.0,5.0,18.64,700.0,11,1,13.64,272.76
1796,2022-11-01,7.0,3.0,8.46,131235.78,3,0,5.46,181.88
959,2022-11-01,41.0,16.0,20.47,131803.11,13,0,4.47,27.91
1803,2022-11-01,2.0,10.0,6.97,232500.0,2,0,3.03,30.32
181,2022-11-01,18.0,54.0,22.2,10750.0,18,0,31.8,58.9
1749,2022-11-01,14.0,4.0,9.45,1027.5,6,1,5.45,136.15
183,2022-11-01,1.0,2.0,9.03,2000.0,1,0,7.03,351.4
1800,2022-11-01,28.0,1.0,17.28,31538.1,21,0,16.28,1627.89
1819,2022-11-01,5.0,39.0,18.02,36295.0,1,0,20.98,53.79
1802,2022-11-01,20.0,41.0,18.3,199809.36,13,0,22.7,55.36
1737,2022-11-01,12.0,15.0,9.96,119416.67,12,0,5.04,33.57
424,2022-11-01,16.0,9.0,10.36,53222.22,9,0,1.36,15.15
1802,2022-11-01,41.0,7.0,15.69,215278.43,30,0,8.69,124.14
407,2022-11-01,31.0,9.0,7.56,51518.27,4,0,1.44,15.96
4203,2022-11-01,108.0,29.0,23.92,4508.0,25,1,5.08,17.51
1747,2022-11-01,6.0,1.0,7.42,112948.5,1,0,6.42,642.47
424,2022-11-01,9.0,16.0,10.44,49301.79,7,0,5.56,34.75
959,2022-11-01,16.0,4.0,15.78,137785.71,14,0,11.78,294.6
1795,2022-11-01,2.0,1.0,8.22,44310.0,1,0,7.22,722.47
4204,2022-11-01,109.0,5.0,19.42,2800.0,30,1,14.42,288.45
1819,2022-11-01,39.0,8.0,7.83,52573.21,11,0,0.17,2.17
956,2022-11-01,102.0,50.5,50.86,176314.26,71,0,0.36,0.71
1737,2022-11-01,4.0,12.0,12.94,105500.0,2,0,0.94,7.82
408,2022-11-01,2.0,10.0,10.02,42000.0,1,0,0.02,0.24
417,2022-11-01,2.0,1.0,9.99,36500.0,2,0,8.99,899.49
181,2022-11-01,6.0,18.0,11.8,10275.0,6,0,6.2,34.42
425,2022-11-01,61.0,37.0,34.7,27026.2,23,0,2.3,6.21
4205,2022-11-01,2.0,74.0,50.35,3800.0,1,0,23.65,31.96
416,2022-11-01,19.0,8.0,8.5,59960.0,10,0,0.5,6.28
421,2022-11-01,32.0,4.0,9.04,47991.3,5,0,5.04,125.97
958,2022-11-01,49.0,11.0,19.5,148801.08,22,0,8.5,77.27
1824,2022-11-01,1.0,2.0,7.27,232100.0,1,0,5.27,263.67
1782,2022-11-01,14.0,4.0,11.14,6100.0,9,0,7.14,178.57
1843,2022-11-01,12.0,11.0,8.77,73513.78,1,0,2.23,20.26
1786,2022-11-01,22.0,4.0,10.05,11340.65,2,0,6.05,151.17
950,2022-11-01,13.0,2.0,7.98,130571.43,7,0,5.98,298.94
184,2022-11-01,2.0,5.0,9.07,4000.0,2,0,4.07,81.4
425,2022-11-01,71.0,61.0,47.11,24839.9,20,0,13.89,22.77
1777,2022-11-01,2.0,10.0,10.43,30000.0,2,0,0.43,4.26
1797,2022-11-01,3.0,5.0,9.56,67100.0,3,0,4.56,91.24
1797,2022-11-01,4.0,3.0,11.02,58709.64,3,0,8.02,267.39
1784,2022-11-01,11.0,4.0,10.58,46282.14,7,0,6.58,164.46
958,2022-11-01,6.0,49.0,39.77,127389.91,4,0,9.23,18.85
626,2022-11-01,5.0,29.0,14.46,616.5,2,0,14.54,50.13
1837,2022-11-01,13.0,2.0,9.94,26931.04,2,0,7.94,397.18
1784,2022-11-01,4.0,1.0,10.05,47500.0,2,0,9.05,905.47
950,2022-11-01,10.0,13.0,17.25,87774.75,2,0,4.25,32.67
1824,2022-11-01,11.0,1.0,8.37,125939.32,3,0,7.37,737.08
1777,2022-11-01,2.0,2.0,7.92,29000.0,1,0,5.92,295.85
1860,2022-11-01,5.0,2.0,11.16,7673.77,1,0,9.16,458.08
624,2022-11-01,22.0,19.0,27.92,711.55,9,1,8.92,46.93
1803,2022-11-01,10.0,3.0,7.08,238103.15,4,0,4.08,135.85
4205,2022-11-01,74.0,3.0,12.44,3980.0,10,1,9.44,314.79
954,2022-11-01,3.0,7.0,8.2,158000.0,2,0,1.2,17.2
948,2022-11-01,1.5,3.0,9.08,81779.34,1,0,6.08,202.53
417,2022-11-01,1.0,7.0,9.51,42000.0,1,0,2.51,35.82
1804,2022-11-01,13.0,1.0,11.15,120076.59,7,0,10.15,1015.42
182,2022-11-01,3.0,2.0,9.26,6800.0,3,0,7.26,362.86
1766,2022-11-01,3.0,4.0,8.63,44310.0,3,0,4.63,115.7
1796,2022-11-01,3.0,7.0,10.2,98307.33,1,0,3.2,45.74
947,2022-11-01,54.0,13.0,15.43,221673.61,30,0,2.43,18.66
626,2022-11-01,29.0,5.0,12.88,604.55,11,1,7.88,157.64
186,2022-11-01,45.0,2.0,8.75,6300.0,5,1,6.75,337.26
1804,2022-11-01,1.0,5.0,9.4,145000.0,1,0,4.4,87.92
186,2022-11-01,43.0,45.0,22.02,4000.33,3,1,22.98,51.07
409,2022-11-01,3.0,5.0,8.56,65000.0,2,0,3.56,71.18
1798,2022-11-01,11.0,6.0,7.67,117654.54,7,0,1.67,27.92
947,2022-11-01,12.0,54.0,27.49,155880.26,5,0,26.51,49.09
957,2022-11-01,108.5,72.0,58.69,160726.93,56,0,13.31,18.49
948,2022-11-01,3.0,2.0,10.59,211333.33,3,0,8.59,429.28
1649,2022-11-01,2.0,13.0,10.19,6678.75,2,0,2.81,21.62
426,2022-11-01,2.0,27.0,10.58,36000.0,1,0,16.42,60.8
1556,2022-11-01,3.0,20.0,26.87,56512.5,2,0,6.87,34.37
992,2022-11-01,1.5,10.0,8.14,150000.0,3,0,1.86,18.55
993,2022-11-01,3.0,7.0,8.26,98023.67,2,0,1.26,17.98
993,2022-11-01,7.0,2.0,7.26,155000.0,7,0,5.26,263.05
451,2022-11-01,2.0,6.0,10.69,32000.0,2,0,4.69,78.18
451,2022-11-01,6.0,1.0,9.32,34850.0,6,0,8.32,832.13
1559,2022-11-01,4.0,5.0,9.63,93380.0,4,0,4.63,92.59
452,2022-11-01,10.0,4.0,7.11,40325.53,1,0,3.11,77.85
994,2022-11-01,4.0,22.0,9.94,126600.0,2,0,12.06,54.81
994,2022-11-01,22.0,16.0,9.11,134577.02,11,0,6.89,43.08
1556,2022-11-01,20.0,25.0,19.62,60080.0,20,0,5.38,21.5
996,2022-11-01,2.0,5.0,8.98,93000.0,2,0,3.98,79.59
998,2022-11-01,1.0,1.0,7.62,192200.0,1,0,6.62,661.76
1549,2022-11-01,5.0,2.0,9.26,38000.0,3,0,7.26,362.8
610,2022-11-01,1.0,6.0,8.89,4000.0,1,0,2.89,48.13
1537,2022-11-01,2.0,1.0,7.06,530000.0,2,0,6.06,606.07
1534,2022-11-01,302.0,5.0,10.75,1376.98,3,1,5.75,114.95
997,2022-11-01,6.0,8.0,10.04,79125.0,6,0,2.04,25.45
997,2022-11-01,8.0,13.0,10.88,88916.67,6,0,2.12,16.34
1530,2022-11-01,2.0,8.0,7.87,4700.0,2,0,0.13,1.69
1530,2022-11-01,1.0,2.0,8.87,5000.0,1,0,6.87,343.66
1525,2022-11-01,1.0,19.0,9.19,22000.0,1,0,9.81,51.63
605,2022-11-01,34.0,7.0,9.56,3635.0,10,1,2.56,36.61
1571,2022-11-01,11.0,6.0,9.61,95725.0,8,0,3.61,60.19
611,2022-11-01,83.0,23.0,13.38,3488.97,1,1,9.62,41.83
1572,2022-11-01,9.0,33.0,10.49,33760.0,3,0,22.51,68.2
1572,2022-11-01,33.0,2.0,13.78,31277.75,4,0,11.78,589.21
443,2022-11-01,7.0,16.0,11.51,46500.0,5,0,4.49,28.09
1590,2022-11-01,8.0,3.0,9.21,29166.67,6,0,6.21,206.86
159,2022-11-01,122.0,8.0,11.79,3318.18,22,1,3.79,47.35
988,2022-11-01,12.0,4.0,9.4,110770.44,3,0,5.4,134.96
988,2022-11-01,4.0,6.0,7.78,184500.0,2,0,1.78,29.66
1588,2022-11-01,8.0,3.0,11.69,13134.03,1,0,8.69,289.63
444,2022-11-01,1.0,27.0,9.37,55000.0,1,0,17.63,65.31
444,2022-11-01,27.0,4.0,7.11,52462.39,5,0,3.11,77.82
1587,2022-11-01,8.0,13.0,10.46,115250.0,4,0,2.54,19.56
1587,2022-11-01,29.0,8.0,12.77,93705.81,14,0,4.77,59.58
990,2022-11-01,7.0,2.0,8.6,96086.66,1,0,6.6,330.21
1581,2022-11-01,16.0,2.0,10.81,15074.61,2,0,8.81,440.35
990,2022-11-01,2.0,10.0,8.23,150000.0,1,0,1.77,17.68
991,2022-11-01,3.0,3.0,7.6,135000.0,3,0,4.6,153.27
614,2022-11-01,7.0,2.0,14.39,4521.43,7,0,12.39,619.41
1580,2022-11-01,3.0,1.0,6.79,11333.33,3,0,5.79,578.57
1580,2022-11-01,7.0,3.0,6.42,4312.84,1,0,3.42,114.12
1577,2022-11-01,3.0,2.0,13.97,52500.0,1,0,11.97,598.57
1577,2022-11-01,1.0,3.0,12.45,51695.0,1,0,9.45,314.88
611,2022-11-01,23.0,1.0,9.58,8975.0,20,0,8.58,858.22
992,2022-11-01,26.0,1.5,6.8,93126.52,5,0,5.3,353.63
605,2022-11-01,6.0,34.0,9.58,4166.67,3,0,24.42,71.84
152,2022-11-01,16.0,4.0,12.95,2500.0,8,0,8.95,223.63
426,2022-11-01,27.0,7.0,9.28,40136.36,22,0,2.28,32.58
147,2022-11-01,1.0,1.0,7.91,46000.0,1,0,6.91,691.27
T130,2022-11-01,5.0,47.0,35.89,100.0,5,1,11.11,23.65
468,2022-11-01,104.0,4.0,8.4,6216.71,1,1,4.4,109.91
1479,2022-11-01,59.0,1.0,13.61,500.0,22,1,12.61,1261.0
1476,2022-11-01,1.0,20.0,15.39,6000.0,1,0,4.61,23.06
1476,2022-11-01,3.0,1.0,12.56,5802.5,1,0,11.56,1156.19
T131,2022-11-01,12.0,32.0,25.41,51.38,2,1,6.59,20.6
T131,2022-11-01,32.0,4.0,15.49,100.0,10,1,11.49,287.13
1475,2022-11-01,40.0,3.0,12.07,2800.0,2,1,9.07,302.35
469,2022-11-01,50.0,11.0,10.8,11300.72,2,0,0.2,1.86
469,2022-11-01,11.0,3.0,9.62,21000.0,10,0,6.62,220.52
147,2022-11-01,12.0,1.0,7.24,44049.38,4,0,6.24,623.89
152,2022-11-01,1.0,16.0,14.25,4000.0,1,0,1.75,10.96
1463,2022-11-01,10.0,1.0,8.52,68966.67,6,0,7.52,752.28
1463,2022-11-01,5.0,10.0,11.38,27900.0,1,0,1.38,13.75
1458,2022-11-01,11.0,1.0,8.69,17272.73,11,0,7.69,768.74
1458,2022-11-01,4.0,11.0,9.75,21915.0,4,0,1.25,11.36
603,2022-11-01,2.0,3.0,8.71,9000.0,2,0,5.71,190.32
603,2022-11-01,3.0,2.0,8.83,8655.83,3,0,6.83,341.57
1433,2022-11-01,45.0,3.0,6.01,31564.25,1,0,3.01,100.17
T132,2022-11-01,2.0,48.0,34.62,100.0,1,0,13.38,27.88
1432,2022-11-01,2.0,1.0,8.55,112000.0,2,0,7.55,754.52
1432,2022-11-01,21.0,2.0,6.69,96507.7,4,0,4.69,234.54
1485,2022-11-01,47.0,6.0,9.52,13821.81,6,0,3.52,58.71
1485,2022-11-01,6.0,5.0,10.18,16050.0,6,0,5.18,103.61
467,2022-11-01,1.0,5.0,8.78,89675.0,1,0,3.78,75.52
1486,2022-11-01,41.0,13.0,9.39,25558.82,4,0,3.61,27.74
455,2022-11-01,22.0,68.0,48.85,6330.0,9,0,19.15,28.16
1502,2022-11-01,2.0,2.0,8.36,8192.5,2,0,6.36,318.25
150,2022-11-01,16.0,51.0,18.47,4000.0,8,0,32.53,63.78
150,2022-11-01,2.0,16.0,16.99,4000.0,1,0,0.99,6.18
1498,2022-11-01,12.0,4.0,11.44,11985.71,7,0,7.44,185.88
1498,2022-11-01,8.0,12.0,9.51,11500.0,2,0,2.49,20.76
1497,2022-11-01,4.0,5.0,15.19,14981.0,2,0,10.19,203.83
604,2022-11-01,4.0,22.0,9.15,4110.0,4,0,12.85,58.43
BANDASPOOL,2022-11-01,17.0,5.0,20.96,33200.0,8,0,15.96,319.22
BANDASPOOL,2022-11-01,5.0,7.0,14.67,11000.0,5,0,7.67,109.63
1495,2022-11-01,12.0,2.0,9.5,16000.0,3,0,7.5,375.05
1495,2022-11-01,2.0,12.0,14.4,16880.0,1,0,2.4,20.03
457,2022-11-01,39.0,13.0,40.08,59345.02,6,0,27.08,208.31
457,2022-11-01,13.0,27.0,21.78,89957.14,7,0,5.22,19.33
T0040,2022-11-01,4.0,44.0,20.95,422.0,1,0,23.05,52.39
T0040,2022-11-01,44.0,3.0,10.94,400.0,11,1,7.94,264.81
1494,2022-11-01,10.0,1.0,13.0,16833.33,3,0,12.0,1199.75
1494,2022-11-01,6.0,10.0,15.72,18100.5,2,0,5.72,57.22
T105,2022-11-01,1.0,9.0,9.11,1200.0,1,0,0.11,1.2
458,2022-11-01,5.0,1.0,8.3,140000.0,5,0,7.3,730.19
1486,2022-11-01,13.0,5.0,8.98,26992.03,2,0,3.98,79.62
443,2022-11-01,1.0,7.0,18.53,47475.0,1,0,11.53,164.68
1592,2022-11-01,46.0,12.0,15.54,58829.98,13,0,3.54,29.52
1592,2022-11-01,12.0,3.0,14.31,67605.98,3,0,11.31,377.11
967,2022-11-01,24.5,2.0,13.61,171424.69,13,0,11.61,580.69
964,2022-11-01,4.0,16.0,8.96,168000.0,4,0,7.04,43.99
1695,2022-11-01,103.0,14.0,20.05,11200.0,3,1,6.05,43.24
169,2022-11-01,7.0,4.0,7.81,7528.57,7,0,3.81,95.14
169,2022-11-01,3.0,7.0,8.15,6220.0,3,0,1.15,16.48
966,2022-11-01,3.0,1.0,8.38,159262.5,4,0,7.38,738.09
432,2022-11-01,1.0,2.0,9.43,19350.0,1,0,7.43,371.63
432,2022-11-01,2.0,17.0,9.04,20700.0,1,0,7.96,46.83
967,2022-11-01,2.0,24.5,22.39,146644.17,1,0,2.11,8.62
1688,2022-11-01,68.0,38.0,23.84,1113.64,22,1,14.16,37.27
1688,2022-11-01,32.0,68.0,27.45,1012.22,9,1,40.55,59.64
620,2022-11-01,25.0,10.0,12.44,1500.0,16,1,2.44,24.41
984,2022-11-01,8.0,3.0,8.51,46034.15,1,0,5.51,183.68
620,2022-11-01,2.0,25.0,19.0,1438.5,2,0,6.0,24.0
1687,2022-11-01,1.0,7.0,12.26,1400.0,1,0,5.26,75.17
1687,2022-11-01,7.0,1.0,16.03,1323.83,3,0,15.03,1503.4
969,2022-11-01,47.0,10.0,13.2,100144.71,10,0,3.2,32.03
969,2022-11-01,10.0,12.0,11.58,124600.0,5,0,0.42,3.48
1686,2022-11-01,43.0,2.0,8.98,13920.0,5,0,6.98,349.07
1686,2022-11-01,4.0,43.0,12.33,16000.0,2,0,30.67,71.32
1685,2022-11-01,15.0,4.0,6.88,16950.0,2,0,2.88,72.05
1679,2022-11-01,13.0,1.0,13.65,6925.0,8,0,12.65,1265.11
1677,2022-11-01,67.0,2.0,9.11,4547.05,1,1,7.11,355.29
964,2022-11-01,5.0,4.0,7.53,137149.76,3,0,3.53,88.25
1698,2022-11-01,4.0,5.0,7.33,2637.5,2,0,2.33,46.62
1698,2022-11-01,5.0,4.0,7.46,2500.0,5,0,3.46,86.43
622,2022-11-01,10.0,7.0,12.98,1763.42,6,0,5.98,85.38
1732,2022-11-01,139.0,27.0,25.35,1050.0,16,1,1.65,6.11
4264,2022-11-01,80.0,14.0,20.76,7636.98,33,1,6.76,48.27
960,2022-11-01,2.0,7.0,14.58,112500.0,2,0,7.58,108.21
960,2022-11-01,7.0,4.0,10.04,128714.29,7,0,6.04,151.11
623,2022-11-01,66.0,55.0,40.93,1300.0,30,1,14.07,25.58
623,2022-11-01,27.0,66.0,37.35,1306.25,9,1,28.65,43.41
1731,2022-11-01,201.0,9.0,12.44,380.28,2,1,3.44,38.19
1724,2022-11-01,18.0,2.0,17.44,10657.14,7,0,15.44,771.85
1724,2022-11-01,21.0,18.0,22.08,7900.73,2,0,4.08,22.68
1721,2022-11-01,3.0,2.0,7.76,4150.0,3,0,5.76,287.99
1719,2022-11-01,1.0,10.0,8.28,1582.5,1,0,1.72,17.19
961,2022-11-01,1.0,10.0,12.06,102000.0,1,0,2.06,20.65
961,2022-11-01,10.0,3.0,9.21,120000.0,10,0,6.21,206.83
1713,2022-11-01,447.0,2.0,8.03,794.31,17,1,6.03,301.48
430,2022-11-01,5.0,17.0,23.1,36397.5,3,0,6.1,35.88
430,2022-11-01,17.0,6.0,12.14,41571.43,14,0,6.14,102.37
1712,2022-11-01,214.0,33.0,19.95,746.49,11,1,13.05,39.55
622,2022-11-01,7.0,7.0,10.9,2500.0,5,0,3.9,55.69
963,2022-11-01,4.0,10.0,8.22,144328.88,4,0,1.78,17.8
431,2022-11-01,84.0,40.0,25.03,41322.22,63,1,14.97,37.44
1706,2022-11-01,2.0,2.0,6.95,8280.0,1,0,4.95,247.34
434,2022-11-01,10.0,35.0,26.03,27111.11,9,0,8.97,25.64
434,2022-11-01,35.0,12.0,12.9,27000.0,24,0,0.9,7.5
970,2022-11-01,2.0,8.0,10.59,19232.17,1,0,2.59,32.43
1617,2022-11-01,2.0,16.0,8.6,6678.75,2,0,7.4,46.25
1610,2022-11-01,36.0,1.0,7.92,77597.44,1,0,6.92,692.12
977,2022-11-01,3.0,13.0,7.83,42000.0,3,0,5.17,39.77
977,2022-11-01,13.0,4.0,6.88,37989.77,2,0,2.88,71.93
1608,2022-11-01,11.0,1.0,13.81,89863.64,11,0,12.81,1280.6
1608,2022-11-01,16.0,11.0,20.39,78600.61,6,0,9.39,85.36
442,2022-11-01,3.0,10.0,16.64,36925.0,3,0,6.64,66.4
442,2022-11-01,10.0,2.0,11.12,36375.0,8,0,9.12,455.94
1607,2022-11-01,41.0,11.0,22.1,89988.0,25,0,11.1,100.92
1607,2022-11-01,53.0,41.0,36.66,82199.69,14,0,4.34,10.58
615,2022-11-01,16.0,3.0,8.12,6300.0,7,0,5.12,170.82
615,2022-11-01,2.0,16.0,9.49,5500.0,2,0,6.51,40.71
978,2022-11-01,1.0,4.0,9.52,170000.0,1,0,5.52,138.03
978,2022-11-01,4.0,29.0,14.43,194666.67,3,0,14.57,50.26
160,2022-11-01,12.0,52.0,20.77,10716.67,12,0,31.23,60.06
160,2022-11-01,6.0,12.0,10.64,10091.67,6,0,1.36,11.37
979,2022-11-01,2.0,5.0,7.24,158000.0,1,0,2.24,44.75
979,2022-11-01,5.0,2.0,8.37,190000.0,5,0,6.37,318.52
1599,2022-11-01,2.0,1.0,8.68,6165.0,2,0,7.68,767.76
1593,2022-11-01,7.0,2.0,9.02,69357.41,4,0,7.02,350.84
1593,2022-11-01,4.0,7.0,11.63,64150.0,2,0,4.63,66.17
982,2022-11-01,12.0,12.0,7.49,141324.71,8,0,4.51,37.58
1610,2022-11-01,1.0,5.0,8.9,321800.0,1,0,3.9,78.08
1617,2022-11-01,16.0,1.0,5.88,6500.0,5,0,4.88,488.25
1672,2022-11-01,1.0,8.0,9.17,82374.15,1,0,1.17,14.66
617,2022-11-01,2.0,4.0,8.72,5000.0,1,0,4.72,118.07
1670,2022-11-01,1.0,1.0,7.7,160000.0,1,0,6.7,670.17
1667,2022-11-01,51.0,17.0,16.81,161945.9,29,0,0.19,1.11
1667,2022-11-01,21.0,51.0,24.51,156163.52,8,0,26.49,51.95
971,2022-11-01,4.0,49.0,18.29,114000.0,1,0,30.71,62.68
971,2022-11-01,49.0,11.0,10.34,134052.36,22,0,0.66,5.98
166,2022-11-01,4.0,7.0,6.97,6150.0,4,0,0.03,0.46
1863,2022-11-01,1.0,4.0,8.01,2000.0,1,0,4.01,100.15
435,2022-11-01,6.0,1.0,11.91,20772.64,1,0,10.91,1091.09
1647,2022-11-01,56.0,10.0,11.7,40968.58,27,0,1.7,16.99
1647,2022-11-01,11.0,56.0,20.91,25687.57,2,0,35.09,62.66
1640,2022-11-01,17.0,2.0,8.58,143063.33,12,0,6.58,328.93
618,2022-11-01,2.0,1.0,6.85,2300.0,1,0,5.85,585.29
1637,2022-11-01,1.0,2.0,8.33,300000.0,1,0,6.33,316.53
1637,2022-11-01,4.0,1.0,9.53,187990.69,2,0,8.53,852.73
1636,2022-11-01,7.0,2.0,7.89,193676.79,6,0,5.89,294.48
1636,2022-11-01,4.0,7.0,9.88,127718.76,2,0,2.88,41.2
44,2022-11-01,1.0,4.0,9.39,31650.0,1,0,5.39,134.7
44,2022-11-01,4.0,2.0,9.13,30500.0,4,0,7.13,356.39
972,2022-11-01,10.0,1.0,8.71,218707.39,2,0,7.71,770.76
972,2022-11-01,1.0,14.0,15.29,197000.0,1,0,1.29,9.2
617,2022-11-01,4.0,10.0,7.86,5783.33,3,0,2.14,21.41
407,2022-11-01,1.0,31.0,11.68,48000.0,1,0,19.32,62.32
570,2022-11-01,35.0,4.0,13.23,16917.65,17,0,9.23,230.71
936,2022-11-01,34.0,14.0,23.13,60752.94,34,0,9.13,65.24
2499,2022-11-01,4.0,5.0,7.65,1.0,1,1,2.65,53.07
2506,2022-11-01,4.0,3.0,9.7,7000.0,4,0,6.7,223.48
2506,2022-11-01,72.0,4.0,9.53,5643.74,4,1,5.53,138.27
659,2022-11-01,24.0,69.0,25.81,3064.29,14,0,43.19,62.6
2501,2022-11-01,17.0,1.0,9.33,227058.82,17,0,8.33,832.61
2501,2022-11-01,6.0,17.0,17.15,193393.93,3,0,0.15,0.87
659,2022-11-01,3.0,24.0,17.7,2647.67,3,0,6.3,26.27
705,2022-11-01,3.0,11.0,9.1,3000.0,3,0,1.9,17.29
705,2022-11-01,11.0,37.0,10.39,3533.33,6,0,26.61,71.92
2500,2022-11-01,2.0,1.0,7.01,102541.13,2,0,6.01,601.32
2500,2022-11-01,3.0,2.0,7.86,59363.03,1,0,5.86,293.03
250,2022-11-01,110.0,2.0,11.13,4325.16,2,1,9.13,456.43
707,2022-11-01,6.0,34.0,15.12,2545.83,3,0,18.88,55.54
2499,2022-11-01,3.0,4.0,7.77,211295.01,3,0,3.77,94.22
2460,2022-11-01,1.0,10.0,8.8,48476.55,1,0,1.2,12.04
309,2022-11-01,129.0,15.0,22.34,37232.25,6,1,7.34,48.97
309,2022-11-01,15.0,2.0,36.69,42533.33,15,0,34.69,1734.41
708,2022-11-01,2.0,37.0,15.12,1750.0,1,0,21.88,59.14
2481,2022-11-01,17.0,4.0,10.08,40000.0,17,0,6.08,151.88
2481,2022-11-01,2.0,17.0,9.81,57760.0,2,0,7.19,42.31
312,2022-11-01,1.0,6.0,12.82,84400.0,1,0,6.82,113.67
709,2022-11-01,2.0,4.0,11.56,1582.5,1,0,7.56,188.99
709,2022-11-01,4.0,34.0,11.82,1587.5,4,0,22.18,65.25
2480,2022-11-01,1.0,1.0,6.55,20000.0,1,0,5.55,555.42
2475,2022-11-01,23.0,1.0,11.86,1125.0,8,1,10.86,1086.03
2475,2022-11-01,31.0,23.0,14.58,943.82,3,1,8.42,36.61
247,2022-11-01,207.0,9.0,8.47,6482.47,2,1,0.53,5.93
251,2022-11-01,131.0,22.0,33.99,30014.54,117,1,11.99,54.52
2519,2022-11-01,4.0,8.0,8.51,44062.6,4,0,0.51,6.33
252,2022-11-01,218.0,70.0,63.99,23241.32,213,2,6.01,8.59
704,2022-11-01,55.0,49.0,23.91,2930.0,25,1,25.09,51.21
3044,2022-11-01,31.0,3.0,9.61,42340.33,7,0,6.61,220.24
261,2022-11-01,1.0,3.0,9.92,30000.0,1,0,6.92,230.63
261,2022-11-01,3.0,1.0,11.17,29540.0,3,0,10.17,1016.66
702,2022-11-01,21.0,22.0,10.48,4000.0,12,0,11.52,52.35
2577,2022-11-01,2.0,1.0,7.44,131947.84,1,0,6.44,644.27
2556,2022-11-01,4.0,6.0,8.08,3500.0,4,0,2.08,34.72
2556,2022-11-01,10.0,4.0,11.68,1816.26,1,0,7.68,192.02
3050,2022-11-01,1.0,2.0,9.15,28200.0,1,0,7.15,357.73
666,2022-11-01,200.0,42.0,54.42,1310.82,194,2,12.42,29.58
2551,2022-11-01,10.0,23.0,10.0,263.75,1,1,13.0,56.54
255,2022-11-01,126.0,3.0,7.97,9154.62,5,1,4.97,165.74
2542,2022-11-01,3.0,2.0,9.04,135645.01,2,0,7.04,351.91
2542,2022-11-01,1.0,3.0,8.77,158250.0,1,0,5.77,192.24
662,2022-11-01,6.0,2.0,13.52,12000.0,6,0,11.52,576.04
254,2022-11-01,4.0,2.0,9.99,12750.0,4,0,7.99,399.51
254,2022-11-01,38.0,4.0,7.07,10475.6,3,0,3.07,76.72
662,2022-11-01,41.0,6.0,12.82,10965.33,7,0,6.82,113.73
2536,2022-11-01,22.0,1.0,8.31,14776.64,2,0,7.31,731.35
2533,2022-11-01,6.0,20.0,16.76,12683.33,3,0,3.24,16.21
2533,2022-11-01,6.0,6.0,20.39,12330.0,4,0,14.39,239.82
2521,2022-11-01,6.0,4.0,19.57,18833.33,6,0,15.57,389.35
2521,2022-11-01,39.0,6.0,15.84,1659.65,2,1,9.84,164.03
308,2022-11-01,29.0,17.0,10.11,17984.4,5,0,6.89,40.5
308,2022-11-01,17.0,1.0,10.81,20770.59,17,0,9.81,981.03
704,2022-11-01,6.0,55.0,22.16,2522.92,6,0,32.84,59.71
2460,2022-11-01,10.0,3.0,6.47,224565.21,4,0,3.47,115.79
246,2022-11-01,1.0,3.0,7.65,12700.0,1,0,4.65,155.16
234,2022-11-01,10.0,1.0,7.34,61195.38,3,0,6.34,633.85
725,2022-11-01,11.0,34.0,16.07,1072.73,11,0,17.93,52.74
65,2022-11-01,20.0,2.0,5.88,58156.44,4,0,3.88,193.76
720,2022-11-01,5.0,5.0,12.38,611.0,3,0,7.38,147.61
720,2022-11-01,5.0,5.0,11.76,600.0,2,0,6.76,135.11
317,2022-11-01,4.0,5.0,8.54,50000.0,4,0,3.54,70.73
2389,2022-11-01,39.0,16.0,17.74,18206.9,29,0,1.74,10.9
2389,2022-11-01,34.0,39.0,25.7,11934.81,9,0,13.3,34.11
723,2022-11-01,16.0,1.0,11.33,422.0,2,1,10.33,1033.42
3173,2022-11-01,1.0,8.0,10.23,20000.0,1,0,2.23,27.83
2388,2022-11-01,2.0,6.0,12.42,17000.0,2,0,6.42,107.03
2388,2022-11-01,50.0,2.0,10.77,12366.41,5,0,8.77,438.53
648,2022-11-01,4.0,1.0,8.31,5000.0,4,0,7.31,730.67
725,2022-11-01,6.0,11.0,11.89,825.0,2,0,0.89,8.12
2384,2022-11-01,1.0,1.0,8.05,47475.0,1,0,7.05,705.13
246,2022-11-01,29.0,1.0,5.43,8177.9,3,0,4.43,442.92
647,2022-11-01,16.0,2.0,8.31,7000.0,16,0,6.31,315.68
726,2022-11-01,1.0,2.0,10.27,633.0,1,0,8.27,413.47
2383,2022-11-01,1.0,8.0,8.24,7385.0,1,0,0.24,3.03
238,2022-11-01,1.0,6.0,8.24,300000.0,1,0,2.24,37.31
318,2022-11-01,4.0,8.0,8.48,25000.0,3,0,0.48,6.03
318,2022-11-01,8.0,1.0,9.04,20250.0,8,0,8.04,803.57
3193,2022-11-01,42.0,6.0,10.6,2047.73,4,1,4.6,76.59
728,2022-11-01,1.0,29.0,22.02,500.0,1,0,6.98,24.06
647,2022-11-01,2.0,16.0,8.87,6165.0,2,0,7.13,44.53
2347,2022-11-01,2.0,45.0,14.37,15000.0,2,0,30.63,68.07
2346,2022-11-01,6.0,2.0,13.12,3500.0,1,0,11.12,556.04
2343,2022-11-01,173.0,18.0,35.14,20934.68,38,1,17.14,95.23
3157,2022-11-01,11.0,10.0,9.72,135318.18,11,0,0.28,2.84
3157,2022-11-01,14.0,11.0,9.61,128042.0,5,0,1.39,12.59
2394,2022-11-01,61.0,3.0,11.09,11886.36,22,1,8.09,269.61
240,2022-11-01,2.0,1.0,6.47,255000.0,2,0,5.47,547.46
2453,2022-11-01,6.0,1.0,7.01,81333.33,6,0,6.01,601.37
2438,2022-11-01,1.0,3.0,9.69,1300.0,1,0,6.69,222.84
2437,2022-11-01,14.0,2.0,7.83,15800.0,14,0,5.83,291.74
2437,2022-11-01,2.0,14.0,9.11,15000.0,2,0,4.89,34.9
710,2022-11-01,12.0,30.0,13.58,1577.27,9,0,16.42,54.75
2430,2022-11-01,2.0,7.0,8.11,1200.0,2,0,1.11,15.83
313,2022-11-01,3.0,16.0,15.6,116666.67,3,0,0.4,2.52
712,2022-11-01,2.0,2.0,8.29,1055.0,1,0,6.29,314.28
313,2022-11-01,16.0,3.0,13.29,99837.5,16,0,10.29,342.86
243,2022-11-01,108.0,2.0,7.82,1579.69,4,1,5.82,291.08
713,2022-11-01,41.0,21.0,26.95,1224.0,24,1,5.95,28.31
241,2022-11-01,256.0,36.0,34.74,4172.87,30,1,1.26,3.49
713,2022-11-01,21.0,21.0,22.91,938.24,17,1,1.91,9.09
714,2022-11-01,170.0,46.0,32.8,997.03,41,1,13.2,28.7
2408,2022-11-01,4.0,2.0,7.34,2900.0,4,0,5.34,267.01
2408,2022-11-01,4.0,4.0,8.49,2568.75,2,0,4.49,112.27
2407,2022-11-01,8.0,14.0,14.61,2100.0,4,0,0.61,4.36
2407,2022-11-01,10.0,8.0,19.88,1500.0,3,0,11.88,148.52
3155,2022-11-01,24.0,12.0,15.87,20388.24,17,0,3.87,32.23
3155,2022-11-01,12.0,43.0,28.82,21000.0,12,0,14.18,32.98
715,2022-11-01,10.0,10.0,14.64,826.4,5,0,4.64,46.36
715,2022-11-01,10.0,2.0,12.18,800.0,6,0,10.18,508.78
2406,2022-11-01,28.0,15.0,18.43,102.2,5,1,3.43,22.89
2404,2022-11-01,38.0,10.0,12.15,7034.62,11,0,2.15,21.54
719,2022-11-01,3.0,4.0,13.52,800.0,1,0,9.52,237.95
3044,2022-11-01,2.0,31.0,13.48,42000.0,1,0,17.52,56.53
263,2022-11-01,4.0,6.0,8.93,50687.5,4,0,2.93,48.76
263,2022-11-01,6.0,8.0,9.4,43900.0,2,0,1.4,17.55
277,2022-11-01,41.0,2.0,5.4,1721.74,1,1,3.4,170.06
291,2022-11-01,1.0,2.0,8.48,14800.0,1,0,6.48,323.79
689,2022-11-01,28.0,41.0,26.07,7197.93,1,0,14.93,36.4
278,2022-11-01,20.0,6.0,18.44,3180.0,20,0,12.44,207.41
278,2022-11-01,71.0,20.0,19.05,3362.86,4,1,0.95,4.76
681,2022-11-01,5.0,11.0,11.1,10480.0,5,0,0.1,0.92
681,2022-11-01,73.0,5.0,9.94,6451.33,2,1,4.94,98.79
690,2022-11-01,6.0,2.0,13.29,13394.15,1,0,11.29,564.64
292,2022-11-01,23.0,2.0,8.25,7303.48,5,0,6.25,312.29
2778,2022-11-01,10.0,5.0,8.94,12000.0,10,0,3.94,78.77
2778,2022-11-01,15.0,10.0,7.91,9250.67,3,0,2.09,20.87
292,2022-11-01,2.0,1.0,10.29,8400.0,2,0,9.29,929.22
692,2022-11-01,112.0,6.0,23.11,6012.5,8,1,17.11,285.23
276,2022-11-01,47.0,11.0,11.54,13145.14,14,0,0.54,4.88
2637,2022-11-01,1.0,1.0,7.11,16000.0,1,0,6.11,610.61
276,2022-11-01,3.0,47.0,20.8,17000.0,2,0,26.2,55.75
693,2022-11-01,1.0,10.0,11.82,3606.09,1,0,1.82,18.25
693,2022-11-01,10.0,4.0,12.44,6600.0,4,0,8.44,210.93
2757,2022-11-01,21.0,36.0,17.37,21246.15,13,0,18.63,51.75
2757,2022-11-01,4.0,21.0,10.87,25000.0,2,0,10.13,48.22
2752,2022-11-01,2.0,1.0,7.57,7400.0,1,0,6.57,657.11
2752,2022-11-01,16.0,2.0,11.15,5494.62,3,0,9.15,457.57
296,2022-11-01,63.0,1.0,11.6,18112.39,5,0,10.6,1059.52
2751,2022-11-01,2.0,2.0,10.08,10600.0,1,0,8.08,403.98
2751,2022-11-01,18.0,2.0,7.26,4224.25,1,0,5.26,262.9
2745,2022-11-01,2.0,2.0,7.76,6000.0,2,0,5.76,288.12
2745,2022-11-01,14.0,2.0,10.65,1886.31,1,0,8.65,432.61
279,2022-11-01,116.0,21.0,13.89,1925.4,2,1,7.11,33.85
279,2022-11-01,21.0,2.0,13.34,1491.67,12,1,11.34,566.84
688,2022-11-01,9.0,2.0,19.45,14147.44,3,0,17.45,872.34
291,2022-11-01,46.0,1.0,5.97,5795.48,3,1,4.97,496.68
685,2022-11-01,10.0,6.0,10.17,14820.26,3,0,4.17,69.48
2879,2022-11-01,52.0,13.0,22.21,23644.23,49,0,9.21,70.87
2879,2022-11-01,15.0,52.0,44.5,70266.67,15,0,7.5,14.42
685,2022-11-01,6.0,16.0,11.21,18500.0,2,0,4.79,29.92
2875,2022-11-01,24.0,1.0,9.67,23213.04,8,0,8.67,866.57
2875,2022-11-01,1.0,24.0,7.66,30000.0,1,0,16.34,68.08
288,2022-11-01,37.0,3.0,11.01,8024.56,4,0,8.01,267.02
2874,2022-11-01,1.0,13.0,7.62,29540.0,1,0,5.38,41.41
288,2022-11-01,3.0,21.0,15.69,10000.0,2,0,5.31,25.29
684,2022-11-01,11.0,3.0,15.99,16084.02,6,0,12.99,433.17
2869,2022-11-01,6.0,20.0,20.99,31416.67,6,0,0.99,4.94
686,2022-11-01,16.0,8.0,17.61,14093.14,3,0,9.61,120.08
2868,2022-11-01,2.0,11.0,8.33,20700.0,1,0,2.67,24.24
286,2022-11-01,9.0,1.0,9.11,6075.0,8,0,8.11,811.34
286,2022-11-01,116.0,9.0,9.7,4671.53,6,1,0.7,7.8
284,2022-11-01,43.0,42.0,13.8,3655.17,29,1,28.2,67.14
284,2022-11-01,28.0,43.0,21.95,4093.75,4,0,21.05,48.95
686,2022-11-01,8.0,11.0,15.93,16333.33,6,0,4.93,44.81
290,2022-11-01,249.0,2.0,18.62,4289.02,9,1,16.62,830.88
282,2022-11-01,15.0,2.0,8.91,15533.33,9,0,6.91,345.54
282,2022-11-01,71.0,15.0,8.44,13435.86,4,1,6.56,43.74
280,2022-11-01,57.0,3.0,17.96,27064.29,14,0,14.96,498.6
280,2022-11-01,237.0,57.0,34.41,13643.04,8,1,22.59,39.62
290,2022-11-01,2.0,7.0,15.88,5500.0,1,0,8.88,126.85
687,2022-11-01,5.0,6.0,11.48,11522.81,2,0,5.48,91.34
274,2022-11-01,49.0,21.0,12.9,8363.64,11,1,8.1,38.58
274,2022-11-01,55.0,49.0,18.29,7305.49,4,1,30.71,62.68
296,2022-11-01,1.0,1.0,19.78,27400.0,1,0,18.78,1877.51
268,2022-11-01,2.0,9.0,12.51,30000.0,2,0,3.51,38.98
671,2022-11-01,3.0,6.0,10.11,4000.0,3,0,4.11,68.53
698,2022-11-01,2.0,9.0,18.67,4220.0,1,0,9.67,107.49
2675,2022-11-01,2.0,7.0,7.83,238900.0,1,0,0.83,11.91
2670,2022-11-01,16.0,9.0,26.37,1091.67,3,1,17.37,193.03
2670,2022-11-01,39.0,16.0,21.24,1084.01,2,1,5.24,32.76
2660,2022-11-01,3.0,7.0,16.29,30466.67,3,0,9.29,132.73
2660,2022-11-01,18.0,3.0,20.55,70277.78,16,0,17.55,585.01
698,2022-11-01,9.0,7.0,13.36,4500.0,5,0,6.36,90.84
266,2022-11-01,13.0,3.0,8.98,23222.22,9,0,5.98,199.38
266,2022-11-01,4.0,13.0,7.7,20000.0,4,0,5.3,40.8
699,2022-11-01,1.0,2.0,12.1,4250.0,1,0,10.1,505.15
699,2022-11-01,2.0,2.0,12.18,3500.0,1,0,10.18,508.93
301,2022-11-01,27.0,26.0,10.37,31164.56,5,0,15.63,60.12
301,2022-11-01,26.0,3.0,12.6,27225.0,8,0,9.6,320.07
2645,2022-11-01,200.0,11.0,12.17,189.21,1,1,1.17,10.59
302,2022-11-01,7.0,10.0,8.83,6372.72,1,0,1.17,11.67
700,2022-11-01,11.0,21.0,27.98,4649.5,10,0,6.98,33.24
700,2022-11-01,21.0,72.0,34.25,3414.29,14,0,37.75,52.44
302,2022-11-01,10.0,1.0,7.58,20320.0,10,0,6.58,658.16
303,2022-11-01,90.0,40.0,9.39,4576.35,2,1,30.61,76.52
264,2022-11-01,8.0,1.0,8.48,68600.0,8,0,7.48,748.49
264,2022-11-01,1.0,8.0,8.66,68575.0,1,0,0.66,8.3
303,2022-11-01,40.0,16.0,11.15,5000.0,2,1,4.85,30.34
3043,2022-11-01,1.0,2.5,8.25,327000.0,1,0,5.75,229.87
701,2022-11-01,1.0,4.0,11.93,3800.0,1,0,7.93,198.31
268,2022-11-01,54.0,2.0,13.39,21586.82,3,0,11.39,569.62
300,2022-11-01,18.0,12.0,28.5,12738.89,9,0,16.5,137.48
2726,2022-11-01,16.0,1.0,11.25,15050.25,2,0,10.25,1024.69
300,2022-11-01,44.0,18.0,24.61,13879.87,8,0,6.61,36.73
272,2022-11-01,2.0,1.0,9.18,42000.0,2,0,8.18,818.32
694,2022-11-01,104.0,16.0,19.51,5000.0,35,1,3.51,21.93
2962,2022-11-01,212.0,8.6,19.81,6896.25,4,1,11.21,130.33
271,2022-11-01,39.0,6.0,14.28,30521.05,19,0,8.28,138.0
271,2022-11-01,40.0,39.0,28.37,23403.08,3,0,10.63,27.26
2962,2022-11-01,8.6,3.0,21.39,9500.0,3,0,18.39,613.01
675,2022-11-01,1.0,5.0,13.01,20000.0,1,0,8.01,160.24
695,2022-11-01,104.0,29.0,23.55,5619.49,68,1,5.45,18.79
297,2022-11-01,64.0,21.0,11.9,10144.86,4,1,9.1,43.34
297,2022-11-01,21.0,4.0,9.73,10800.0,3,0,5.73,143.37
270,2022-11-01,1.0,2.0,10.19,30000.0,1,0,8.19,409.45
270,2022-11-01,30.0,1.0,9.51,26002.19,4,0,8.51,851.18
3,2022-11-01,7.0,1.0,8.32,12700.0,7,0,7.32,731.79
696,2022-11-01,3.0,22.0,15.82,4000.0,3,0,6.18,28.07
696,2022-11-01,22.0,2.0,9.54,4683.33,12,0,7.54,377.1
673,2022-11-01,72.0,8.0,10.53,26224.6,23,0,2.53,31.57
673,2022-11-01,2.0,72.0,21.68,29540.0,2,0,50.32,69.89
269,2022-11-01,30.0,3.0,23.84,31441.67,12,0,20.84,694.67
269,2022-11-01,33.0,30.0,16.55,26359.95,4,0,13.45,44.84
697,2022-11-01,1.0,2.0,9.95,4747.5,1,0,7.95,397.43
697,2022-11-01,2.0,11.0,10.54,4700.0,2,0,0.46,4.18
2689,2022-11-01,3.0,1.0,9.48,12000.0,3,0,8.48,848.05
2689,2022-11-01,32.0,3.0,11.09,3645.0,1,1,8.09,269.61
2685,2022-11-01,15.0,9.0,33.47,21228.57,14,0,24.47,271.85
2685,2022-11-01,61.0,15.0,22.74,17700.13,15,0,7.74,51.6
234,2022-11-01,1.0,3.0,7.64,85000.0,1,0,4.64,154.69
729,2022-11-01,2.0,4.0,14.07,316.5,1,0,10.07,251.65
936,2022-11-01,16.0,34.0,39.89,61650.0,16,0,5.89,17.34
907,2022-11-01,64.0,3.0,9.18,21973.15,4,0,6.18,206.05
2074,2022-11-01,14.0,43.0,25.82,1282.56,5,0,17.18,39.95
38,2022-11-01,40.0,16.0,13.75,242713.09,6,0,2.25,14.09
38,2022-11-01,16.0,2.0,9.51,266750.0,16,0,7.51,375.34
633,2022-11-01,88.0,2.0,15.81,904.88,41,1,13.81,690.74
2062,2022-11-01,25.0,1.0,6.6,7924.61,2,0,5.6,560.25
2058,2022-11-01,3.0,5.0,8.72,15150.0,3,0,3.72,74.41
906,2022-11-01,81.0,11.0,14.08,27643.95,15,0,3.08,28.04
2052,2022-11-01,19.0,3.0,9.14,50139.66,8,0,6.14,204.62
631,2022-11-01,87.0,22.0,36.58,1097.92,47,1,14.58,66.29
630,2022-11-01,177.0,63.0,61.15,1678.38,73,1,1.85,2.94
2049,2022-11-01,62.0,3.0,13.56,8956.72,5,1,10.56,351.86
907,2022-11-01,1.0,64.0,25.31,32000.0,1,0,38.69,60.45
2042,2022-11-01,200.0,52.0,51.16,82.5,4,1,0.84,1.61
1935,2022-11-01,5.0,2.0,11.03,13000.0,5,0,9.03,451.34
2039,2022-11-01,320.0,50.0,28.92,3103.3,2,1,21.08,42.16
2036,2022-11-01,28.0,18.0,12.09,3000.0,7,1,5.91,32.86
2036,2022-11-01,29.0,28.0,12.42,2416.51,3,1,15.58,55.63
2032,2022-11-01,1.0,2.0,7.83,1200.0,1,0,5.83,291.39
385,2022-11-01,19.0,33.0,28.0,57340.0,13,0,5.0,15.15
1978,2022-11-01,5.0,1.0,7.34,5333.33,3,0,6.34,633.78
1963,2022-11-01,6.0,27.0,11.75,7000.0,3,0,15.25,56.49
1943,2022-11-01,4.0,2.0,9.64,700.0,1,0,7.64,382.1
385,2022-11-01,33.0,30.0,22.17,60410.0,29,0,7.83,26.11
909,2022-11-01,3.0,9.0,14.73,8080.0,2,0,5.73,63.72
1942,2022-11-01,1.0,7.0,12.76,700.0,1,0,5.76,82.25
1942,2022-11-01,4.0,1.0,11.23,700.0,2,0,10.23,1022.93
2074,2022-11-01,43.0,20.0,14.08,1100.0,18,1,5.92,29.59
905,2022-11-01,107.0,2.0,11.08,25006.5,11,1,9.08,454.22
2077,2022-11-01,12.0,41.0,19.17,11000.0,9,0,21.83,53.26
2078,2022-11-01,8.0,2.0,10.62,5388.33,5,0,8.62,430.96
2149,2022-11-01,8.0,6.0,6.94,96603.87,4,0,0.94,15.73
2149,2022-11-01,20.0,8.0,6.88,56890.26,2,0,1.12,13.95
2137,2022-11-01,28.0,2.0,7.8,9234.44,1,0,5.8,290.0
370,2022-11-01,108.0,45.0,29.01,97384.62,65,0,15.99,35.54
882,2022-11-01,235.0,55.0,54.32,159.13,2,1,0.68,1.24
2136,2022-11-01,101.0,2.0,9.31,333.0,2,1,7.31,365.58
374,2022-11-01,2.0,2.0,7.51,71212.5,1,0,5.51,275.52
889,2022-11-01,35.0,26.0,31.08,500.0,1,1,5.08,19.53
2113,2022-11-01,1.0,34.0,12.36,68000.0,1,0,21.64,63.66
634,2022-11-01,86.0,23.0,23.48,501.0,50,1,0.48,2.07
2103,2022-11-01,21.0,2.0,11.09,500.0,15,1,9.09,454.25
2103,2022-11-01,10.0,21.0,20.63,506.88,8,1,0.37,1.76
889,2022-11-01,26.0,5.0,22.4,500.0,1,1,17.4,347.96
890,2022-11-01,87.0,5.0,19.4,460.0,5,1,14.4,288.0
2088,2022-11-01,3.0,1.0,8.86,3900.0,3,0,7.86,786.28
2081,2022-11-01,26.0,5.0,7.87,25000.0,13,0,2.87,57.36
2081,2022-11-01,53.0,26.0,10.37,15016.86,2,0,15.63,60.1
375,2022-11-01,2.0,19.0,19.37,46000.0,2,0,0.37,1.96
208,2022-11-01,22.0,4.0,8.87,165363.64,22,0,4.87,121.85
208,2022-11-01,4.0,22.0,14.77,101965.01,1,0,7.23,32.87
375,2022-11-01,19.0,5.0,14.68,50853.33,15,0,9.68,193.5
1423,2022-11-01,103.0,9.0,16.33,3963.21,7,1,7.33,81.48
904,2022-11-01,8.0,47.0,13.15,27812.5,8,0,33.85,72.03
904,2022-11-01,47.0,2.0,11.23,21376.06,6,0,9.23,461.62
379,2022-11-01,8.0,6.0,7.42,105000.0,4,0,1.42,23.59
1941,2022-11-01,7.0,12.0,8.27,117857.14,7,0,3.73,31.06
1935,2022-11-01,2.0,5.0,9.77,13563.0,2,0,4.77,95.5
322,2022-11-01,2.0,10.0,8.82,65000.0,1,0,1.18,11.81
1888,2022-11-01,17.0,4.0,6.7,3540.0,15,0,2.7,67.44
1892,2022-11-01,1.0,5.0,10.37,3000.0,1,0,5.37,107.42
398,2022-11-01,1.0,5.0,10.41,38000.0,1,0,5.41,108.18
929,2022-11-01,71.0,45.0,33.64,133652.88,63,0,11.36,25.25
1891,2022-11-01,15.0,3.0,9.3,123500.0,14,0,6.3,210.14
1891,2022-11-01,1.0,15.0,12.47,112000.0,1,0,2.53,16.89
627,2022-11-01,32.0,14.0,9.51,500.0,22,1,4.49,32.07
1890,2022-11-01,10.0,4.0,12.33,2600.0,4,0,8.33,208.34
1890,2022-11-01,4.0,10.0,14.39,2568.75,2,0,4.39,43.89
401,2022-11-01,28.0,1.0,9.28,42359.18,4,0,8.28,828.49
627,2022-11-01,2.0,32.0,15.79,500.0,1,0,16.21,50.67
189,2022-11-01,1.0,3.0,11.21,15800.0,1,0,8.21,273.65
189,2022-11-01,2.0,1.0,8.48,7500.5,2,0,7.48,747.87
1888,2022-11-01,4.0,17.0,9.78,6725.5,3,0,7.22,42.47
1929,2022-11-01,4.0,8.0,10.69,114000.0,2,0,2.69,33.68
934,2022-11-01,12.0,1.0,10.13,12250.0,12,0,9.13,912.94
935,2022-11-01,25.0,42.0,17.08,7860.68,2,0,24.92,59.34
406,2022-11-01,1.0,2.0,9.95,39562.5,1,0,7.95,397.25
1874,2022-11-01,20.0,16.0,16.33,23100.0,12,0,0.33,2.03
1873,2022-11-01,23.0,26.0,11.82,23129.41,17,0,14.18,54.53
1873,2022-11-01,12.0,23.0,15.52,19370.4,4,0,7.48,32.51
406,2022-11-01,2.0,29.0,12.57,43000.0,1,0,16.43,56.66
1871,2022-11-01,1.0,10.0,12.12,12252.24,1,0,2.12,21.19
1870,2022-11-01,2.0,3.0,11.33,6278.13,1,0,8.33,277.5
187,2022-11-01,9.0,6.0,11.4,8433.33,9,0,5.4,89.97
187,2022-11-01,9.0,9.0,12.5,1.0,1,1,3.5,38.94
1868,2022-11-01,3.0,6.0,9.97,25000.0,2,0,3.97,66.17
1892,2022-11-01,5.0,11.0,11.06,3000.0,5,0,0.06,0.57
1893,2022-11-01,72.0,11.0,16.14,10905.32,1,1,5.14,46.75
929,2022-11-01,15.0,71.0,63.0,128055.56,9,0,8.0,11.27
1895,2022-11-01,76.0,16.0,21.61,819.74,11,1,5.61,35.06
1925,2022-11-01,1.0,2.0,7.96,12000.0,1,0,5.96,297.84
388,2022-11-01,6.0,2.0,10.11,70000.0,3,0,8.11,405.33
192,2022-11-01,37.0,3.0,11.25,9608.11,37,0,8.25,274.87
192,2022-11-01,7.0,37.0,26.38,9057.86,7,0,10.62,28.7
388,2022-11-01,2.0,4.0,8.19,72800.0,2,0,4.19,104.65
915,2022-11-01,21.0,22.0,11.69,7031.25,8,0,10.31,46.88
395,2022-11-01,2.0,5.0,7.55,76300.0,1,0,2.55,51.09
191,2022-11-01,12.0,4.0,11.01,3165.5,2,0,7.01,175.13
629,2022-11-01,7.0,3.0,13.52,2400.0,6,0,10.52,350.52
1908,2022-11-01,20.0,6.0,13.67,12819.63,6,0,7.67,127.88
1908,2022-11-01,2.0,20.0,10.2,14500.0,1,0,9.8,49.01
629,2022-11-01,14.0,7.0,13.44,2408.0,7,0,6.44,92.03
1902,2022-11-01,6.0,2.0,11.4,20733.33,3,0,9.4,470.16
916,2022-11-01,2.0,4.0,12.08,11000.0,2,0,8.08,201.91
916,2022-11-01,4.0,6.0,13.45,10000.0,4,0,7.45,124.09
190,2022-11-01,47.0,48.0,27.83,7214.29,7,1,20.17,42.02
190,2022-11-01,1.0,47.0,26.9,1.0,1,1,20.1,42.76
396,2022-11-01,8.0,19.0,20.63,39500.0,4,0,1.63,8.59
1897,2022-11-01,49.0,2.0,8.32,1308.47,3,1,6.32,315.98
396,2022-11-01,19.0,24.0,17.69,42000.0,11,0,6.31,26.29
919,2022-11-01,4.0,2.0,10.3,2475.0,4,0,8.3,415.01
1896,2022-11-01,15.0,7.0,17.07,2000.0,6,0,10.07,143.81
1896,2022-11-01,116.0,15.0,20.01,1497.52,5,1,5.01,33.43
397,2022-11-01,39.0,5.0,7.63,34970.43,8,0,2.63,52.53
1895,2022-11-01,16.0,2.0,25.05,1228.57,7,1,23.05,1152.39
37,2022-11-01,6.0,1.0,9.89,196605.49,2,0,8.89,889.48
215,2022-11-01,5.0,1.0,6.58,113200.0,5,0,5.58,558.35
2153,2022-11-01,2.0,9.0,9.57,2625.0,1,0,0.57,6.38
2244,2022-11-01,47.0,20.0,14.58,751.81,5,1,5.42,27.1
2257,2022-11-01,9.0,2.0,7.41,2036.67,3,0,5.41,270.58
2256,2022-11-01,3.0,4.0,8.86,50916.67,3,0,4.86,121.4
225,2022-11-01,3.0,11.0,9.09,480666.67,3,0,1.91,17.39
225,2022-11-01,2.0,3.0,8.56,480025.0,2,0,5.56,185.26
2248,2022-11-01,2.0,6.0,10.08,2700.0,2,0,4.08,68.07
2248,2022-11-01,5.0,2.0,9.85,1770.38,2,0,7.85,392.7
2247,2022-11-01,8.0,7.0,14.9,1500.0,2,0,7.9,112.84
2246,2022-11-01,9.0,2.0,12.55,1710.0,5,0,10.55,527.46
2246,2022-11-01,90.0,9.0,12.56,1122.6,6,1,3.56,39.54
355,2022-11-01,2.0,2.0,7.54,31650.0,2,0,5.54,276.76
355,2022-11-01,2.0,1.0,10.94,36500.0,2,0,9.94,993.58
2244,2022-11-01,20.0,1.0,10.44,1100.0,7,1,9.44,944.31
64,2022-11-01,7.0,2.0,8.96,83696.05,2,0,6.96,347.81
369,2022-11-01,18.0,36.0,22.89,78092.31,13,0,13.11,36.41
2240,2022-11-01,9.0,5.0,15.33,2420.0,5,0,10.33,206.64
2240,2022-11-01,48.0,9.0,19.89,2390.66,9,1,10.89,121.04
64,2022-11-01,11.0,7.0,10.42,73287.3,5,0,3.42,48.8
791,2022-11-01,2.0,21.0,10.94,1000.0,1,0,10.06,47.89
791,2022-11-01,21.0,2.0,7.5,500.0,11,1,5.5,274.92
2239,2022-11-01,22.0,4.0,18.05,3468.18,11,0,14.05,351.29
2239,2022-11-01,54.0,22.0,14.93,2504.25,3,1,7.07,32.12
792,2022-11-01,6.0,5.0,9.56,600.0,1,0,4.56,91.27
794,2022-11-01,3.0,52.0,7.91,2275.0,2,0,44.09,84.79
797,2022-11-01,1.0,2.0,8.94,633.0,1,0,6.94,347.24
2238,2022-11-01,4.0,3.0,9.43,2500.0,4,0,6.43,214.24
2238,2022-11-01,1.0,4.0,9.19,2400.0,1,0,5.19,129.81
753,2022-11-01,1.0,1.0,9.34,422.0,1,0,8.34,833.95
349,2022-11-01,14.0,3.0,7.74,12300.0,14,0,4.74,157.93
349,2022-11-01,1.0,14.0,9.61,12660.0,1,0,4.39,31.38
748,2022-11-01,2.0,2.0,10.09,1500.0,1,0,8.09,404.58
2335,2022-11-01,130.0,17.0,22.38,1260.0,2,1,5.38,31.64
2327,2022-11-01,10.0,2.0,13.69,11790.0,2,0,11.69,584.25
2327,2022-11-01,27.0,10.0,9.99,14359.64,2,0,0.01,0.06
2319,2022-11-01,2.0,11.0,13.88,3000.0,2,0,2.88,26.21
2319,2022-11-01,2.0,2.0,13.01,3000.0,1,0,11.01,550.5
2318,2022-11-01,4.0,6.0,15.32,2500.0,1,0,9.32,155.27
2316,2022-11-01,109.0,4.0,17.57,1822.22,9,1,13.57,339.36
2315,2022-11-01,1.0,33.0,8.7,1500.0,1,0,24.3,73.64
323,2022-11-01,1.0,1.0,10.21,60000.0,1,0,9.21,921.02
323,2022-11-01,1.0,1.0,9.79,63300.0,1,0,8.79,879.28
2311,2022-11-01,2.0,6.0,28.92,21100.0,1,0,22.92,381.97
324,2022-11-01,1.0,10.0,7.12,40000.0,1,0,2.88,28.82
2309,2022-11-01,18.0,4.5,10.85,100832.5,3,0,6.35,141.2
337,2022-11-01,3.0,3.0,7.13,105000.0,3,0,4.13,137.55
337,2022-11-01,3.0,2.0,7.97,126228.9,2,0,5.97,298.56
736,2022-11-01,1.0,25.0,10.89,35000.0,1,0,14.11,56.45
2283,2022-11-01,42.0,2.0,9.79,13000.0,4,0,7.79,389.41
2283,2022-11-01,20.0,42.0,12.52,10054.64,4,0,29.48,70.19
736,2022-11-01,25.0,3.0,8.29,35085.76,21,0,5.29,176.36
2281,2022-11-01,200.0,6.0,14.93,152.32,1,1,8.93,148.8
227,2022-11-01,2.0,5.0,7.06,70000.0,2,0,2.06,41.18
227,2022-11-01,6.0,2.0,7.33,57450.0,2,0,5.33,266.44
2264,2022-11-01,16.0,12.0,10.17,119662.85,7,0,1.83,15.28
2264,2022-11-01,5.0,16.0,14.58,114213.31,3,0,1.42,8.86
644,2022-11-01,2.0,3.0,16.3,24792.5,2,0,13.3,443.43
2228,2022-11-01,2.0,2.0,9.88,28500.0,2,0,7.88,393.97
2228,2022-11-01,1.0,2.0,10.12,27000.0,1,0,8.12,405.92
356,2022-11-01,31.0,4.0,17.14,38686.96,23,0,13.14,328.38
850,2022-11-01,4.0,18.0,17.55,675.0,2,0,0.45,2.48
2168,2022-11-01,10.0,1.0,8.7,31855.56,9,0,7.7,769.96
2168,2022-11-01,23.0,10.0,8.22,12961.87,5,0,1.78,17.82
857,2022-11-01,6.0,29.0,23.29,3000.0,3,0,5.71,19.7
857,2022-11-01,29.0,4.0,11.51,3122.22,9,1,7.51,187.66
2167,2022-11-01,16.0,3.0,9.81,28406.25,16,0,6.81,227.05
2167,2022-11-01,5.0,16.0,11.37,15446.11,5,0,4.63,28.93
362,2022-11-01,196.0,43.0,33.65,1710.71,56,1,9.35,21.74
2166,2022-11-01,19.0,5.0,8.7,27000.0,19,0,3.7,73.95
2166,2022-11-01,22.0,19.0,17.29,12530.69,4,0,1.71,9.01
862,2022-11-01,4.0,24.0,11.26,1002.25,2,0,12.74,53.1
862,2022-11-01,24.0,1.0,5.58,1506.4,5,1,4.58,457.83
363,2022-11-01,112.0,13.0,27.78,1502.86,35,1,14.78,113.68
863,2022-11-01,2.0,9.0,9.92,1055.0,1,0,0.92,10.22
873,2022-11-01,1.0,5.0,9.41,1424.25,1,0,4.41,88.27
873,2022-11-01,5.0,3.0,13.39,1400.0,5,0,10.39,346.32
2160,2022-11-01,13.0,1.0,9.33,6984.62,13,0,8.33,832.82
2160,2022-11-01,4.0,13.0,9.84,6500.0,3,0,3.16,24.3
635,2022-11-01,12.0,8.0,18.48,6350.0,10,0,10.48,131.04
635,2022-11-01,76.0,12.0,16.64,7609.88,2,1,4.64,38.65
216,2022-11-01,8.0,1.0,7.4,86552.9,4,0,6.4,640.45
216,2022-11-01,6.0,8.0,7.84,71450.0,2,0,0.16,1.97
879,2022-11-01,1.0,2.0,12.05,3000.0,1,0,10.05,502.66
879,2022-11-01,2.0,4.0,7.45,3200.0,1,0,3.45,86.13
2157,2022-11-01,2.0,9.0,8.05,100000.0,2,0,0.95,10.57
369,2022-11-01,4.0,18.0,23.95,65000.0,2,0,5.95,33.06
850,2022-11-01,18.0,72.0,12.45,500.0,6,1,59.55,82.72
637,2022-11-01,2.0,13.0,8.06,8200.0,2,0,4.94,37.98
2213,2022-11-01,21.0,5.0,12.3,85133.16,9,0,7.3,146.03
2172,2022-11-01,22.0,33.0,37.18,760.31,8,1,4.18,12.66
2213,2022-11-01,16.0,21.0,14.71,97113.29,12,0,6.29,29.97
638,2022-11-01,8.0,2.0,10.18,5000.0,4,0,8.18,408.99
638,2022-11-01,2.0,8.0,12.68,6000.0,2,0,4.68,58.5
798,2022-11-01,7.0,6.0,16.46,3082.5,4,0,10.46,174.35
798,2022-11-01,6.0,4.0,12.9,3300.0,3,0,8.9,222.54
221,2022-11-01,8.0,1.0,7.66,129625.0,4,0,6.66,666.02
221,2022-11-01,2.0,8.0,9.1,150000.0,2,0,1.1,13.79
357,2022-11-01,95.0,4.0,14.55,2172.81,21,1,10.55,263.78
2205,2022-11-01,1.0,9.0,11.8,7400.0,1,0,2.8,31.14
2205,2022-11-01,3.0,1.0,9.28,7385.0,3,0,8.28,828.31
220,2022-11-01,4.0,1.0,6.92,39900.0,2,0,5.92,592.47
220,2022-11-01,2.0,4.0,7.16,71925.0,2,0,3.16,79.04
2193,2022-11-01,22.0,6.0,12.55,386.41,1,1,6.55,109.09
358,2022-11-01,46.0,16.0,29.95,2072.85,10,1,13.95,87.19
819,2022-11-01,2.0,1.0,16.15,1000.0,2,0,15.15,1515.23
822,2022-11-01,2.0,13.0,12.03,1266.0,2,0,0.97,7.47
2191,2022-11-01,222.0,14.0,14.0,189.05,12,1,0.0,0.02
218,2022-11-01,36.0,24.0,22.3,130992.86,28,0,1.7,7.07
218,2022-11-01,16.0,36.0,27.98,142310.0,10,0,8.02,22.27
358,2022-11-01,16.0,7.0,19.86,2254.55,11,0,12.86,183.72
828,2022-11-01,8.0,1.0,7.45,2100.0,4,0,6.45,644.86
847,2022-11-01,2.0,8.0,8.84,8229.0,2,0,0.84,10.52
847,2022-11-01,8.0,1.0,6.93,7950.0,8,0,5.93,593.03
637,2022-11-01,13.0,2.0,8.79,6250.0,8,0,6.79,339.51
2172,2022-11-01,33.0,7.0,17.44,816.0,25,1,10.44,149.08
1423,2022-11-01,9.0,32.0,23.17,3000.0,9,0,8.83,27.59
618,2022-11-01,2.0,2.0,7.9,2700.0,1,0,5.9,295.01
T6547,2022-11-01,1.0,1.0,8.36,1300.0,1,0,7.36,736.42
518,2022-11-01,16.0,8.0,10.25,49970.25,8,0,2.25,28.16
1071,2022-11-01,1.0,7.0,12.08,105516.71,1,0,5.08,72.54
1266,2022-11-01,2.0,2.0,10.74,550.0,1,0,8.74,437.14
T8720,2022-11-01,15.0,17.0,13.88,158.32,7,1,3.12,18.37
1266,2022-11-01,4.0,2.0,20.47,842.5,3,0,18.47,923.6
1265,2022-11-01,21.0,10.0,17.41,6550.0,12,0,7.41,74.05
1265,2022-11-01,7.0,21.0,19.06,8316.25,4,0,1.94,9.24
1072,2022-11-01,3.0,5.5,8.17,78241.72,2,0,2.67,48.56
T6512,2022-11-01,2.0,2.0,16.86,300.0,1,0,14.86,743.14
1268,2022-11-01,4.0,4.0,8.78,4498.75,2,0,4.78,119.6
519,2022-11-01,1.0,2.0,7.14,55000.0,1,0,5.14,256.8
594,2022-11-01,12.0,1.0,10.69,17625.0,12,0,9.69,968.91
594,2022-11-01,8.0,12.0,11.88,20366.67,6,0,0.12,0.98
1072,2022-11-01,5.5,2.0,6.47,168000.0,6,0,4.47,223.5
1260,2022-11-01,3.0,6.0,7.88,36666.67,3,0,1.88,31.41
1260,2022-11-01,1.0,3.0,7.93,36925.0,1,0,4.93,164.27
553,2022-11-01,60.0,11.0,19.87,6456.52,23,1,8.87,80.6
518,2022-11-01,8.0,16.0,12.43,52475.0,4,0,3.57,22.29
T6511,2022-11-01,4.0,17.0,16.07,300.0,2,0,0.93,5.45
T284,2022-11-01,416.0,8.0,19.04,399.21,30,1,11.04,137.99
554,2022-11-01,6.0,27.0,25.58,3692.5,4,0,1.42,5.26
515,2022-11-01,3.0,3.0,10.81,10550.0,1,0,7.81,260.39
1067,2022-11-01,17.0,4.0,6.64,119855.66,4,0,2.64,65.95
1067,2022-11-01,4.0,1.0,6.52,209500.0,4,0,5.52,551.76
1279,2022-11-01,13.0,21.0,9.58,13128.57,6,0,11.42,54.36
1279,2022-11-01,1.0,13.0,9.94,13187.5,1,0,3.06,23.54
554,2022-11-01,27.0,2.0,12.83,4265.22,23,0,10.83,541.68
T8724,2022-11-01,248.0,14.0,19.87,195.39,35,1,5.87,41.89
1070,2022-11-01,34.0,14.0,19.58,113524.46,7,0,5.58,39.83
T8720,2022-11-01,17.0,6.0,10.76,200.0,14,1,4.76,79.25
1070,2022-11-01,14.0,6.5,13.79,170000.0,13,0,7.29,112.18
T6510,2022-11-01,33.0,10.0,15.57,300.0,20,1,5.57,55.75
1271,2022-11-01,23.0,1.0,9.86,3123.08,13,0,8.86,886.12
1271,2022-11-01,126.0,23.0,9.56,2423.9,8,1,13.44,58.43
1269,2022-11-01,6.0,3.0,7.03,5533.33,6,0,4.03,134.29
1269,2022-11-01,2.0,6.0,7.98,2637.5,2,0,1.98,32.98
578,2022-11-01,2.0,50.0,11.81,8935.0,2,0,38.19,76.37
553,2022-11-01,38.0,60.0,36.84,4168.38,4,1,23.16,38.6
T8719,2022-11-01,7.0,2.0,11.07,100.0,7,1,9.07,453.59
T8719,2022-11-01,13.0,7.0,13.08,57.54,7,1,6.08,86.82
T6521,2022-11-01,35.0,1.0,12.64,400.0,11,1,11.64,1163.67
T7169,2022-11-01,45.0,1.0,11.13,300.0,12,1,10.13,1012.99
531,2022-11-01,2.0,1.0,7.14,24660.0,2,0,6.14,613.6
1237,2022-11-01,25.0,4.0,9.53,14957.14,7,0,5.53,138.34
591,2022-11-01,81.0,9.0,23.72,7459.57,31,1,14.72,163.55
1075,2022-11-01,7.0,6.0,8.39,106599.74,3,0,2.39,39.77
1075,2022-11-01,6.0,4.0,8.08,145746.84,4,0,4.08,102.12
T6521,2022-11-01,13.0,35.0,17.04,406.29,7,1,17.96,51.32
1231,2022-11-01,67.0,14.0,18.65,10530.3,33,1,4.65,33.18
1257,2022-11-01,2.0,3.0,7.65,10550.0,1,0,4.65,155.09
1231,2022-11-01,21.0,67.0,43.65,10273.08,12,0,23.35,34.85
1076,2022-11-01,7.0,2.0,7.74,129352.47,1,0,5.74,287.1
1076,2022-11-01,2.0,39.5,16.08,263000.0,4,0,23.42,59.29
T7168,2022-11-01,101.0,3.0,17.0,196.14,2,1,14.0,466.68
1230,2022-11-01,6.0,9.0,9.95,10200.0,3,0,0.95,10.6
551,2022-11-01,1.0,1.0,9.77,14800.0,1,0,8.77,877.32
1218,2022-11-01,28.0,12.0,8.88,16166.67,3,0,3.12,26.04
T854,2022-11-01,4.0,12.0,11.94,150.0,2,1,0.06,0.49
1074,2022-11-01,33.5,35.0,22.66,173398.86,29,0,12.34,35.26
593,2022-11-01,2.0,1.0,14.33,25320.0,2,0,13.33,1332.65
T6520,2022-11-01,657.0,9.0,10.71,262.84,5,1,1.71,18.97
579,2022-11-01,10.0,2.0,10.65,4200.0,8,0,8.65,432.44
T6519,2022-11-01,2.0,27.0,18.24,316.5,2,0,8.76,32.43
T6519,2022-11-01,27.0,6.0,15.58,366.67,9,1,9.58,159.67
1254,2022-11-01,26.0,4.0,17.69,5266.34,4,0,13.69,342.34
1073,2022-11-01,14.0,33.5,22.48,148882.68,8,0,11.02,32.9
1073,2022-11-01,33.5,40.0,27.75,192129.03,31,0,12.25,30.62
T8564,2022-11-01,19.0,2.0,9.9,200.0,9,1,7.9,395.14
T8564,2022-11-01,2.0,19.0,17.0,150.0,2,0,2.0,10.54
552,2022-11-01,75.0,5.0,25.39,8803.69,26,1,20.39,407.85
1253,2022-11-01,1.0,3.0,8.34,240000.0,1,0,5.34,177.83
1253,2022-11-01,11.0,1.0,12.33,171598.13,5,0,11.33,1132.68
527,2022-11-01,107.0,7.0,19.89,9541.39,4,1,12.89,184.08
527,2022-11-01,7.0,8.0,24.47,12342.86,7,0,16.47,205.82
552,2022-11-01,43.0,75.0,57.11,8309.61,9,0,17.89,23.85
1074,2022-11-01,20.0,33.5,30.0,152433.56,16,0,3.5,10.45
509,2022-11-01,1.0,32.0,10.4,2000.0,1,0,21.6,67.5
1280,2022-11-01,66.0,3.0,7.07,5300.6,5,1,4.07,135.6
509,2022-11-01,1.0,1.0,7.28,2000.0,1,0,6.28,627.84
556,2022-11-01,3.0,11.0,11.31,13357.5,2,0,0.31,2.83
502,2022-11-01,2.0,14.0,8.19,14000.0,2,0,5.81,41.48
T8730,2022-11-01,10.0,1.0,13.23,1300.0,5,0,12.23,1222.6
T5287,2022-11-01,3.0,3.0,8.72,1850.0,3,0,5.72,190.71
T5287,2022-11-01,3.0,7.0,8.53,2000.0,1,0,1.53,21.92
505,2022-11-01,1.0,5.0,7.66,3165.0,1,0,2.66,53.28
1320,2022-11-01,17.0,1.0,6.89,23200.0,17,0,5.89,588.5
556,2022-11-01,11.0,4.0,9.13,10430.67,3,0,5.13,128.17
1043,2022-11-01,19.0,1.0,8.25,111110.34,5,0,7.25,725.04
1303,2022-11-01,2.0,4.0,10.82,8220.0,2,0,6.82,170.43
1043,2022-11-01,1.0,5.0,9.93,102000.0,1,0,4.93,98.52
T8729,2022-11-01,54.0,3.0,12.94,695.45,20,1,9.94,331.17
595,2022-11-01,6.0,2.0,11.39,11000.0,6,0,9.39,469.37
T8729,2022-11-01,28.0,54.0,30.66,665.32,4,1,23.34,43.22
T5315,2022-11-01,130.0,20.0,18.41,96.33,18,1,1.59,7.96
T5794,2022-11-01,5.0,3.0,9.78,420.0,5,0,6.78,225.94
595,2022-11-01,6.0,6.0,13.11,10183.33,6,0,7.11,118.53
502,2022-11-01,1.0,2.0,9.18,14000.0,1,0,7.18,358.84
103,2022-11-01,12.0,1.0,7.54,9550.0,10,0,6.54,653.91
103,2022-11-01,2.0,12.0,12.88,8440.0,1,0,0.88,7.34
1024,2022-11-01,1.0,4.0,8.83,93000.0,1,0,4.83,120.72
T8731,2022-11-01,5.0,2.0,8.08,1000.0,5,0,6.08,303.93
T8731,2022-11-01,1.0,5.0,9.76,1055.0,1,0,4.76,95.11
557,2022-11-01,20.0,2.0,5.68,8070.0,20,0,3.68,184.18
557,2022-11-01,3.0,20.0,9.81,6962.0,3,0,10.19,50.93
1322,2022-11-01,4.0,2.0,8.1,1400.0,4,0,6.1,304.84
1322,2022-11-01,3.0,4.0,9.41,1500.0,2,0,5.41,135.24
1023,2022-11-01,8.5,15.5,12.34,88277.62,4,0,3.16,20.41
1023,2022-11-01,15.5,4.0,10.92,106226.28,10,0,6.92,173.02
T3376,2022-11-01,3.0,1.0,21.2,300.0,1,0,20.2,2020.33
575,2022-11-01,2.0,2.0,9.48,6330.0,1,0,7.48,373.9
1024,2022-11-01,26.0,1.0,10.94,16670.11,4,0,9.94,994.36
T4083,2022-11-01,2.0,3.0,13.2,350.0,1,0,10.2,340.08
T4083,2022-11-01,3.0,2.0,9.58,500.0,2,0,7.58,379.08
1321,2022-11-01,7.0,8.0,8.29,1000.0,7,0,0.29,3.57
1321,2022-11-01,3.0,7.0,8.43,1000.0,3,0,1.43,20.36
1044,2022-11-01,26.0,26.0,13.94,93294.45,4,0,12.06,46.37
1044,2022-11-01,26.0,6.0,10.2,93475.13,10,0,4.2,69.92
1060,2022-11-01,2.5,8.0,10.31,299333.33,3,0,2.31,28.89
1289,2022-11-01,21.0,13.0,8.37,12989.84,2,0,4.63,35.62
1052,2022-11-01,16.0,6.5,8.91,235428.57,21,0,2.41,37.12
T6329,2022-11-01,9.0,10.0,17.71,354.81,4,1,7.71,77.06
T6329,2022-11-01,10.0,7.0,10.07,400.0,9,1,3.07,43.88
T8726,2022-11-01,148.0,8.0,17.85,195.08,30,1,9.85,123.08
T6509,2022-11-01,3.0,2.0,15.37,275.0,2,0,13.37,668.26
577,2022-11-01,5.0,28.0,20.62,5110.0,5,0,7.38,26.37
T6509,2022-11-01,2.0,26.0,13.21,300.0,2,0,12.79,49.2
577,2022-11-01,28.0,12.0,12.39,5411.76,17,0,0.39,3.26
1047,2022-11-01,14.0,4.0,8.15,98856.56,3,0,4.15,103.72
1053,2022-11-01,6.0,7.5,6.55,225101.71,8,0,0.95,12.64
1053,2022-11-01,7.5,1.0,7.26,214266.67,15,0,6.26,625.57
1054,2022-11-01,16.0,7.0,9.79,140156.7,2,0,2.79,39.79
1054,2022-11-01,7.0,8.0,7.43,175525.33,2,0,0.57,7.14
1281,2022-11-01,9.0,1.0,6.13,87892.66,6,0,5.13,513.12
1059,2022-11-01,5.0,5.0,7.68,242432.36,5,0,2.68,53.52
1060,2022-11-01,1.0,2.5,8.69,60920.71,1,0,6.19,247.78
1052,2022-11-01,1.5,16.0,10.48,232526.52,3,0,5.52,34.5
1292,2022-11-01,34.0,8.0,21.15,4522.73,18,1,13.15,164.38
555,2022-11-01,1.0,4.0,10.18,2637.5,1,0,6.18,154.41
555,2022-11-01,4.0,1.0,8.35,2625.0,4,0,7.35,735.45
575,2022-11-01,2.0,1.0,10.05,6150.0,2,0,9.05,904.53
T8728,2022-11-01,127.0,21.0,21.57,664.15,14,1,0.57,2.69
T6327,2022-11-01,2.0,21.0,14.95,450.0,2,0,6.05,28.83
1048,2022-11-01,44.0,2.0,22.51,65935.82,20,0,20.51,1025.71
1048,2022-11-01,2.0,6.0,14.02,85000.0,1,0,8.02,133.62
1049,2022-11-01,0.5,3.0,9.83,200197.23,1,0,6.83,227.62
T6327,2022-11-01,21.0,3.0,12.41,500.0,7,1,9.41,313.81
1300,2022-11-01,1.0,1.0,7.24,7000.0,1,0,6.24,624.0
T8727,2022-11-01,78.0,8.0,20.34,296.03,18,1,12.34,154.2
1293,2022-11-01,9.0,36.0,31.22,800.0,5,0,4.78,13.27
1293,2022-11-01,180.0,9.0,18.92,605.33,19,1,9.92,110.21
T8727,2022-11-01,298.0,78.0,18.68,223.74,8,1,59.32,76.05
507,2022-11-01,3.0,41.0,16.32,3082.5,2,0,24.68,60.2
507,2022-11-01,41.0,2.0,10.41,1800.0,3,1,8.41,420.67
T6328,2022-11-01,102.0,10.0,18.56,249.76,2,1,8.56,85.59
1218,2022-11-01,2.0,28.0,11.9,18000.0,1,0,16.1,57.48
1077,2022-11-01,11.0,8.0,9.47,173628.43,3,0,1.47,18.36
1211,2022-11-01,15.0,5.0,9.29,10350.0,6,0,4.29,85.84
T6537,2022-11-01,6.0,8.0,9.63,1055.0,2,0,1.63,20.39
T7120,2022-11-01,206.0,34.0,17.31,1582.37,3,1,16.69,49.09
586,2022-11-01,35.0,2.0,9.7,16031.58,18,0,7.7,384.79
1164,2022-11-01,10.0,1.0,13.25,500.0,5,1,12.25,1224.61
1164,2022-11-01,25.0,10.0,16.5,480.0,1,1,6.5,64.96
586,2022-11-01,4.0,35.0,9.79,18990.0,3,0,25.21,72.03
546,2022-11-01,1.0,1.0,7.78,15800.0,1,0,6.78,678.27
546,2022-11-01,11.0,1.0,7.72,7913.0,2,0,6.72,672.32
1163,2022-11-01,54.0,17.0,16.51,400.0,7,1,0.49,2.88
T6557,2022-11-01,8.0,3.0,9.75,1600.0,1,0,6.75,224.96
1163,2022-11-01,100.0,54.0,31.53,109.0,1,1,22.47,41.62
1116,2022-11-01,11.0,14.0,23.32,19409.0,5,0,9.32,66.58
1116,2022-11-01,14.0,30.0,23.93,11580.0,5,0,6.07,20.25
T6584,2022-11-01,1.0,5.0,7.54,3000.0,1,0,2.54,50.83
540,2022-11-01,6.0,46.0,29.3,13505.83,6,0,16.7,36.31
T6561,2022-11-01,2.0,3.0,7.7,2850.0,1,0,4.7,156.54
540,2022-11-01,46.0,8.0,11.94,10049.33,6,0,3.94,49.3
1115,2022-11-01,44.0,16.0,17.31,12500.0,22,0,1.31,8.18
1115,2022-11-01,5.0,44.0,32.07,14865.0,3,0,11.93,27.11
584,2022-11-01,20.0,9.0,13.03,16650.0,20,0,4.03,44.77
T7123,2022-11-01,203.0,2.0,10.83,1511.7,4,1,8.83,441.37
536,2022-11-01,7.0,9.0,7.98,6116.67,6,0,1.02,11.32
587,2022-11-01,12.0,13.0,10.6,9890.88,4,0,2.4,18.48
1113,2022-11-01,94.0,12.0,18.54,10605.0,20,1,6.54,54.46
T7129,2022-11-01,101.0,4.0,13.05,1722.33,2,1,9.05,226.37
538,2022-11-01,2.0,12.0,7.58,32400.0,2,0,4.42,36.8
538,2022-11-01,12.0,4.0,7.28,31125.0,12,0,3.28,81.88
1169,2022-11-01,66.0,2.0,11.2,22605.56,17,0,9.2,460.11
1169,2022-11-01,4.0,66.0,35.99,25000.0,2,0,30.01,45.47
584,2022-11-01,1.0,20.0,15.17,27000.0,1,0,4.83,24.17
1114,2022-11-01,84.0,23.0,19.44,11113.04,23,1,3.56,15.46
T6535,2022-11-01,2.0,9.0,9.82,791.25,2,0,0.82,9.12
T7124,2022-11-01,208.0,5.0,7.2,1933.25,8,1,2.2,44.09
T6535,2022-11-01,9.0,1.0,7.27,800.0,5,0,6.27,626.95
1166,2022-11-01,1.0,20.0,10.09,35000.0,1,0,9.91,49.57
1165,2022-11-01,1.0,12.0,8.69,36900.0,1,0,3.31,27.59
T6543,2022-11-01,32.0,26.0,15.38,700.0,8,1,10.62,40.84
1162,2022-11-01,14.0,5.0,10.13,500.0,2,1,5.13,102.52
547,2022-11-01,46.0,70.0,27.51,8206.61,7,0,42.49,60.7
1126,2022-11-01,21.0,10.0,19.47,10111.11,9,0,9.47,94.67
1124,2022-11-01,17.0,15.0,9.07,12913.02,4,0,5.93,39.5
1152,2022-11-01,10.0,17.0,12.34,18990.0,5,0,4.66,27.42
1151,2022-11-01,2.0,4.0,10.41,15500.0,1,0,6.41,160.24
1125,2022-11-01,8.0,30.0,15.67,17000.0,2,0,14.33,47.78
543,2022-11-01,1.0,2.0,9.75,22155.0,1,0,7.75,387.48
1139,2022-11-01,2.0,2.0,9.4,13500.0,1,0,7.4,369.91
1136,2022-11-01,18.0,2.0,8.67,9200.0,5,0,6.67,333.35
1131,2022-11-01,18.0,5.0,9.79,21000.0,9,0,4.79,95.77
1117,2022-11-01,4.0,20.0,16.04,23500.0,2,0,3.96,19.81
1127,2022-11-01,24.0,7.0,12.63,12500.0,4,0,5.63,80.48
585,2022-11-01,26.0,54.0,28.29,24711.8,5,0,25.71,47.61
1128,2022-11-01,56.0,2.0,10.6,12833.33,15,0,8.6,430.02
585,2022-11-01,54.0,2.0,12.32,18671.88,16,0,10.32,516.08
T6555,2022-11-01,33.0,4.0,6.45,1300.0,9,1,2.45,61.27
1130,2022-11-01,12.0,14.0,12.53,17500.0,6,0,1.47,10.49
T6555,2022-11-01,2.0,33.0,14.08,1250.0,2,0,18.92,57.34
1158,2022-11-01,106.0,20.0,18.81,308.81,4,1,1.19,5.96
1159,2022-11-01,29.0,47.0,44.64,710.71,14,1,2.36,5.02
544,2022-11-01,2.0,5.0,14.74,15926.25,2,0,9.74,194.77
544,2022-11-01,5.0,12.0,9.8,15800.0,5,0,2.2,18.35
1117,2022-11-01,20.0,4.0,13.54,9600.0,2,0,9.54,238.59
T6545,2022-11-01,20.0,1.0,16.57,476.42,1,1,15.57,1557.35
1118,2022-11-01,2.0,20.0,13.23,30000.0,1,0,6.77,33.84
1161,2022-11-01,3.0,1.0,13.03,200.0,1,0,12.03,1202.58
1161,2022-11-01,15.0,3.0,11.27,179.13,2,1,8.27,275.78
1118,2022-11-01,20.0,2.0,9.33,10800.0,2,0,7.33,366.25
T6546,2022-11-01,18.0,4.0,10.09,811.0,8,1,6.09,152.3
T6546,2022-11-01,4.0,4.0,9.85,825.0,4,0,5.85,146.29
T6556,2022-11-01,11.0,4.0,13.27,1450.0,2,0,9.27,231.75
1120,2022-11-01,4.0,14.0,9.36,9200.0,1,0,4.64,33.11
1122,2022-11-01,14.0,6.0,10.08,9000.0,7,0,4.08,68.06
T6547,2022-11-01,5.0,1.0,9.9,1200.0,5,0,8.9,890.34
1160,2022-11-01,16.0,7.0,30.2,304.13,4,1,23.2,331.37
T6554,2022-11-01,1.0,9.0,10.14,1100.0,1,0,1.14,12.67
1123,2022-11-01,12.0,16.0,9.47,9416.67,6,0,6.53,40.82
T7130,2022-11-01,100.0,15.0,15.44,986.93,1,1,0.44,2.96
547,2022-11-01,70.0,3.0,11.11,12851.52,33,1,8.11,270.44
1077,2022-11-01,8.0,1.5,8.94,200972.0,6,0,7.44,496.23
533,2022-11-01,1.0,3.0,11.36,11600.0,1,0,8.36,278.56
1085,2022-11-01,4.0,4.0,12.24,9550.0,1,0,8.24,205.97
1087,2022-11-01,3.0,2.0,9.6,18462.5,3,0,7.6,379.91
1204,2022-11-01,13.0,5.0,11.87,10000.0,8,0,6.87,137.34
533,2022-11-01,12.0,1.0,17.02,8600.0,5,0,16.02,1601.6
1088,2022-11-01,6.0,6.0,11.57,22500.0,3,0,5.57,92.89
1088,2022-11-01,6.0,2.0,10.54,23583.33,3,0,8.54,427.15
1089,2022-11-01,8.0,4.0,8.27,20275.0,4,0,4.27,106.76
1099,2022-11-01,4.0,6.0,12.44,13400.0,1,0,6.44,107.26
1201,2022-11-01,3.0,34.0,9.52,11400.0,3,0,24.48,71.99
T6524,2022-11-01,20.0,7.0,13.97,234.28,1,1,6.97,99.6
110,2022-11-01,1.0,1.0,9.52,35000.0,1,0,8.52,851.63
1202,2022-11-01,53.0,5.0,12.7,10650.0,10,0,7.7,154.04
T7167,2022-11-01,25.0,1.0,14.83,205.5,6,1,13.83,1382.67
1202,2022-11-01,8.0,53.0,16.91,10073.75,8,0,36.09,68.09
549,2022-11-01,87.0,24.0,17.91,6059.43,28,1,6.09,25.38
589,2022-11-01,57.0,5.0,15.09,7279.25,8,1,10.09,201.72
1085,2022-11-01,18.0,4.0,13.55,11250.29,3,0,9.55,238.72
1205,2022-11-01,3.0,1.0,9.88,10011.25,2,0,8.88,887.55
1205,2022-11-01,1.0,3.0,9.15,10000.0,1,0,6.15,204.97
1081,2022-11-01,10.0,10.0,7.42,101963.05,2,0,2.58,25.77
550,2022-11-01,6.0,1.0,6.25,4100.0,2,0,5.25,525.47
1211,2022-11-01,2.0,15.0,11.04,10275.0,2,0,3.96,26.38
532,2022-11-01,56.0,58.0,27.49,16430.37,15,0,30.51,52.6
T6522,2022-11-01,2.0,3.0,14.47,474.75,1,0,11.47,382.4
T6522,2022-11-01,3.0,3.0,9.68,500.0,2,0,6.68,222.6
T7167,2022-11-01,1.0,6.0,13.84,200.0,1,0,7.84,130.71
532,2022-11-01,58.0,11.0,15.42,22265.3,20,0,4.42,40.14
1206,2022-11-01,157.0,34.0,27.05,10756.1,41,1,6.95,20.45
590,2022-11-01,3.0,4.0,7.89,15266.67,3,0,3.89,97.31
1078,2022-11-01,2.0,1.0,5.84,185000.0,2,0,4.84,484.39
1079,2022-11-01,1.0,8.0,7.88,115742.12,1,0,0.12,1.54
T6523,2022-11-01,10.0,3.0,11.13,552.63,4,1,8.13,270.85
1080,2022-11-01,3.0,1.0,7.69,120049.03,2,0,6.69,669.08
T6523,2022-11-01,3.0,15.0,12.73,600.0,3,0,2.27,15.15
1080,2022-11-01,1.0,7.0,7.27,167000.0,1,0,0.27,3.91
589,2022-11-01,8.0,57.0,24.35,9630.63,7,0,32.65,57.29
1201,2022-11-01,1.0,3.0,9.82,11000.0,1,0,6.82,227.49
1112,2022-11-01,13.0,41.0,25.08,9000.0,5,0,15.92,38.83
T6533,2022-11-01,2.0,9.0,9.88,500.0,2,0,0.88,9.73
1110,2022-11-01,32.0,42.0,29.18,7416.67,12,0,12.82,30.52
535,2022-11-01,41.0,76.0,63.55,6136.55,24,1,12.45,16.39
1190,2022-11-01,20.0,3.0,7.14,9000.0,1,0,4.14,138.04
1111,2022-11-01,74.0,11.0,23.49,8494.53,11,1,12.49,113.55
1111,2022-11-01,11.0,31.0,33.87,8266.67,6,0,2.87,9.25
535,2022-11-01,76.0,14.0,23.76,7913.03,33,1,9.76,69.73
T7133,2022-11-01,7.0,1.0,13.31,3425.0,2,0,12.31,1230.66
587,2022-11-01,13.0,9.0,9.85,10700.0,12,0,0.85,9.49
1108,2022-11-01,2.0,16.0,14.84,8440.0,1,0,1.16,7.24
1185,2022-11-01,18.0,3.0,9.25,14250.0,18,0,6.25,208.43
1185,2022-11-01,2.0,18.0,10.45,13715.0,1,0,7.55,41.96
T7131,2022-11-01,105.0,2.0,13.24,2392.07,3,1,11.24,562.04
T6534,2022-11-01,8.0,43.0,17.54,613.2,5,0,25.46,59.22
T6534,2022-11-01,43.0,69.0,15.25,552.23,8,1,53.75,77.91
1112,2022-11-01,32.0,13.0,29.14,9412.17,7,0,16.14,124.13
1184,2022-11-01,192.0,18.0,21.5,16833.33,55,1,3.5,19.43
1110,2022-11-01,20.0,32.0,32.15,7603.13,8,0,0.15,0.48
1195,2022-11-01,146.0,75.0,62.49,8375.44,51,1,12.51,16.68
T6532,2022-11-01,2.0,10.0,14.5,550.0,2,0,4.5,45.02
T7161,2022-11-01,21.0,39.0,39.93,103.14,7,1,0.93,2.39
1200,2022-11-01,34.0,1.0,9.24,12700.0,10,0,8.24,824.08
1200,2022-11-01,11.0,34.0,11.42,10941.67,6,0,22.58,66.4
583,2022-11-01,45.0,8.0,10.79,26629.8,5,0,2.79,34.82
T7166,2022-11-01,41.0,38.0,35.33,102.12,13,1,2.67,7.04
1196,2022-11-01,78.0,4.0,14.06,7272.73,9,1,10.06,251.58
1196,2022-11-01,21.0,78.0,29.06,8376.0,10,0,48.94,62.74
583,2022-11-01,8.0,8.0,16.58,24000.0,5,0,8.58,107.28
1109,2022-11-01,10.0,8.0,23.2,6871.5,5,0,15.2,190.02
1109,2022-11-01,8.0,21.0,17.36,7500.0,4,0,3.64,17.33
548,2022-11-01,6.0,7.0,10.17,11650.0,4,0,3.17,45.36
534,2022-11-01,2.0,10.0,14.81,7500.0,2,0,4.81,48.11
548,2022-11-01,15.0,6.0,9.96,8729.69,7,0,3.96,66.08
534,2022-11-01,10.0,1.0,8.32,7740.0,10,0,7.32,731.83
588,2022-11-01,1.0,7.0,16.68,15297.5,1,0,9.68,138.32
T7161,2022-11-01,39.0,1.0,14.76,100.0,20,1,13.76,1376.45
1021,2022-11-01,18.0,1.0,9.14,98620.05,6,0,8.14,814.34
T6510,2022-11-01,10.0,33.0,25.51,258.25,5,1,7.49,22.69
1021,2022-11-01,8.0,18.0,15.53,63067.83,5,0,2.47,13.74
601,2022-11-01,3.0,3.0,10.05,8227.0,1,0,7.05,235.0
1377,2022-11-01,3.0,2.0,7.74,103590.0,3,0,5.74,286.85
496,2022-11-01,4.0,1.0,12.57,94701.5,2,0,11.57,1157.26
1014,2022-11-01,21.5,14.5,18.65,114291.67,23,0,4.15,28.6
1380,2022-11-01,1.0,6.0,9.8,158250.0,1,0,3.8,63.3
1380,2022-11-01,6.0,10.0,7.29,204200.0,3,0,2.71,27.12
1014,2022-11-01,18.0,21.5,21.81,58711.46,7,0,0.31,1.45
T206,2022-11-01,8.0,28.0,16.16,1250.0,2,0,11.84,42.29
562,2022-11-01,28.0,30.0,11.76,6040.91,11,0,18.24,60.81
T204,2022-11-01,3.0,4.0,10.17,1000.0,3,0,6.17,154.22
T204,2022-11-01,120.0,3.0,7.66,788.33,7,1,4.66,155.47
T8871,2022-11-01,109.0,19.0,12.04,1398.09,3,1,6.96,36.64
T9226,2022-11-01,1.0,73.0,18.19,211.0,1,0,54.81,75.08
T9226,2022-11-01,73.0,2.0,9.77,192.19,17,1,7.77,388.6
1387,2022-11-01,9.0,29.0,14.83,109210.85,7,0,14.17,48.86
1013,2022-11-01,8.5,29.0,25.47,121000.0,8,0,3.53,12.17
1387,2022-11-01,29.0,6.0,11.69,135196.47,28,0,5.69,94.87
1013,2022-11-01,8.0,8.5,30.71,78938.79,6,0,22.21,261.29
495,2022-11-01,7.0,5.0,8.39,28633.33,3,0,3.39,67.84
495,2022-11-01,3.0,7.0,8.85,37678.33,3,0,1.85,26.42
T9288,2022-11-01,4.0,3.0,8.67,550.0,1,0,5.67,188.86
1390,2022-11-01,7.0,4.0,11.14,73616.28,5,0,7.14,178.38
1390,2022-11-01,4.0,4.0,9.8,76765.36,2,0,5.8,144.89
T9307,2022-11-01,3.0,14.0,16.47,1100.0,2,0,2.47,17.62
T184,2022-11-01,528.0,7.0,15.14,703.08,8,1,8.14,116.25
T9378,2022-11-01,2.0,50.0,16.82,850.0,1,0,33.18,66.35
1012,2022-11-01,8.0,11.0,8.52,234000.0,7,0,2.48,22.54
1012,2022-11-01,6.0,8.0,8.88,218161.41,4,0,0.88,11.05
601,2022-11-01,3.0,1.0,7.46,13133.33,3,0,6.46,646.26
573,2022-11-01,2.0,42.0,13.77,7385.0,2,0,28.23,67.22
493,2022-11-01,1.0,5.0,7.76,47475.0,1,0,2.76,55.11
561,2022-11-01,34.0,2.0,10.01,5175.5,8,0,8.01,400.68
1017,2022-11-01,1.5,3.0,10.14,126000.0,2,0,7.14,237.84
T280,2022-11-01,10.0,8.0,29.32,100.0,1,1,21.32,266.48
T240,2022-11-01,16.0,4.0,10.53,600.0,5,1,6.53,163.18
T240,2022-11-01,8.0,16.0,10.92,666.6,5,0,5.08,31.77
5,2022-11-01,12.0,2.0,6.83,96125.0,12,0,4.83,241.42
T8850,2022-11-01,6.0,24.0,23.61,105.5,1,1,0.39,1.64
T8850,2022-11-01,24.0,2.0,13.68,100.0,13,1,11.68,584.22
573,2022-11-01,42.0,2.0,9.13,6577.5,4,0,7.13,356.69
1351,2022-11-01,3.0,4.0,9.73,10781.5,2,0,5.73,143.32
1351,2022-11-01,4.0,2.0,9.43,10600.0,4,0,7.43,371.4
5,2022-11-01,4.0,12.0,8.37,57935.11,2,0,3.63,30.26
1016,2022-11-01,2.0,2.0,11.49,158000.0,4,0,9.49,474.44
1016,2022-11-01,6.5,2.0,10.13,117622.32,4,0,8.13,406.6
498,2022-11-01,1.0,3.0,9.19,21550.0,1,0,6.19,206.37
T232,2022-11-01,13.0,10.0,12.95,500.0,9,1,2.95,29.48
T232,2022-11-01,2.0,13.0,21.67,500.0,1,0,8.67,66.71
498,2022-11-01,2.0,1.0,12.14,18990.0,1,0,11.14,1113.8
T8851,2022-11-01,4.0,6.0,24.25,105.5,1,1,18.25,304.09
1356,2022-11-01,2.0,2.0,9.64,101958.75,2,0,7.64,381.95
1356,2022-11-01,2.0,4.0,10.65,100000.0,2,0,6.65,166.14
T8851,2022-11-01,6.0,8.0,22.18,100.0,2,1,14.18,177.27
T8852,2022-11-01,4.0,28.0,20.85,200.0,1,0,7.15,25.53
1015,2022-11-01,9.0,67.5,15.2,107700.0,10,0,52.3,77.48
1015,2022-11-01,28.0,9.0,13.73,78726.58,6,0,4.73,52.52
1370,2022-11-01,5.0,2.0,8.42,58333.33,3,0,6.42,320.78
1374,2022-11-01,10.0,12.0,10.96,15412.5,2,0,1.04,8.68
561,2022-11-01,8.0,34.0,11.87,5521.0,5,0,22.13,65.1
T179,2022-11-01,266.0,43.0,44.67,332.11,2,1,1.67,3.88
1395,2022-11-01,2.0,5.0,10.14,163345.0,2,0,5.14,102.77
1350,2022-11-01,110.0,20.0,16.15,673.25,4,1,3.85,19.27
1004,2022-11-01,9.0,5.0,18.34,72652.1,3,0,13.34,266.73
567,2022-11-01,46.0,19.0,33.31,14030.69,7,0,14.31,75.33
T134,2022-11-01,2.0,12.0,14.4,250.0,1,0,2.4,20.01
568,2022-11-01,2.0,3.0,8.14,21627.5,1,0,5.14,171.17
568,2022-11-01,3.0,2.0,8.52,21600.0,3,0,6.52,326.24
T9568,2022-11-01,3.0,10.0,11.91,250.0,2,0,1.91,19.11
1415,2022-11-01,1.0,1.0,9.06,101455.99,1,0,8.06,805.8
T9568,2022-11-01,10.0,2.0,13.81,300.0,10,1,11.81,590.6
1415,2022-11-01,1.0,2.0,7.96,165000.0,1,0,5.96,297.88
1003,2022-11-01,0.5,12.0,11.0,51500.21,1,0,1.0,8.32
1416,2022-11-01,18.0,2.0,9.21,56295.69,1,0,7.21,360.58
1416,2022-11-01,2.0,2.0,7.34,187000.0,2,0,5.34,267.19
1002,2022-11-01,3.0,10.0,8.67,108000.0,3,0,1.33,13.32
602,2022-11-01,10.0,22.0,7.06,10000.0,6,0,14.94,67.93
1002,2022-11-01,19.0,3.0,10.31,55947.55,6,0,7.31,243.82
1420,2022-11-01,7.0,1.0,9.88,10667.0,3,0,8.88,888.08
1420,2022-11-01,1.0,1.0,8.02,16900.0,1,0,7.02,702.02
1421,2022-11-01,13.0,2.0,7.83,4132.11,1,0,5.83,291.44
1421,2022-11-01,2.0,1.0,8.66,18000.0,2,0,7.66,765.85
T9577,2022-11-01,3.0,5.0,9.59,1200.0,3,0,4.59,91.84
470,2022-11-01,6.0,6.0,11.18,12750.0,6,0,5.18,86.35
T133,2022-11-01,20.0,2.0,15.3,200.0,5,1,13.3,664.91
T98,2022-11-01,68.0,4.0,11.34,485.33,4,1,7.34,183.49
T98,2022-11-01,4.0,1.0,10.17,850.0,2,0,9.17,917.07
T132,2022-11-01,48.0,49.0,30.67,100.0,6,1,18.33,37.4
470,2022-11-01,136.0,6.0,12.31,9522.92,3,1,6.31,105.22
1001,2022-11-01,16.0,1.0,6.42,66071.88,2,0,5.42,542.49
570,2022-11-01,27.0,35.0,38.67,14838.71,7,0,3.67,10.48
1413,2022-11-01,6.0,48.0,25.87,66071.18,1,0,22.13,46.1
1004,2022-11-01,5.0,8.5,15.41,127000.0,7,0,6.91,81.29
572,2022-11-01,10.0,1.0,8.42,12675.0,8,0,7.42,742.19
476,2022-11-01,4.0,1.0,7.93,188406.04,4,0,6.93,692.64
1395,2022-11-01,5.0,5.0,9.46,163620.0,5,0,4.46,89.29
T177,2022-11-01,365.0,20.0,45.98,206.81,16,1,25.98,129.89
1396,2022-11-01,19.0,12.0,11.17,45086.1,4,0,0.83,6.88
1009,2022-11-01,5.0,10.0,8.99,197000.0,4,0,1.01,10.12
1009,2022-11-01,21.0,5.0,7.96,122252.26,6,0,2.96,59.17
1403,2022-11-01,1.0,46.0,14.17,70000.0,1,0,31.83,69.21
564,2022-11-01,1.0,13.0,11.45,12660.0,1,0,1.55,11.93
T175,2022-11-01,552.0,22.0,25.83,195.85,27,1,3.83,17.41
564,2022-11-01,13.0,2.0,7.62,10041.6,5,0,5.62,281.0
T9547,2022-11-01,189.0,51.0,40.7,193.45,24,1,10.3,20.19
1006,2022-11-01,12.5,9.0,9.05,111000.0,9,0,0.05,0.56
1006,2022-11-01,31.0,12.5,12.29,53797.71,6,0,0.21,1.71
1406,2022-11-01,1.0,1.0,9.53,8500.0,1,0,8.53,853.38
602,2022-11-01,2.0,10.0,7.51,9500.0,2,0,2.49,24.91
T171,2022-11-01,415.0,55.0,43.44,197.18,33,1,11.56,21.02
486,2022-11-01,11.0,7.0,7.98,69748.94,7,0,0.98,14.05
1410,2022-11-01,9.0,4.0,11.27,55790.71,3,0,7.27,181.82
1410,2022-11-01,4.0,9.0,10.24,78066.67,3,0,1.24,13.75
T9563,2022-11-01,6.0,32.0,26.18,203.67,3,1,5.82,18.18
1005,2022-11-01,30.0,8.0,9.97,118576.92,26,0,1.97,24.57
1005,2022-11-01,3.0,30.0,14.16,86974.99,2,0,15.84,52.81
1412,2022-11-01,1.0,2.0,9.74,10550.0,1,0,7.74,387.14
1412,2022-11-01,2.0,1.0,9.67,12600.0,2,0,8.67,866.84
T134,2022-11-01,12.0,2.0,8.74,200.0,3,1,6.74,337.1
571,2022-11-01,26.0,3.0,11.55,11803.43,7,0,8.55,284.89
571,2022-11-01,14.0,26.0,20.1,6150.5,2,0,5.9,22.69
T9563,2022-11-01,32.0,13.0,15.62,215.0,10,1,2.62,20.19
1350,2022-11-01,20.0,19.0,17.12,762.62,13,1,1.88,9.89
543,2022-11-01,2.0,3.0,8.32,22700.0,2,0,5.32,177.49
1019,2022-11-01,4.0,8.0,10.47,107000.0,2,0,2.47,30.88
574,2022-11-01,9.0,5.0,15.03,6712.5,8,0,10.03,200.54
596,2022-11-01,1.0,24.0,8.7,7000.0,1,0,15.3,63.75
T8754,2022-11-01,2.0,16.0,11.16,525.0,1,0,4.84,30.25
1348,2022-11-01,19.0,4.0,7.77,90905.67,12,0,3.77,94.13
500,2022-11-01,2.0,4.0,13.52,15000.0,1,0,9.52,237.93
558,2022-11-01,5.0,7.0,9.79,5280.0,5,0,2.79,39.85
500,2022-11-01,4.0,2.0,11.52,13375.0,4,0,9.52,475.92
T8754,2022-11-01,16.0,10.0,9.61,500.0,4,1,0.39,3.95
1342,2022-11-01,13.0,2.0,11.57,13612.86,7,0,9.57,478.61
T8756,2022-11-01,1.0,10.0,10.27,791.25,1,0,0.27,2.75
1329,2022-11-01,4.0,5.0,17.28,21612.5,4,0,12.28,245.56
1329,2022-11-01,5.0,5.0,16.56,25000.0,5,0,11.56,231.2
T281,2022-11-01,400.0,3.0,14.65,604.39,14,1,11.65,388.35
1020,2022-11-01,7.0,7.0,15.74,120530.45,3,0,8.74,124.92
1343,2022-11-01,9.0,3.0,8.04,144960.65,3,0,5.04,167.85
558,2022-11-01,7.0,6.0,9.38,5000.0,7,0,3.38,56.25
T283,2022-11-01,360.0,5.0,18.22,298.0,24,1,13.22,264.36
T8827,2022-11-01,35.0,4.0,16.75,200.0,22,1,12.75,318.85
596,2022-11-01,24.0,3.0,6.43,5871.33,6,0,3.43,114.37
574,2022-11-01,34.0,9.0,23.02,6058.38,4,0,14.02,155.75
1018,2022-11-01,1.0,2.0,10.37,120000.0,1,0,8.37,418.66
1020,2022-11-01,11.0,7.0,16.61,96720.03,7,0,9.61,137.35
1348,2022-11-01,9.0,19.0,8.44,78819.88,3,0,10.56,55.59
1017,2022-11-01,3.0,11.5,12.16,150000.0,5,0,0.66,5.76
356,2022-10-01,12.0,31.0,23.47,39575.0,12,0,7.53,24.3
220,2022-10-01,6.0,2.0,7.31,73900.0,6,0,5.31,265.56
1112,2022-10-01,112.0,32.0,22.0,10218.85,26,1,10.0,31.26
690,2022-10-01,3.0,6.0,14.44,21500.0,2,0,8.44,140.59
690,2022-10-01,20.0,3.0,14.15,16481.5,1,0,11.15,371.57
1020,2022-10-01,45.0,11.0,14.53,110000.0,22,0,3.53,32.1
2228,2022-10-01,14.0,9.0,9.19,24693.71,3,0,0.19,2.13
264,2022-10-01,122.0,1.0,9.42,22380.18,6,1,8.42,841.6
689,2022-10-01,132.0,28.0,13.98,17000.0,16,1,14.02,50.09
574,2022-10-01,69.0,34.0,17.52,6715.78,27,1,16.48,48.46
1020,2022-10-01,40.0,45.0,29.2,97187.93,12,0,15.8,35.1
2213,2022-10-01,17.0,16.0,17.58,83882.35,17,0,1.58,9.9
2536,2022-10-01,2.0,22.0,10.13,33000.0,1,0,11.87,53.94
584,2022-10-01,1.0,1.0,11.66,16000.0,1,0,10.66,1066.29
2228,2022-10-01,9.0,1.0,13.1,28133.33,9,0,12.1,1210.03
279,2022-10-01,10.0,10.0,11.31,3070.71,7,0,1.31,13.13
584,2022-10-01,21.0,1.0,20.83,20742.0,2,0,19.83,1983.39
T7131,2022-10-01,13.0,77.0,34.87,2981.67,3,0,42.13,54.71
687,2022-10-01,19.0,5.0,8.58,16125.0,4,0,3.58,71.59
220,2022-10-01,5.0,6.0,7.22,36000.0,1,0,1.22,20.26
567,2022-10-01,109.0,46.0,26.49,14982.17,46,1,19.51,42.42
T7131,2022-10-01,77.0,1.0,13.04,3100.0,15,1,12.04,1203.72
T9567,2022-10-01,9.0,2.0,10.3,500.0,7,1,8.3,415.1
358,2022-10-01,80.0,59.0,49.93,2014.37,19,1,9.07,15.37
2238,2022-10-01,1.0,2.0,10.54,2400.0,1,0,8.54,427.04
2238,2022-10-01,2.0,1.0,7.11,2500.0,1,0,6.11,610.96
2213,2022-10-01,7.0,17.0,18.66,91186.26,3,0,1.66,9.75
1005,2022-10-01,15.0,3.0,8.07,114240.72,8,0,5.07,169.08
688,2022-10-01,30.0,52.0,32.63,11500.0,1,0,19.37,37.24
2208,2022-10-01,47.0,2.0,12.2,911.11,15,1,10.2,509.93
701,2022-10-01,12.0,1.0,11.97,3951.27,12,0,10.97,1097.23
701,2022-10-01,5.0,12.0,16.61,4800.0,5,0,4.61,38.42
2209,2022-10-01,2.0,1.0,8.25,51900.0,1,0,7.25,725.15
1005,2022-10-01,51.5,15.0,15.28,63021.75,7,0,0.28,1.89
T7129,2022-10-01,8.0,32.0,22.99,2500.0,3,0,9.01,28.16
688,2022-10-01,52.0,9.0,19.2,16214.29,7,0,10.2,113.37
2205,2022-10-01,33.0,3.0,9.36,7381.82,33,0,6.36,212.1
357,2022-10-01,34.0,39.0,18.41,2183.33,26,1,20.59,52.79
2205,2022-10-01,52.0,33.0,9.19,5567.75,4,1,23.81,72.14
357,2022-10-01,11.0,34.0,26.63,2085.71,7,0,7.37,21.68
221,2022-10-01,4.0,11.0,9.64,128125.0,2,0,1.36,12.4
221,2022-10-01,11.0,2.0,9.21,160700.0,11,0,7.21,360.3
T7129,2022-10-01,32.0,5.0,11.56,2594.12,17,1,6.56,131.21
103,2022-10-01,84.0,2.0,7.34,7867.07,8,1,5.34,267.1
T9563,2022-10-01,19.0,40.0,29.27,181.0,7,1,10.73,26.81
818,2022-10-01,9.0,70.0,19.59,1025.0,5,0,50.41,72.02
638,2022-10-01,5.0,2.0,12.91,3266.67,3,0,10.91,545.36
1113,2022-10-01,35.0,36.0,26.55,13066.67,15,0,9.45,26.25
1113,2022-10-01,23.0,35.0,30.7,12451.0,6,0,4.3,12.28
638,2022-10-01,8.0,5.0,13.58,6610.0,4,0,8.58,171.55
1114,2022-10-01,16.0,37.0,27.35,8667.0,3,0,9.65,26.07
798,2022-10-01,200.0,7.0,16.3,2944.84,12,1,9.3,132.92
1114,2022-10-01,37.0,30.0,20.75,10473.33,15,0,9.25,30.83
547,2022-10-01,2.0,6.0,11.56,8500.0,2,0,5.56,92.69
547,2022-10-01,6.0,46.0,20.15,12166.67,6,0,25.85,56.21
T9563,2022-10-01,40.0,6.0,13.76,202.08,24,1,7.76,129.34
356,2022-10-01,27.0,12.0,17.52,42638.38,7,0,5.52,46.04
2535,2022-10-01,1.0,2.0,10.32,30000.0,1,0,8.32,416.24
2533,2022-10-01,9.0,42.0,29.53,12303.33,6,0,12.47,29.7
225,2022-10-01,16.0,1.0,8.76,228080.54,6,0,7.76,775.93
355,2022-10-01,13.0,2.0,13.64,16300.33,3,0,11.64,582.14
791,2022-10-01,2.0,5.0,8.97,500.0,1,0,3.97,79.49
1009,2022-10-01,2.0,2.0,7.81,174075.0,1,0,5.81,290.73
681,2022-10-01,4.0,1.0,12.07,10525.0,4,0,11.07,1107.24
791,2022-10-01,5.0,2.0,7.96,1300.0,5,0,5.96,297.96
1109,2022-10-01,80.0,10.0,13.41,6572.58,31,1,3.41,34.14
1009,2022-10-01,2.0,21.0,7.44,190000.0,1,0,13.56,64.59
681,2022-10-01,1.0,73.0,19.2,14000.0,1,0,53.8,73.7
2248,2022-10-01,3.0,5.0,9.57,2600.0,3,0,4.57,91.31
2772,2022-10-01,2.0,1.0,9.47,350.0,1,0,8.47,846.71
2533,2022-10-01,42.0,6.0,12.71,12539.13,23,0,6.71,111.87
692,2022-10-01,40.0,65.0,47.62,6630.77,13,0,17.38,26.74
111,2022-10-01,5.0,23.0,10.98,28770.0,4,0,12.02,52.24
225,2022-10-01,1.0,2.0,8.98,480000.0,1,0,6.98,349.12
308,2022-10-01,12.0,29.0,12.34,20000.0,12,0,16.66,57.46
T7133,2022-10-01,131.0,7.0,15.05,3800.0,15,1,8.05,114.97
2257,2022-10-01,3.0,9.0,8.32,2250.0,1,0,0.68,7.6
693,2022-10-01,4.0,1.0,10.84,6250.0,2,0,9.84,983.85
350,2022-10-01,7.0,2.0,8.45,3590.01,4,0,6.45,322.41
753,2022-10-01,5.0,1.0,7.66,480.0,5,0,6.66,666.32
1108,2022-10-01,5.0,28.0,19.06,8480.0,3,0,8.94,31.92
1043,2022-10-01,44.0,19.0,10.41,109247.46,9,0,8.59,45.22
1108,2022-10-01,28.0,2.0,10.71,7613.2,5,0,8.71,435.32
276,2022-10-01,1.0,15.0,14.54,17850.0,1,0,0.46,3.06
644,2022-10-01,7.0,2.0,22.64,21546.17,3,0,20.64,1031.77
583,2022-10-01,11.0,22.0,15.66,37973.75,4,0,6.34,28.82
583,2022-10-01,22.0,45.0,22.35,23384.62,13,0,22.65,50.34
276,2022-10-01,15.0,3.0,11.71,13083.33,12,0,8.71,290.47
704,2022-10-01,52.0,40.0,26.94,2193.33,3,1,13.06,32.65
2256,2022-10-01,1.0,3.0,10.05,52750.0,1,0,7.05,235.11
644,2022-10-01,2.0,2.0,13.89,23750.0,2,0,11.89,594.58
T9379,2022-10-01,47.0,9.0,13.59,1100.0,10,1,4.59,51.04
111,2022-10-01,23.0,43.0,9.42,27526.71,7,0,33.58,78.08
T7166,2022-10-01,102.0,41.0,31.85,100.0,31,1,9.15,22.31
1006,2022-10-01,11.0,31.0,13.95,95993.99,4,0,17.05,54.99
T8756,2022-10-01,6.0,1.0,10.14,750.0,1,0,9.14,914.42
1111,2022-10-01,24.0,74.0,52.73,9000.0,9,0,21.27,28.74
2239,2022-10-01,8.0,54.0,22.58,3116.67,6,0,31.42,58.18
2239,2022-10-01,12.0,8.0,15.91,3000.0,3,0,7.91,98.91
792,2022-10-01,2.0,8.0,11.24,500.0,2,0,3.24,40.47
792,2022-10-01,8.0,6.0,9.1,550.0,4,0,3.1,51.63
1006,2022-10-01,43.0,11.0,11.99,29859.4,7,0,0.99,9.03
548,2022-10-01,1.0,15.0,9.43,11000.0,1,0,5.57,37.15
794,2022-10-01,2.0,3.0,10.09,2100.0,1,0,7.09,236.24
572,2022-10-01,2.0,33.0,11.06,12500.0,1,0,21.94,66.49
574,2022-10-01,9.0,69.0,36.3,6785.83,6,0,32.7,47.4
264,2022-10-01,1.0,1.0,11.08,68600.0,1,0,10.08,1008.37
278,2022-10-01,5.0,17.0,14.79,4040.0,4,0,2.21,12.99
278,2022-10-01,17.0,71.0,25.42,3800.0,9,0,45.58,64.2
1111,2022-10-01,55.0,24.0,28.98,7733.72,9,1,4.98,20.77
64,2022-10-01,6.0,30.0,10.44,94125.0,6,0,19.56,65.21
T7161,2022-10-01,18.0,79.0,40.16,114.72,9,1,38.84,49.17
64,2022-10-01,30.0,11.0,8.86,94791.93,10,0,2.14,19.46
T7161,2022-10-01,79.0,21.0,23.42,100.0,14,1,2.42,11.52
2240,2022-10-01,63.0,44.0,21.4,2128.86,7,1,22.6,51.37
2240,2022-10-01,44.0,48.0,26.28,2735.0,20,1,21.72,45.24
292,2022-10-01,10.0,23.0,12.89,5000.0,1,0,10.11,43.96
1110,2022-10-01,58.0,20.0,22.99,5950.0,16,1,2.99,14.93
1110,2022-10-01,28.0,58.0,43.68,7757.81,8,0,14.32,24.69
T8730,2022-10-01,20.0,10.0,18.2,1290.0,10,1,8.2,81.98
692,2022-10-01,68.0,40.0,36.55,5484.4,11,1,3.45,8.61
2244,2022-10-01,4.0,1.0,12.81,1000.0,2,0,11.81,1181.11
2244,2022-10-01,1.0,47.0,11.62,1100.0,1,0,35.38,75.28
T9547,2022-10-01,94.0,34.0,34.57,213.95,43,1,0.57,1.68
2778,2022-10-01,1.0,15.0,9.29,12000.0,1,0,5.71,38.04
548,2022-10-01,18.0,1.0,11.72,7227.61,5,0,10.72,1071.61
T7124,2022-10-01,5.0,16.0,9.41,2105.0,2,0,6.59,41.2
1115,2022-10-01,111.0,5.0,19.49,10834.5,20,1,14.49,289.71
2193,2022-10-01,18.0,22.0,13.14,2520.0,5,0,8.86,40.28
216,2022-10-01,1.0,6.0,8.28,90000.0,1,0,2.28,37.95
2556,2022-10-01,29.0,10.0,8.65,3071.43,14,1,1.35,13.52
635,2022-10-01,34.0,76.0,35.75,5580.0,10,0,40.25,52.96
635,2022-10-01,3.0,34.0,18.07,12666.67,3,0,15.93,46.85
288,2022-10-01,78.0,37.0,13.8,9633.33,12,1,23.2,62.69
1124,2022-10-01,8.0,14.0,11.55,15900.0,4,0,2.45,17.48
216,2022-10-01,6.0,6.0,8.43,90066.67,6,0,2.43,40.45
879,2022-10-01,156.0,1.0,9.4,2953.45,11,1,8.4,840.04
570,2022-10-01,89.0,27.0,20.36,17530.95,60,1,6.64,24.58
1124,2022-10-01,14.0,17.0,13.35,8500.0,7,0,3.65,21.5
263,2022-10-01,3.0,4.0,9.93,52800.0,3,0,5.93,148.23
2875,2022-10-01,1.0,1.0,7.53,25000.0,1,0,6.53,652.82
2875,2022-10-01,1.0,1.0,9.35,31700.0,1,0,8.35,835.33
544,2022-10-01,47.0,2.0,11.85,15343.33,30,0,9.85,492.58
369,2022-10-01,12.0,47.0,27.55,67853.13,8,0,19.45,41.39
3050,2022-10-01,1.0,1.0,9.6,28000.0,1,0,8.6,859.92
1123,2022-10-01,41.0,12.0,10.61,6443.33,9,0,1.39,11.59
1002,2022-10-01,24.0,4.0,8.54,16421.32,6,0,4.54,113.6
1123,2022-10-01,2.0,41.0,11.24,14000.0,1,0,29.76,72.6
2160,2022-10-01,10.0,1.0,8.21,4096.0,1,0,7.21,720.52
2160,2022-10-01,1.0,4.0,14.26,6900.0,1,0,10.26,256.56
545,2022-10-01,3.0,19.0,10.63,13500.0,2,0,8.37,44.06
545,2022-10-01,19.0,1.0,8.12,14042.11,19,0,7.12,712.46
T6556,2022-10-01,2.0,12.0,16.96,1450.0,1,0,4.96,41.31
2874,2022-10-01,5.0,1.0,7.76,29500.0,3,0,6.76,675.72
1002,2022-10-01,4.0,19.0,9.75,109500.0,4,0,9.25,48.7
T6556,2022-10-01,12.0,11.0,10.75,1500.0,5,0,0.25,2.3
1023,2022-10-01,72.0,2.0,12.5,76541.82,14,0,10.5,525.22
873,2022-10-01,2.0,1.0,9.11,1424.25,1,0,8.11,811.0
1122,2022-10-01,34.0,14.0,11.09,8467.38,8,0,2.91,20.76
2161,2022-10-01,2.0,3.0,7.33,31575.0,2,0,4.33,144.3
2161,2022-10-01,3.0,3.0,7.11,32000.0,3,0,4.11,136.98
369,2022-10-01,47.0,4.0,19.74,75237.26,8,0,15.74,393.46
544,2022-10-01,4.0,47.0,23.62,16656.88,4,0,23.38,49.74
2552,2022-10-01,6.0,2.0,9.75,14400.0,6,0,7.75,387.56
702,2022-10-01,2.0,15.0,9.54,4000.0,1,0,5.46,36.4
2879,2022-10-01,154.0,15.0,32.91,49588.0,115,1,17.91,119.39
1021,2022-10-01,40.0,13.0,14.44,55076.52,6,0,1.44,11.04
2137,2022-10-01,1.0,28.0,10.68,17000.0,1,0,17.32,61.87
2137,2022-10-01,7.0,1.0,8.61,15732.14,7,0,7.61,760.77
1128,2022-10-01,22.0,56.0,14.36,24136.36,11,0,41.64,74.37
702,2022-10-01,15.0,21.0,12.58,4080.0,10,0,8.42,40.09
261,2022-10-01,32.0,35.0,21.89,19047.14,8,0,13.11,37.47
1125,2022-10-01,9.0,8.0,12.5,13767.5,2,0,4.5,56.22
374,2022-10-01,1.0,2.0,8.09,71000.0,1,0,6.09,304.4
1001,2022-10-01,6.0,16.0,8.46,76055.28,1,0,7.54,47.13
261,2022-10-01,35.0,3.0,9.85,24757.14,7,0,6.85,228.31
889,2022-10-01,70.0,35.0,40.05,500.0,1,1,5.05,14.43
1129,2022-10-01,16.0,10.0,10.54,21225.0,4,0,0.54,5.43
213,2022-10-01,1.0,2.0,8.87,402000.0,1,0,6.87,343.35
T8731,2022-10-01,20.0,1.0,9.82,1100.0,9,1,8.82,882.16
881,2022-10-01,46.0,1.0,5.49,2652.0,25,1,4.49,449.09
370,2022-10-01,160.0,23.0,30.81,97256.6,56,1,7.81,33.95
2149,2022-10-01,4.0,20.0,9.38,105000.0,4,0,10.62,53.1
1127,2022-10-01,2.0,24.0,9.13,24000.0,1,0,14.87,61.97
585,2022-10-01,77.0,26.0,13.68,28441.86,43,1,12.32,47.4
T98,2022-10-01,4.0,68.0,24.77,800.0,3,0,43.23,63.57
T8731,2022-10-01,15.0,20.0,11.03,1022.78,9,1,8.97,44.87
881,2022-10-01,2.0,46.0,7.04,2568.75,2,0,38.96,84.7
1126,2022-10-01,27.0,21.0,14.34,15953.85,13,0,6.66,31.73
215,2022-10-01,24.0,3.0,7.29,61981.91,7,0,4.29,143.05
215,2022-10-01,3.0,5.0,7.42,110000.0,3,0,2.42,48.45
1126,2022-10-01,2.0,27.0,19.94,21100.0,1,0,7.06,26.16
2153,2022-10-01,6.0,20.0,8.61,2100.0,3,0,11.39,56.96
288,2022-10-01,10.0,78.0,22.22,10220.0,5,0,55.78,71.51
2153,2022-10-01,20.0,2.0,9.34,2526.67,15,0,7.34,366.77
263,2022-10-01,12.0,3.0,10.28,44689.65,3,0,7.28,242.58
863,2022-10-01,128.0,2.0,11.07,1161.81,14,1,9.07,453.72
1120,2022-10-01,8.0,4.0,9.82,11375.0,4,0,5.82,145.54
2193,2022-10-01,5.0,18.0,11.41,2543.33,3,0,6.59,36.63
284,2022-10-01,4.0,22.0,15.44,4408.33,3,0,6.56,29.82
847,2022-10-01,5.0,2.0,7.79,7960.0,5,0,5.79,289.52
546,2022-10-01,26.0,11.0,8.64,15584.62,26,0,2.36,21.46
666,2022-10-01,194.0,54.0,52.06,1278.87,140,2,1.94,3.59
1116,2022-10-01,38.0,30.0,34.9,5400.5,2,0,4.9,16.33
1116,2022-10-01,30.0,11.0,21.55,17333.33,12,0,10.55,95.89
571,2022-10-01,8.0,14.0,15.03,12962.5,5,0,1.03,7.38
284,2022-10-01,22.0,28.0,16.11,3562.5,8,0,11.89,42.46
850,2022-10-01,23.0,4.0,14.4,650.0,10,1,10.4,260.01
850,2022-10-01,8.0,23.0,15.66,525.0,4,0,7.34,31.9
T9568,2022-10-01,4.0,3.0,17.59,262.5,1,0,14.59,486.41
703,2022-10-01,1.0,2.0,9.15,3500.0,1,0,7.15,357.41
2551,2022-10-01,24.0,6.0,9.37,250.0,2,1,3.37,56.22
2172,2022-10-01,217.0,22.0,23.97,800.0,72,1,1.97,8.93
2637,2022-10-01,9.0,1.0,8.34,16900.0,9,0,7.34,733.54
557,2022-10-01,1.0,8.0,8.51,6600.0,1,0,0.51,6.42
687,2022-10-01,3.0,19.0,11.75,16000.0,1,0,7.25,38.17
T7120,2022-10-01,10.0,5.0,13.51,2200.0,3,0,8.51,170.18
575,2022-10-01,3.0,2.0,8.9,6300.0,1,0,6.9,345.06
218,2022-10-01,39.0,78.0,44.03,121336.43,9,0,33.97,43.56
218,2022-10-01,78.0,16.0,18.27,144153.62,69,0,2.27,14.2
T7120,2022-10-01,5.0,2.0,13.05,2100.0,3,0,11.05,552.71
2542,2022-10-01,1.0,1.0,6.97,158300.0,1,0,5.97,597.4
2542,2022-10-01,1.0,1.0,8.05,150000.0,1,0,7.05,705.36
1004,2022-10-01,61.5,29.5,24.89,71619.71,13,0,4.61,15.62
1004,2022-10-01,29.5,9.0,17.42,123730.98,23,0,8.42,93.57
282,2022-10-01,4.0,71.0,7.88,15000.0,4,0,63.12,88.91
282,2022-10-01,1.0,4.0,11.93,15000.0,1,0,7.93,198.31
226,2022-10-01,27.0,3.0,9.8,44060.61,6,0,6.8,226.78
819,2022-10-01,38.0,2.0,12.35,1061.54,13,1,10.35,517.47
T7123,2022-10-01,8.0,1.0,10.0,1999.75,2,0,9.0,899.52
358,2022-10-01,59.0,46.0,38.95,2225.81,31,1,7.05,15.32
2868,2022-10-01,2.0,2.0,7.16,21000.0,1,0,5.16,257.75
2551,2022-10-01,6.0,10.0,11.14,2000.0,6,0,1.14,11.42
585,2022-10-01,11.0,77.0,24.62,25727.78,8,0,52.38,68.03
T6557,2022-10-01,15.0,8.0,10.61,1600.0,4,0,2.61,32.57
2167,2022-10-01,5.0,5.0,14.06,21680.0,5,0,9.06,181.12
2167,2022-10-01,4.0,5.0,12.7,30375.0,4,0,7.7,154.09
3044,2022-10-01,1.0,2.0,10.38,44100.0,1,0,8.38,419.08
636,2022-10-01,1.0,2.0,9.08,7000.0,1,0,7.08,353.86
1003,2022-10-01,56.5,6.0,10.58,48726.4,8,0,4.58,76.27
686,2022-10-01,59.0,16.0,11.78,16283.33,6,0,4.22,26.39
2166,2022-10-01,13.0,22.0,14.03,22076.92,13,0,7.97,36.25
T6561,2022-10-01,18.0,2.0,7.96,3000.0,9,0,5.96,298.18
2166,2022-10-01,8.0,13.0,9.64,23893.75,8,0,3.36,25.82
686,2022-10-01,7.0,59.0,27.44,16970.0,4,0,31.56,53.5
363,2022-10-01,71.0,57.0,50.58,1458.22,23,1,6.42,11.27
2873,2022-10-01,24.0,3.0,9.17,3020.83,12,0,6.17,205.55
862,2022-10-01,1.0,4.0,11.92,997.5,1,0,7.92,198.04
1023,2022-10-01,2.0,8.5,9.04,106000.0,2,0,0.54,6.3
1118,2022-10-01,6.0,2.0,11.26,20000.0,3,0,9.26,463.22
2869,2022-10-01,100.0,6.0,12.63,28138.53,45,1,6.63,110.49
1118,2022-10-01,2.0,6.0,11.07,30000.0,1,0,5.07,84.54
684,2022-10-01,20.0,11.0,14.79,19000.0,1,0,3.79,34.44
684,2022-10-01,5.0,20.0,17.59,18247.5,4,0,2.41,12.03
1117,2022-10-01,18.0,4.0,12.92,13500.0,9,0,8.92,223.12
857,2022-10-01,196.0,6.0,14.67,2976.18,15,1,8.67,144.55
362,2022-10-01,21.0,50.0,43.14,1701.33,12,1,6.86,13.72
2168,2022-10-01,3.0,4.0,8.92,29733.33,3,0,4.92,123.0
2168,2022-10-01,4.0,23.0,10.24,31450.0,4,0,12.76,55.49
1003,2022-10-01,6.0,0.5,9.72,66407.35,1,0,9.22,1844.56
1117,2022-10-01,19.0,18.0,22.12,20233.33,3,0,4.12,22.89
546,2022-10-01,8.0,26.0,8.7,15858.33,6,0,17.3,66.53
637,2022-10-01,6.0,11.0,10.32,8330.0,4,0,0.68,6.17
637,2022-10-01,11.0,2.0,11.78,4257.14,7,0,9.78,489.21
217,2022-10-01,12.0,4.0,17.27,106842.99,7,0,13.27,331.66
557,2022-10-01,8.0,3.0,8.36,8000.0,4,0,5.36,178.58
549,2022-10-01,46.0,55.0,39.45,5623.31,21,1,15.55,28.27
312,2022-10-01,6.0,6.0,13.59,41000.5,4,0,7.59,126.45
T7167,2022-10-01,12.0,6.0,14.48,200.0,2,1,8.48,141.4
T8827,2022-10-01,76.0,35.0,28.09,236.25,40,1,6.91,19.74
2499,2022-10-01,7.0,3.0,6.76,245800.0,7,0,3.76,125.44
579,2022-10-01,3.0,14.0,9.35,4150.0,2,0,4.65,33.2
699,2022-10-01,19.0,1.0,13.26,3618.06,17,0,12.26,1225.95
1072,2022-10-01,24.0,3.0,7.67,71973.02,7,0,4.67,155.5
2404,2022-10-01,31.0,38.0,16.15,7363.64,22,0,21.85,57.51
2404,2022-10-01,7.0,31.0,12.02,8962.5,4,0,18.98,61.23
697,2022-10-01,6.0,1.0,11.56,3318.07,3,0,10.56,1055.54
309,2022-10-01,78.0,79.0,41.29,43299.39,21,0,37.71,47.73
3157,2022-10-01,9.0,14.0,12.19,130352.0,5,0,1.81,12.95
673,2022-10-01,55.0,2.0,10.9,25566.54,26,0,8.9,444.76
269,2022-10-01,24.0,2.0,18.97,26850.0,4,0,16.97,848.49
719,2022-10-01,152.0,3.0,12.14,800.0,7,1,9.14,304.63
269,2022-10-01,2.0,33.0,14.54,30000.0,1,0,18.46,55.94
1015,2022-10-01,5.0,28.0,15.56,101333.33,3,0,12.44,44.44
2406,2022-10-01,96.0,28.0,13.48,68.0,5,1,14.52,51.85
301,2022-10-01,5.0,27.0,12.51,30650.0,4,0,14.49,53.68
T8720,2022-10-01,28.0,15.0,16.71,212.5,16,1,1.71,11.37
266,2022-10-01,53.0,1.0,9.62,17333.11,8,0,8.62,861.83
266,2022-10-01,1.0,4.0,10.4,20000.0,1,0,6.4,160.08
T8851,2022-10-01,58.0,4.0,12.39,100.0,18,1,8.39,209.66
715,2022-10-01,8.0,10.0,18.0,800.0,4,0,8.0,79.97
715,2022-10-01,7.0,8.0,17.58,820.0,2,0,9.58,119.75
1071,2022-10-01,17.0,1.0,8.93,177647.06,17,0,7.93,793.45
1071,2022-10-01,43.5,17.0,11.24,120652.66,10,0,5.76,33.91
3155,2022-10-01,12.0,24.0,22.21,20000.0,9,0,1.79,7.48
561,2022-10-01,13.0,8.0,12.45,5114.29,7,0,4.45,55.58
2407,2022-10-01,6.0,17.0,26.92,1500.0,3,0,9.92,58.35
2407,2022-10-01,17.0,10.0,13.41,2000.0,14,0,3.41,34.09
561,2022-10-01,26.0,13.0,10.08,4868.0,3,0,2.92,22.47
3155,2022-10-01,63.0,12.0,19.77,19211.23,12,0,7.77,64.73
2408,2022-10-01,14.0,3.0,8.06,2256.38,8,0,5.06,168.55
577,2022-10-01,11.0,24.0,25.88,5159.38,7,0,1.88,7.83
1015,2022-10-01,30.25,5.0,16.52,77217.55,8,0,11.52,230.37
T8727,2022-10-01,19.0,14.0,20.36,256.02,11,1,6.36,45.45
2389,2022-10-01,12.0,26.0,20.67,15309.38,8,0,5.33,20.49
317,2022-10-01,9.0,4.0,8.94,50000.0,9,0,4.94,123.6
723,2022-10-01,1.0,16.0,16.47,400.0,1,0,0.47,2.96
270,2022-10-01,25.0,27.0,13.82,27710.0,5,0,13.18,48.82
1048,2022-10-01,1.0,44.0,32.59,80000.0,1,0,11.41,25.93
270,2022-10-01,27.0,30.0,14.24,26529.63,27,0,15.76,52.54
2389,2022-10-01,26.0,34.0,22.0,18307.69,26,0,12.0,35.31
T8564,2022-10-01,26.0,2.0,15.08,200.0,13,1,13.08,653.89
250,2022-10-01,10.0,18.0,12.63,6900.0,1,0,5.37,29.82
1048,2022-10-01,69.0,1.0,14.32,61630.87,10,0,13.32,1332.25
1018,2022-10-01,44.0,6.5,11.03,59813.99,8,0,4.53,69.7
705,2022-10-01,7.0,3.0,11.03,2693.9,3,0,8.03,267.81
3173,2022-10-01,11.0,1.0,11.12,25000.0,11,0,10.12,1011.72
T8728,2022-10-01,6.0,7.0,15.05,672.75,3,0,8.05,114.94
2501,2022-10-01,29.0,51.0,29.01,272546.65,9,0,21.99,43.12
T8871,2022-10-01,22.0,1.0,7.97,1675.0,8,1,6.97,696.72
722,2022-10-01,14.0,8.0,15.79,523.57,7,1,7.79,97.4
T8871,2022-10-01,1.0,22.0,12.2,1680.0,1,0,9.8,44.55
696,2022-10-01,31.0,3.0,10.5,3954.63,8,1,7.5,249.86
316,2022-10-01,3.0,6.0,7.25,33958.53,3,0,1.25,20.9
239,2022-10-01,38.0,1.0,8.43,274908.42,12,0,7.43,742.81
1073,2022-10-01,23.0,14.0,13.98,188064.78,15,0,0.02,0.14
1073,2022-10-01,12.5,23.0,20.69,164878.81,9,0,2.31,10.03
562,2022-10-01,17.0,28.0,12.35,5442.8,5,0,15.65,55.91
720,2022-10-01,6.0,5.0,17.59,600.0,1,0,12.59,251.86
720,2022-10-01,1.0,6.0,19.65,600.0,1,0,13.65,227.47
579,2022-10-01,14.0,10.0,9.67,4157.14,14,0,0.33,3.31
1049,2022-10-01,1.5,0.5,12.31,353000.0,3,0,11.81,2362.21
2394,2022-10-01,31.0,4.0,14.45,10305.0,20,0,10.45,261.21
2394,2022-10-01,4.0,61.0,27.22,12475.0,4,0,33.78,55.38
2696,2022-10-01,5.0,3.0,7.23,73900.0,5,0,4.23,141.15
553,2022-10-01,96.0,38.0,23.56,6141.46,41,1,14.44,38.0
2408,2022-10-01,3.0,4.0,9.16,2600.0,2,0,5.16,129.12
708,2022-10-01,5.0,10.0,13.43,1894.5,2,0,3.43,34.32
552,2022-10-01,109.0,43.0,29.24,9007.58,66,1,13.76,31.99
1052,2022-10-01,8.0,33.5,12.59,247638.26,6,0,20.91,62.41
1052,2022-10-01,33.5,1.5,10.72,231467.44,21,0,9.22,614.58
246,2022-10-01,1.0,29.0,13.5,13000.0,1,0,15.5,53.43
658,2022-10-01,142.0,33.0,29.3,3244.57,46,1,3.7,11.22
710,2022-10-01,3.0,4.0,13.46,1525.0,3,0,9.46,236.56
1017,2022-10-01,30.5,4.0,12.88,132347.62,10,0,8.88,222.06
2670,2022-10-01,8.0,39.0,36.83,1100.0,1,0,2.17,5.55
2440,2022-10-01,1.0,3.0,7.87,200000.0,1,0,4.87,162.18
2437,2022-10-01,5.0,2.0,8.27,15000.0,5,0,6.27,313.27
2440,2022-10-01,6.0,1.0,6.94,189475.0,4,0,5.94,593.85
2438,2022-10-01,15.0,1.0,7.88,1300.0,15,1,6.88,687.58
2438,2022-10-01,3.0,15.0,12.4,700.5,2,0,2.6,17.36
1067,2022-10-01,1.0,6.0,9.34,188317.5,1,0,3.34,55.75
698,2022-10-01,30.0,2.0,17.2,4364.19,15,0,15.2,759.78
698,2022-10-01,51.0,30.0,22.64,3289.5,2,1,7.36,24.54
578,2022-10-01,6.0,2.0,8.88,7800.0,4,0,6.88,343.79
2460,2022-10-01,3.0,1.0,5.82,245000.0,2,0,4.82,482.11
301,2022-10-01,4.0,5.0,10.55,40550.0,4,0,5.55,111.06
1053,2022-10-01,1.0,6.0,7.69,208000.0,1,0,1.69,28.2
2475,2022-10-01,3.0,31.0,17.35,1000.0,3,0,13.65,44.03
1053,2022-10-01,9.0,1.0,7.23,207440.99,3,0,6.23,623.4
1017,2022-10-01,4.0,1.5,15.75,144750.0,4,0,14.25,949.89
2660,2022-10-01,46.0,18.0,19.13,23111.11,45,0,1.13,6.29
2660,2022-10-01,8.0,46.0,34.72,64187.5,8,0,11.28,24.52
2481,2022-10-01,5.0,2.0,8.53,12600.0,5,0,6.53,326.69
577,2022-10-01,24.0,5.0,14.52,5160.71,14,0,9.52,190.36
671,2022-10-01,1.0,2.0,10.21,4000.0,1,0,8.21,410.51
T8726,2022-10-01,288.0,12.0,17.01,202.53,54,1,5.01,41.76
2481,2022-10-01,2.0,5.0,9.2,13800.0,2,0,4.2,83.95
709,2022-10-01,16.0,2.0,11.02,1538.89,9,0,9.02,451.18
709,2022-10-01,4.0,16.0,16.63,1588.25,2,0,0.63,3.94
555,2022-10-01,3.0,1.0,8.68,2333.33,3,0,7.68,767.96
1067,2022-10-01,6.0,17.0,7.33,125985.9,1,0,9.67,56.86
659,2022-10-01,7.0,4.0,20.95,2607.5,4,0,16.95,423.86
2685,2022-10-01,31.0,61.0,43.43,20728.0,25,0,17.57,28.81
1016,2022-10-01,5.0,6.5,9.11,153200.0,5,0,2.61,40.12
713,2022-10-01,51.0,41.0,33.87,952.63,19,1,7.13,17.39
554,2022-10-01,21.0,56.0,40.4,2711.5,2,0,15.6,27.86
1070,2022-10-01,15.5,31.5,24.07,147243.02,9,0,7.43,23.6
1070,2022-10-01,31.5,34.0,16.09,164764.92,24,0,17.91,52.66
241,2022-10-01,67.0,55.0,40.12,3932.33,12,1,14.88,27.06
315,2022-10-01,3.0,3.0,6.4,23958.58,3,0,3.4,113.32
1016,2022-10-01,50.0,5.0,9.56,98299.72,10,0,4.56,91.29
671,2022-10-01,2.0,3.0,8.49,4500.0,1,0,5.49,183.03
315,2022-10-01,3.0,1.0,7.48,56666.67,3,0,6.48,647.91
714,2022-10-01,95.0,1.0,18.82,834.69,49,1,17.82,1782.33
213,2022-10-01,60.0,1.0,7.94,144485.26,8,0,6.94,694.25
300,2022-10-01,151.0,44.0,36.72,14261.11,18,1,7.28,16.54
2409,2022-10-01,15.0,2.0,8.1,8471.43,7,0,6.1,305.19
2685,2022-10-01,77.0,31.0,27.35,17923.7,10,0,3.65,11.76
713,2022-10-01,27.0,51.0,33.86,1257.14,13,1,17.14,33.6
554,2022-10-01,56.0,6.0,12.78,4075.0,28,1,6.78,112.94
243,2022-10-01,2.0,9.0,7.58,3000.0,1,0,1.42,15.77
708,2022-10-01,10.0,2.0,12.83,1660.0,10,0,10.83,541.63
T8724,2022-10-01,24.0,11.0,20.66,155.93,7,1,9.66,87.86
T8724,2022-10-01,11.0,13.0,13.36,200.0,11,1,0.36,2.74
T8850,2022-10-01,78.0,6.0,19.62,102.5,2,1,13.62,226.99
313,2022-10-01,32.0,3.0,11.49,99625.0,32,0,8.49,283.11
2430,2022-10-01,8.0,2.0,9.66,1300.0,1,0,7.66,382.85
268,2022-10-01,1.0,54.0,28.45,30000.0,1,0,25.55,47.31
659,2022-10-01,4.0,3.0,14.03,3000.0,1,0,11.03,367.64
268,2022-10-01,10.0,1.0,16.15,30533.33,9,0,15.15,1514.87
313,2022-10-01,59.0,32.0,15.9,96925.47,22,0,16.1,50.3
T8851,2022-10-01,14.0,58.0,40.91,105.25,2,1,17.09,29.47
699,2022-10-01,17.0,19.0,16.79,4086.25,8,0,2.21,11.64
710,2022-10-01,4.0,12.0,13.88,1600.0,3,0,1.88,15.68
2437,2022-10-01,1.0,5.0,7.28,15000.0,1,0,2.28,45.62
1014,2022-10-01,5.5,18.0,17.57,114000.0,7,0,0.43,2.36
1074,2022-10-01,22.5,29.5,28.81,153286.22,20,0,0.69,2.34
T7167,2022-10-01,6.0,25.0,17.88,200.0,3,1,7.12,28.49
1085,2022-10-01,22.0,28.0,15.74,12345.71,7,0,12.26,43.77
1080,2022-10-01,9.0,3.0,9.44,140777.25,4,0,6.44,214.58
556,2022-10-01,8.0,53.0,21.08,11787.5,4,0,31.92,60.23
556,2022-10-01,53.0,3.0,10.95,13452.94,51,1,7.95,265.04
2314,2022-10-01,20.0,4.0,8.28,650.0,1,1,4.28,106.95
T8729,2022-10-01,4.0,63.0,12.84,683.58,3,0,50.16,79.62
704,2022-10-01,40.0,6.0,12.34,2658.64,8,1,6.34,105.71
T8729,2022-10-01,63.0,28.0,17.71,700.0,30,1,10.29,36.74
337,2022-10-01,4.0,3.0,7.39,1.0,1,1,4.39,146.45
2311,2022-10-01,34.0,2.0,11.63,34673.68,19,0,9.63,481.46
2311,2022-10-01,8.0,34.0,26.89,12298.65,1,0,7.11,20.9
324,2022-10-01,2.0,1.0,8.52,31000.0,2,0,7.52,751.53
1085,2022-10-01,28.0,18.0,17.03,11150.0,6,0,0.97,5.41
2645,2022-10-01,39.0,12.0,15.12,460.25,4,1,3.12,26.02
736,2022-10-01,3.0,26.0,10.06,36308.33,3,0,15.94,61.3
558,2022-10-01,5.0,26.0,11.25,5265.0,5,0,14.75,56.72
2315,2022-10-01,2.0,2.0,8.06,2000.0,1,0,6.06,302.84
2315,2022-10-01,2.0,1.0,7.53,1500.0,2,0,6.53,652.51
1044,2022-10-01,2.0,21.0,18.5,80000.0,1,0,2.5,11.92
2745,2022-10-01,22.0,14.0,9.12,6000.0,8,0,4.88,34.88
T9307,2022-10-01,29.0,3.0,9.02,1223.08,13,1,6.02,200.52
323,2022-10-01,15.0,1.0,11.08,62860.0,15,0,10.08,1007.55
323,2022-10-01,7.0,15.0,13.9,42333.5,4,0,1.1,7.35
2318,2022-10-01,5.0,22.0,17.73,2631.25,2,0,4.27,19.39
2318,2022-10-01,22.0,4.0,14.8,2070.0,10,1,10.8,270.06
1078,2022-10-01,0.5,2.0,7.99,210000.0,1,0,5.99,299.61
2519,2022-10-01,3.0,4.0,7.95,50933.33,3,0,3.95,98.67
2319,2022-10-01,80.0,2.0,12.78,3000.0,10,1,10.78,539.2
T9288,2022-10-01,1.0,4.0,11.7,600.0,1,0,7.7,192.52
550,2022-10-01,4.0,1.0,7.53,4110.0,4,0,6.53,653.33
1021,2022-10-01,13.0,8.0,14.43,107769.23,13,0,6.43,80.36
274,2022-10-01,27.0,55.0,16.84,9190.48,21,0,38.16,69.38
1012,2022-10-01,5.0,6.0,8.57,227000.0,2,0,2.57,42.92
229,2022-10-01,50.0,3.0,13.09,86656.61,10,0,10.09,336.39
T9228,2022-10-01,2.0,12.0,14.58,300.0,1,0,2.58,21.51
2264,2022-10-01,3.0,5.0,12.14,123333.33,3,0,7.14,142.78
2757,2022-10-01,7.0,4.0,12.0,25687.5,4,0,8.0,199.94
1019,2022-10-01,13.0,4.0,8.89,124800.0,10,0,4.89,122.22
2757,2022-10-01,4.0,4.0,11.59,21100.0,3,0,7.59,189.85
564,2022-10-01,12.0,43.0,11.82,11641.67,6,0,31.18,72.52
564,2022-10-01,43.0,1.0,11.69,10302.33,43,1,10.69,1069.23
T9379,2022-10-01,6.0,47.0,19.32,1050.0,2,0,27.68,58.9
1010,2022-10-01,94.0,3.0,9.47,408.0,25,1,6.47,215.54
1087,2022-10-01,26.0,3.0,11.87,15466.67,3,0,8.87,295.55
549,2022-10-01,55.0,17.0,19.88,6065.79,38,1,2.88,16.94
349,2022-10-01,22.0,1.0,10.73,5438.21,8,0,9.73,973.35
312,2022-10-01,6.0,1.0,7.92,99900.0,6,0,6.92,692.29
349,2022-10-01,1.0,1.0,8.73,12500.0,1,0,7.73,772.8
748,2022-10-01,2.0,2.0,8.16,300.0,1,0,6.16,307.97
1101,2022-10-01,1.0,4.0,10.22,14000.0,1,0,6.22,155.38
227,2022-10-01,4.0,1.0,9.12,64966.67,3,0,8.12,812.3
227,2022-10-01,1.0,6.0,7.43,75000.0,1,0,1.43,23.81
110,2022-10-01,31.0,1.0,9.9,35709.57,15,0,8.9,890.0
296,2022-10-01,17.0,15.0,14.92,19050.0,8,0,0.08,0.5
572,2022-10-01,33.0,10.0,8.54,12294.74,12,0,1.46,14.61
1099,2022-10-01,6.0,4.0,11.26,14100.0,2,0,7.26,181.4
296,2022-10-01,15.0,63.0,29.18,25533.33,15,0,33.82,53.68
1019,2022-10-01,26.0,13.0,10.67,19844.07,7,0,2.33,17.91
2521,2022-10-01,4.0,39.0,18.49,19000.0,2,0,20.51,52.59
1012,2022-10-01,3.0,5.0,11.87,205725.0,3,0,6.87,137.45
2282,2022-10-01,2.0,1.0,8.7,1055.0,1,0,7.7,769.72
700,2022-10-01,69.0,11.0,18.3,3343.05,16,1,7.3,66.32
645,2022-10-01,4.0,4.0,10.84,14720.83,3,0,6.84,170.99
1088,2022-10-01,6.0,6.0,9.37,23460.0,5,0,3.37,56.2
1088,2022-10-01,17.0,6.0,12.68,17777.89,9,0,6.68,111.29
2752,2022-10-01,70.0,16.0,9.78,7400.0,7,1,6.22,38.9
736,2022-10-01,26.0,1.0,8.93,35010.0,20,0,7.93,793.38
645,2022-10-01,4.0,1.0,9.27,17400.0,2,0,8.27,826.7
1013,2022-10-01,83.0,19.0,22.59,88524.45,18,0,3.59,18.92
2388,2022-10-01,7.0,50.0,13.85,16880.0,5,0,36.15,72.31
573,2022-10-01,16.0,2.0,9.72,7416.67,6,0,7.72,386.0
2381,2022-10-01,1.0,3.0,8.03,145000.0,1,0,5.03,167.75
297,2022-10-01,17.0,1.0,10.5,9933.33,3,0,9.5,949.64
318,2022-10-01,11.0,4.0,9.09,4533.67,2,0,5.09,127.17
318,2022-10-01,4.0,4.0,8.44,12000.0,4,0,4.44,111.1
1075,2022-10-01,14.0,2.0,10.01,130891.16,10,0,8.01,400.57
238,2022-10-01,5.0,1.0,7.13,272373.37,5,0,6.13,612.72
1075,2022-10-01,2.0,7.0,9.44,152500.0,2,0,2.44,34.8
2372,2022-10-01,101.0,1.0,12.3,546.81,47,1,11.3,1129.58
700,2022-10-01,13.0,69.0,50.85,4556.25,8,0,18.15,26.3
695,2022-10-01,453.0,17.0,23.87,5453.58,70,1,6.87,40.4
705,2022-10-01,2.0,7.0,10.52,3000.0,1,0,3.52,50.34
T7169,2022-10-01,8.0,45.0,23.7,300.0,2,1,21.3,47.33
271,2022-10-01,18.0,13.0,19.13,28792.86,7,0,6.13,47.17
271,2022-10-01,13.0,40.0,25.26,28246.15,13,0,14.74,36.86
2383,2022-10-01,2.0,1.0,8.17,7385.0,2,0,7.17,716.72
726,2022-10-01,3.0,1.0,7.6,1500.0,1,0,6.6,660.24
T854,2022-10-01,5.0,8.0,10.46,180.0,2,1,2.46,30.78
2384,2022-10-01,10.0,5.0,8.84,35000.0,1,0,3.84,76.74
2384,2022-10-01,5.0,1.0,8.47,46480.0,5,0,7.47,747.33
T854,2022-10-01,8.0,4.0,9.36,200.0,5,1,5.36,133.98
297,2022-10-01,1.0,64.0,19.18,12500.0,1,0,44.82,70.02
1018,2022-10-01,6.5,1.0,8.56,147385.2,5,0,7.56,756.06
725,2022-10-01,3.0,6.0,10.7,800.0,2,0,4.7,78.36
725,2022-10-01,2.0,3.0,9.3,800.0,2,0,6.3,209.87
648,2022-10-01,4.0,3.0,8.52,6330.0,2,0,5.52,183.85
1014,2022-10-01,48.5,5.5,23.23,70111.21,17,0,17.73,322.38
648,2022-10-01,3.0,4.0,11.78,2400.0,3,0,7.78,194.45
696,2022-10-01,2.0,31.0,15.65,4000.0,2,0,15.35,49.53
2501,2022-10-01,51.0,6.0,15.46,230070.97,31,0,9.46,157.72
1074,2022-10-01,29.5,20.0,20.82,174392.37,22,0,0.82,4.1
2388,2022-10-01,4.0,7.0,11.79,14442.5,4,0,4.79,68.39
728,2022-10-01,19.0,1.0,13.26,400.0,6,1,12.26,1226.06
581,2022-10-01,4.0,3.0,10.55,35500.0,4,0,7.55,251.83
647,2022-10-01,1.0,6.0,9.4,6300.0,1,0,3.4,56.74
731,2022-10-01,5.0,1.0,8.95,21120.0,5,0,7.95,794.84
322,2022-10-01,29.0,2.0,8.66,67310.71,28,0,6.66,333.22
558,2022-10-01,26.0,5.0,9.64,5010.0,20,0,4.64,92.86
694,2022-10-01,412.0,8.0,31.32,4826.08,43,1,23.32,291.56
1077,2022-10-01,11.0,11.0,10.61,193177.06,5,0,0.39,3.56
731,2022-10-01,3.0,5.0,9.35,1.0,1,1,4.35,86.93
272,2022-10-01,73.0,2.0,7.85,18385.44,7,0,5.85,292.27
1013,2022-10-01,19.0,8.0,20.29,117805.59,10,0,12.29,153.63
581,2022-10-01,3.0,31.0,12.07,37500.0,3,0,18.93,61.07
302,2022-10-01,2.0,7.0,9.0,20200.0,2,0,2.0,28.56
1044,2022-10-01,21.0,26.0,10.74,94357.14,14,0,15.26,58.68
2962,2022-10-01,46.0,22.0,22.53,11583.33,6,0,0.53,2.42
2327,2022-10-01,7.0,27.0,9.13,17914.29,7,0,17.87,66.19
2327,2022-10-01,1.0,7.0,9.66,17000.0,1,0,2.66,37.98
2727,2022-10-01,20.0,4.0,8.07,12554.5,1,0,4.07,101.86
662,2022-10-01,6.0,41.0,19.98,12000.0,6,0,21.02,51.26
234,2022-10-01,1.0,10.0,9.71,80000.0,1,0,0.29,2.87
T7168,2022-10-01,13.0,3.0,16.67,300.0,2,1,13.67,455.7
T7168,2022-10-01,3.0,10.0,13.12,300.0,3,0,3.12,31.18
2656,2022-10-01,1.0,3.0,6.91,10550.0,1,0,3.91,130.31
729,2022-10-01,2.0,2.0,12.5,350.0,2,0,10.5,525.06
322,2022-10-01,19.0,29.0,9.51,4336.42,3,0,19.49,67.2
1046,2022-10-01,2.0,5.5,8.34,84000.0,2,0,2.84,51.72
647,2022-10-01,6.0,2.0,8.36,6133.33,6,0,6.36,317.96
2343,2022-10-01,46.0,34.0,42.15,18307.73,22,0,8.15,23.96
1047,2022-10-01,2.0,14.0,9.57,83345.0,1,0,4.43,31.64
1076,2022-10-01,6.0,7.0,7.63,162386.21,2,0,0.63,9.07
1076,2022-10-01,4.0,6.0,10.75,221118.75,4,0,4.75,79.15
582,2022-10-01,1.0,1.0,9.7,35000.0,1,0,8.7,869.57
T9226,2022-10-01,14.0,1.0,15.21,200.0,11,1,14.21,1421.09
2361,2022-10-01,3.0,3.0,8.71,28000.0,3,0,5.71,190.29
T9226,2022-10-01,3.0,14.0,16.56,350.0,2,0,2.56,18.28
550,2022-10-01,1.0,6.0,8.1,4500.0,1,0,2.1,34.93
1423,2022-10-01,9.0,31.0,21.22,4388.89,9,0,9.78,31.56
T6555,2022-10-01,32.0,2.0,7.45,1300.0,8,1,5.45,272.44
1687,2022-10-01,5.0,4.0,15.54,1359.13,4,0,11.54,288.6
620,2022-10-01,22.0,22.0,18.74,1300.0,3,1,3.26,14.8
969,2022-10-01,5.0,3.0,13.55,110508.33,3,0,10.55,351.51
969,2022-10-01,3.0,47.0,13.47,126000.0,3,0,33.53,71.34
507,2022-10-01,2.0,3.0,18.83,3000.0,1,0,15.83,527.5
1301,2022-10-01,4.0,2.0,8.54,7000.0,3,0,6.54,326.81
1301,2022-10-01,2.0,3.0,7.81,7450.0,2,0,4.81,160.37
T6327,2022-10-01,9.0,2.0,12.41,500.0,4,1,10.41,520.45
1686,2022-10-01,5.0,4.0,9.27,17420.0,5,0,5.27,131.72
1686,2022-10-01,1.0,5.0,10.4,16000.0,1,0,5.4,108.02
434,2022-10-01,4.0,18.0,20.13,27375.0,4,0,2.13,11.82
434,2022-10-01,18.0,10.0,13.21,26307.69,13,0,3.21,32.1
970,2022-10-01,48.0,5.0,16.72,42439.98,8,0,11.72,234.31
1303,2022-10-01,3.0,2.0,9.18,8000.0,2,0,7.18,358.97
1679,2022-10-01,4.0,13.0,15.6,6800.0,4,0,2.6,19.96
1677,2022-10-01,6.0,67.0,14.37,20183.33,6,0,52.63,78.56
1677,2022-10-01,12.0,6.0,9.04,16133.33,3,0,3.04,50.74
1304,2022-10-01,4.0,4.0,8.83,9000.0,4,0,4.83,120.63
970,2022-10-01,5.0,2.0,8.61,114400.0,5,0,6.61,330.27
T5794,2022-10-01,8.0,5.0,12.99,300.0,8,1,7.99,159.82
620,2022-10-01,22.0,2.0,17.16,1515.38,13,1,15.16,757.83
1687,2022-10-01,4.0,7.0,12.45,1333.33,3,0,5.45,77.8
1670,2022-10-01,2.0,1.0,7.32,168000.0,1,0,6.32,631.97
1300,2022-10-01,1.0,1.0,8.83,7000.0,1,0,7.83,782.88
966,2022-10-01,29.5,10.0,9.18,162639.26,7,0,0.82,8.23
966,2022-10-01,10.0,3.0,9.38,182500.0,4,0,6.38,212.82
T6509,2022-10-01,66.0,3.0,8.89,300.0,12,1,5.89,196.27
169,2022-10-01,3.0,3.0,8.33,6333.33,3,0,5.33,177.78
169,2022-10-01,7.0,3.0,9.19,5994.29,7,0,6.19,206.48
432,2022-10-01,3.0,42.0,21.39,18808.33,3,0,20.61,49.07
432,2022-10-01,42.0,1.0,9.32,19310.99,4,0,8.32,831.89
595,2022-10-01,11.0,6.0,9.59,11000.0,11,0,3.59,59.79
1292,2022-10-01,19.0,22.0,29.1,4738.89,9,0,7.1,32.25
1292,2022-10-01,22.0,34.0,21.29,10010.53,19,0,12.71,37.37
967,2022-10-01,83.0,39.5,29.75,146354.98,10,0,9.75,24.69
967,2022-10-01,39.5,2.0,14.07,163799.09,12,0,12.07,603.37
T6329,2022-10-01,21.0,9.0,12.29,400.0,21,1,3.29,36.57
T6329,2022-10-01,4.0,21.0,17.59,369.25,1,0,3.41,16.24
T6328,2022-10-01,3.0,66.0,10.43,433.33,3,0,55.57,84.19
1688,2022-10-01,12.0,32.0,27.18,1057.14,7,0,4.82,15.05
1688,2022-10-01,21.0,12.0,21.25,1058.13,8,1,9.25,77.12
1293,2022-10-01,59.0,53.0,33.21,1342.89,9,1,19.79,37.34
507,2022-10-01,3.0,3.0,10.42,2000.0,1,0,7.42,247.33
T5794,2022-10-01,8.0,8.0,13.87,315.75,2,1,5.87,73.32
1670,2022-10-01,1.0,2.0,6.82,168800.0,1,0,4.82,241.13
1610,2022-10-01,2.0,1.0,9.67,305000.0,1,0,8.67,867.14
502,2022-10-01,1.0,1.0,9.76,15100.0,1,0,8.76,876.36
1636,2022-10-01,1.0,21.0,11.21,190000.0,1,0,9.79,46.63
44,2022-10-01,1.0,1.0,8.51,1.0,1,1,7.51,751.24
502,2022-10-01,2.0,1.0,9.45,14350.0,2,0,8.45,845.41
972,2022-10-01,54.0,10.5,10.07,183639.33,9,0,0.43,4.05
972,2022-10-01,10.5,10.0,11.04,202311.9,6,0,1.04,10.39
1322,2022-10-01,4.0,10.0,9.34,1375.0,4,0,0.66,6.63
1322,2022-10-01,10.0,3.0,8.41,1420.0,10,0,5.41,180.48
1325,2022-10-01,6.0,12.0,10.69,24132.5,2,0,1.31,10.91
163,2022-10-01,13.0,2.0,8.23,6023.08,13,0,6.23,311.34
T3376,2022-10-01,40.0,3.0,6.76,300.0,10,1,3.76,125.23
1626,2022-10-01,1.0,1.0,7.75,8000.0,1,0,6.75,674.74
T3376,2022-10-01,1.0,40.0,28.26,200.0,1,0,11.74,29.34
617,2022-10-01,141.0,2.0,7.3,4737.0,8,1,5.3,265.1
977,2022-10-01,1.0,3.0,8.09,41000.0,1,0,5.09,169.7
1327,2022-10-01,2.0,20.0,11.05,38000.0,1,0,8.95,44.77
1617,2022-10-01,4.0,2.0,7.47,6000.0,4,0,5.47,273.4
1617,2022-10-01,1.0,4.0,10.82,6857.5,1,0,6.82,170.53
596,2022-10-01,4.0,2.0,9.5,6748.75,4,0,7.5,375.18
501,2022-10-01,2.0,1.0,12.05,14350.0,2,0,11.05,1105.31
1636,2022-10-01,21.0,4.0,9.27,223866.67,21,0,5.27,131.64
T4083,2022-10-01,4.0,2.0,11.39,400.0,1,0,9.39,469.41
T5315,2022-10-01,52.0,8.0,12.96,100.0,23,1,4.96,61.94
618,2022-10-01,3.0,12.0,8.55,2212.5,2,0,3.45,28.75
T5315,2022-10-01,13.0,52.0,30.6,104.64,7,1,21.4,41.15
1320,2022-10-01,2.0,2.0,7.75,23000.0,2,0,5.75,287.42
1320,2022-10-01,2.0,17.0,8.42,23100.0,2,0,8.58,50.46
1667,2022-10-01,17.0,21.0,14.35,160426.87,17,0,6.65,31.65
1667,2022-10-01,10.0,17.0,13.56,165470.55,5,0,3.44,20.21
435,2022-10-01,6.0,5.0,10.03,33552.0,5,0,5.03,100.62
435,2022-10-01,5.0,6.0,11.3,32000.0,3,0,5.3,88.39
971,2022-10-01,56.0,25.0,17.35,92071.54,10,0,7.65,30.59
971,2022-10-01,25.0,4.0,9.83,130846.0,12,0,5.83,145.69
1649,2022-10-01,12.0,2.0,7.76,7310.0,10,0,5.76,288.07
T5287,2022-10-01,5.0,3.0,10.54,2000.0,5,0,7.54,251.2
T5287,2022-10-01,2.0,5.0,10.03,1942.5,1,0,5.03,100.6
1647,2022-10-01,5.0,11.0,11.3,38800.0,5,0,0.3,2.76
1321,2022-10-01,3.0,3.0,7.91,1000.0,3,0,4.91,163.61
1321,2022-10-01,3.0,3.0,8.78,866.67,3,0,5.78,192.71
1640,2022-10-01,4.0,17.0,10.0,176914.35,4,0,7.0,41.17
1637,2022-10-01,12.0,4.0,10.22,302816.67,12,0,6.22,155.59
1637,2022-10-01,12.0,12.0,9.26,240067.22,8,0,2.74,22.85
618,2022-10-01,12.0,2.0,7.32,2300.0,6,0,5.32,265.99
1695,2022-10-01,23.0,2.0,12.36,18483.33,6,0,10.36,517.98
622,2022-10-01,7.0,8.0,18.44,1812.5,4,0,10.44,130.52
622,2022-10-01,8.0,10.0,12.85,2500.0,6,0,2.85,28.52
624,2022-10-01,91.0,22.0,23.65,702.22,45,1,1.65,7.51
425,2022-10-01,86.0,71.0,38.61,26664.8,45,1,32.39,45.62
959,2022-10-01,4.0,9.0,13.97,140834.91,2,0,4.97,55.26
T6519,2022-10-01,24.0,8.0,11.87,300.0,1,1,3.87,48.32
594,2022-10-01,3.0,8.0,13.4,18000.0,3,0,5.4,67.56
1260,2022-10-01,9.0,7.0,8.29,20596.74,7,0,1.29,18.37
1784,2022-10-01,4.0,11.0,10.98,48166.67,3,0,0.02,0.2
1260,2022-10-01,7.0,1.0,7.5,36728.57,7,0,6.5,649.58
1261,2022-10-01,3.0,1.0,7.38,58000.0,3,0,6.38,637.75
1770,2022-10-01,3.0,1.0,10.07,18500.0,2,0,9.07,907.0
1766,2022-10-01,2.0,3.0,7.53,44100.0,1,0,4.53,150.95
1758,2022-10-01,2.0,20.0,11.9,333500.0,2,0,8.1,40.5
1265,2022-10-01,24.0,30.0,22.04,8715.0,12,0,7.96,26.52
1265,2022-10-01,30.0,7.0,16.59,6436.67,15,0,9.59,136.99
1749,2022-10-01,21.0,14.0,11.8,764.0,4,1,2.2,15.74
959,2022-10-01,9.0,41.0,14.93,180008.39,4,0,26.07,63.59
1266,2022-10-01,76.0,4.0,10.43,741.11,9,1,6.43,160.86
1268,2022-10-01,50.0,4.0,8.44,960.0,1,1,4.44,110.94
1737,2022-10-01,19.0,4.0,10.36,115100.0,10,0,6.36,159.12
1737,2022-10-01,37.0,19.0,16.78,29948.14,7,0,2.22,11.67
T6519,2022-10-01,8.0,2.0,19.7,300.0,7,1,17.7,885.08
1257,2022-10-01,8.0,2.0,9.98,10075.0,8,0,7.98,399.17
1698,2022-10-01,55.0,2.0,7.93,5480.97,7,1,5.93,296.35
594,2022-10-01,1.0,3.0,12.65,21000.0,1,0,9.65,321.71
593,2022-10-01,2.0,2.0,9.63,24150.0,2,0,7.63,381.44
421,2022-10-01,4.0,5.0,9.34,45365.0,2,0,4.34,86.74
421,2022-10-01,5.0,32.0,9.99,49144.0,3,0,22.01,68.78
1248,2022-10-01,3.0,10.0,9.96,31700.0,2,0,0.04,0.4
529,2022-10-01,3.0,47.0,15.6,3000.0,3,0,31.4,66.81
1797,2022-10-01,16.0,4.0,13.17,64956.19,6,0,9.17,229.37
1797,2022-10-01,9.0,16.0,18.48,61434.97,5,0,2.48,15.53
958,2022-10-01,121.0,6.0,14.71,150351.3,57,0,8.71,145.19
1253,2022-10-01,8.0,11.0,11.86,190796.48,5,0,0.86,7.79
1796,2022-10-01,2.0,7.0,10.45,122884.16,2,0,3.45,49.22
1796,2022-10-01,1.0,2.0,11.72,147700.0,1,0,9.72,485.93
424,2022-10-01,2.0,2.0,9.22,50112.5,1,0,7.22,360.88
424,2022-10-01,2.0,9.0,11.15,52000.0,1,0,2.15,23.91
1795,2022-10-01,2.0,2.0,8.66,45000.0,2,0,6.66,333.19
1795,2022-10-01,1.0,2.0,10.81,42000.0,1,0,8.81,440.42
1254,2022-10-01,4.0,67.0,32.02,6000.0,1,0,34.98,52.2
1254,2022-10-01,67.0,26.0,18.51,6250.0,17,1,7.49,28.8
1794,2022-10-01,8.0,1.0,8.67,23128.57,7,0,7.67,767.28
1794,2022-10-01,8.0,8.0,10.52,21000.0,4,0,2.52,31.51
T6512,2022-10-01,13.0,2.0,12.44,300.0,4,1,10.44,521.91
T6511,2022-10-01,12.0,4.0,13.11,300.0,3,1,9.11,227.7
960,2022-10-01,15.5,17.0,19.07,103214.87,7,0,2.07,12.2
960,2022-10-01,17.0,2.0,9.48,115262.15,7,0,7.48,374.25
430,2022-10-01,30.0,5.0,23.37,40888.89,18,0,18.37,367.34
1280,2022-10-01,3.0,4.0,7.5,8000.0,2,0,3.5,87.56
1280,2022-10-01,4.0,66.0,14.69,8200.0,4,0,51.31,77.75
1712,2022-10-01,31.0,3.0,13.75,800.0,14,1,10.75,358.28
1712,2022-10-01,28.0,31.0,27.8,463.56,9,1,3.2,10.31
509,2022-10-01,1.0,1.0,8.88,2100.0,1,0,7.88,787.62
963,2022-10-01,5.0,4.0,7.01,194133.83,3,0,3.01,75.17
1281,2022-10-01,2.0,3.0,8.03,131500.0,2,0,5.03,167.79
1281,2022-10-01,3.0,9.0,8.09,118319.87,3,0,0.91,10.12
431,2022-10-01,114.0,23.0,26.87,41285.05,50,1,3.87,16.81
1283,2022-10-01,2.0,5.0,8.71,9500.0,2,0,3.71,74.13
1706,2022-10-01,2.0,2.0,8.31,8350.0,1,0,6.31,315.39
1706,2022-10-01,4.0,2.0,8.23,6000.25,4,0,6.23,311.7
964,2022-10-01,2.0,3.0,10.24,148000.0,1,0,7.24,241.34
964,2022-10-01,3.0,5.0,8.78,165000.0,2,0,3.78,75.59
595,2022-10-01,5.0,11.0,12.32,10350.0,3,0,1.32,11.98
1289,2022-10-01,6.0,2.0,8.11,14450.0,2,0,6.11,305.53
1289,2022-10-01,2.0,21.0,8.77,14500.0,2,0,12.23,58.26
1698,2022-10-01,2.0,4.0,10.12,2500.0,1,0,6.12,152.98
1713,2022-10-01,4.0,61.0,16.81,1578.75,2,0,44.19,72.45
1713,2022-10-01,61.0,1.0,6.58,1600.0,16,1,5.58,557.88
1279,2022-10-01,3.0,1.0,8.36,13187.5,3,0,7.36,735.93
T6510,2022-10-01,12.0,10.0,13.61,300.0,11,1,3.61,36.07
518,2022-10-01,27.0,8.0,9.57,48522.93,8,0,1.57,19.63
1732,2022-10-01,182.0,18.0,19.86,1100.0,23,1,1.86,10.31
1269,2022-10-01,17.0,15.0,9.37,2750.5,2,0,5.63,37.52
1269,2022-10-01,15.0,2.0,8.44,2833.33,12,0,6.44,321.98
623,2022-10-01,36.0,27.0,25.24,1300.0,18,1,1.76,6.51
1731,2022-10-01,18.0,3.0,11.06,600.0,3,1,8.06,268.82
1130,2022-10-01,11.0,4.0,10.67,26100.0,3,0,6.67,166.77
623,2022-10-01,39.0,36.0,36.33,1283.82,15,1,0.33,0.92
T6510,2022-10-01,8.0,12.0,15.86,263.75,4,1,3.86,32.2
961,2022-10-01,16.0,1.0,9.15,115053.59,8,0,8.15,814.99
518,2022-10-01,2.0,27.0,11.22,55000.0,2,0,15.78,58.43
1724,2022-10-01,20.0,21.0,18.22,11190.0,10,0,2.78,13.24
1724,2022-10-01,18.0,20.0,21.77,10566.67,6,0,1.77,8.86
961,2022-10-01,48.0,16.0,11.7,11459.19,6,0,4.3,26.9
1274,2022-10-01,6.0,7.0,8.72,106833.33,6,0,1.72,24.6
1721,2022-10-01,20.0,3.0,8.4,4018.18,11,0,5.4,180.16
1721,2022-10-01,2.0,20.0,9.19,4220.0,1,0,10.81,54.06
430,2022-10-01,5.0,30.0,27.34,36500.0,3,0,2.66,8.85
1610,2022-10-01,1.0,36.0,15.93,320000.0,1,0,20.07,55.75
T283,2022-10-01,41.0,6.0,25.79,300.0,11,1,19.79,329.89
1240,2022-10-01,1.0,14.0,10.48,22350.0,1,0,3.52,25.15
1497,2022-10-01,30.0,18.0,14.93,13945.6,5,0,3.07,17.04
1406,2022-10-01,1.0,1.0,12.06,8925.0,1,0,11.06,1106.16
1496,2022-10-01,2.0,3.0,12.19,14000.0,1,0,9.19,306.34
1496,2022-10-01,24.0,2.0,24.81,14168.0,3,0,22.81,1140.29
604,2022-10-01,12.0,4.0,7.38,4000.0,12,0,3.38,84.52
457,2022-10-01,16.0,30.0,27.73,77260.07,9,0,2.27,7.56
T003,2022-10-01,3.0,2.0,9.69,3900.0,3,0,7.69,384.62
457,2022-10-01,30.0,39.0,29.28,89252.94,17,0,9.72,24.92
T0040,2022-10-01,12.0,58.0,19.96,411.0,2,1,38.04,65.59
1495,2022-10-01,18.0,2.0,13.81,16677.5,4,0,11.81,590.36
1495,2022-10-01,6.0,18.0,20.46,16266.67,3,0,2.46,13.65
T0040,2022-10-01,58.0,4.0,14.32,400.0,7,1,10.32,257.99
T171,2022-10-01,114.0,38.0,34.36,231.58,36,1,3.64,9.58
1410,2022-10-01,8.0,5.0,12.47,71604.0,5,0,7.47,149.41
1410,2022-10-01,5.0,9.0,9.57,77500.0,5,0,0.57,6.35
458,2022-10-01,35.0,17.0,8.73,78525.62,10,0,8.27,48.67
T105,2022-10-01,1.0,1.0,9.26,1160.5,1,0,8.26,825.58
486,2022-10-01,1.0,11.0,6.79,54176.58,1,0,4.21,38.25
1412,2022-10-01,1.0,1.0,10.03,12000.0,1,0,9.03,902.92
1492,2022-10-01,70.0,4.0,26.53,4140.86,7,1,22.53,563.17
1404,2022-10-01,70.0,32.0,12.94,11709.52,21,1,19.06,59.56
1497,2022-10-01,18.0,4.0,17.35,15000.0,9,0,13.35,333.82
149,2022-10-01,3.0,8.0,13.02,3500.0,2,0,5.02,62.73
BANDASPOOL,2022-10-01,34.0,17.0,16.86,10882.35,34,0,0.14,0.84
495,2022-10-01,27.0,5.0,8.86,24472.67,6,0,3.86,77.25
1390,2022-10-01,3.0,3.0,12.0,71340.36,2,0,9.0,299.87
1390,2022-10-01,3.0,7.0,9.92,96500.0,3,0,2.92,41.78
1530,2022-10-01,13.0,1.0,10.19,4666.67,12,0,9.19,919.41
998,2022-10-01,1.0,1.0,7.14,214743.82,1,0,6.14,614.0
1395,2022-10-01,2.0,9.0,13.62,122072.1,1,0,4.62,51.31
1395,2022-10-01,9.0,2.0,11.23,158000.0,9,0,9.23,461.42
605,2022-10-01,2.0,6.0,9.18,4000.0,2,0,3.18,52.97
151,2022-10-01,2.0,4.0,18.15,3500.0,1,0,14.15,353.67
455,2022-10-01,195.0,22.0,18.7,6131.79,28,1,3.3,14.98
493,2022-10-01,5.0,1.0,7.46,47490.0,5,0,6.46,645.55
493,2022-10-01,3.0,5.0,8.17,13900.0,1,0,3.17,63.4
1502,2022-10-01,2.0,2.0,7.25,10000.0,1,0,5.25,262.32
1396,2022-10-01,1.0,18.0,12.37,46000.0,1,0,5.63,31.26
1396,2022-10-01,18.0,19.0,10.75,47111.11,9,0,8.25,43.42
150,2022-10-01,12.0,2.0,18.2,4466.67,6,0,16.2,810.25
1403,2022-10-01,1.0,1.0,8.03,73500.0,1,0,7.03,703.41
605,2022-10-01,2.0,2.0,8.87,4112.5,2,0,6.87,343.29
BANDASPOOL,2022-10-01,11.0,34.0,26.87,14950.0,10,0,7.13,20.98
458,2022-10-01,17.0,5.0,7.92,139000.0,9,0,2.92,58.35
486,2022-10-01,1.0,1.0,7.64,80000.0,1,0,6.64,664.41
442,2022-10-01,4.0,15.0,21.83,36925.0,2,0,6.83,45.53
476,2022-10-01,6.0,7.0,7.79,151709.83,4,0,0.79,11.28
1475,2022-10-01,14.0,40.0,24.34,4500.0,2,0,15.66,39.14
469,2022-10-01,1.0,50.0,16.7,17000.0,1,0,33.3,66.6
1418,2022-10-01,3.0,1.0,7.63,4000.0,3,0,6.63,663.16
147,2022-10-01,6.0,12.0,8.83,47500.0,6,0,3.17,26.38
147,2022-10-01,1.0,6.0,8.06,47000.0,1,0,2.06,34.29
1463,2022-10-01,16.0,5.0,9.92,82200.0,16,0,4.92,98.33
1420,2022-10-01,2.0,1.0,10.95,16440.0,2,0,9.95,994.72
1420,2022-10-01,1.0,7.0,8.57,16900.0,1,0,1.57,22.41
1458,2022-10-01,6.0,4.0,8.36,23333.33,6,0,4.36,109.02
T132,2022-10-01,16.0,40.0,31.29,20.8,5,1,8.71,21.77
T132,2022-10-01,40.0,2.0,11.51,100.0,8,1,9.51,475.41
1454,2022-10-01,20.0,8.0,6.75,76750.97,4,0,1.25,15.59
1454,2022-10-01,2.0,20.0,8.39,89587.5,2,0,11.61,58.04
1433,2022-10-01,1.0,45.0,15.72,110000.0,1,0,29.28,65.07
603,2022-10-01,76.0,3.0,11.27,8424.92,13,1,8.27,275.65
T133,2022-10-01,8.0,20.0,15.82,200.0,4,1,4.18,20.9
T133,2022-10-01,2.0,8.0,11.19,160.0,2,0,3.19,39.85
1432,2022-10-01,1.0,21.0,7.76,111000.0,1,0,13.24,63.04
603,2022-10-01,2.0,76.0,23.24,8733.75,2,0,52.76,69.42
1416,2022-10-01,6.0,18.0,8.79,162915.0,6,0,9.21,51.17
T131,2022-10-01,23.0,12.0,14.08,100.0,16,1,2.08,17.35
1486,2022-10-01,1.0,41.0,11.49,33600.0,1,0,29.51,71.98
1476,2022-10-01,220.0,3.0,13.32,5125.0,8,1,10.32,344.1
1486,2022-10-01,5.0,1.0,9.65,30310.0,5,0,8.65,865.49
463,2022-10-01,7.0,6.0,8.96,60000.5,2,0,2.96,49.41
467,2022-10-01,3.0,17.0,12.06,1.0,1,1,4.94,29.07
467,2022-10-01,17.0,1.0,11.68,85000.0,9,0,10.68,1067.92
604,2022-10-01,2.0,12.0,9.68,4200.0,1,0,2.32,19.3
1413,2022-10-01,16.0,12.0,12.5,122255.76,6,0,0.5,4.2
1413,2022-10-01,12.0,6.0,12.06,118785.52,3,0,6.06,101.07
1485,2022-10-01,2.0,47.0,12.45,16000.0,2,0,34.55,73.51
1485,2022-10-01,2.0,2.0,10.14,15750.0,2,0,8.14,407.05
T130,2022-10-01,4.0,18.0,14.91,52.5,2,1,3.09,17.18
T130,2022-10-01,18.0,5.0,13.68,100.0,9,1,8.68,173.64
468,2022-10-01,1.0,6.0,9.02,21100.0,1,0,3.02,50.41
T131,2022-10-01,4.0,23.0,20.86,50.0,1,1,2.14,9.3
T134,2022-10-01,30.0,2.0,12.4,200.0,10,1,10.4,519.86
T134,2022-10-01,6.0,30.0,21.14,233.33,3,1,8.86,29.54
1479,2022-10-01,14.0,59.0,32.38,500.0,7,1,26.62,45.12
476,2022-10-01,7.0,4.0,7.38,181392.61,7,0,3.38,84.61
1415,2022-10-01,1.0,3.0,9.37,144000.0,1,0,6.37,212.19
1415,2022-10-01,3.0,1.0,9.22,165333.33,3,0,8.22,822.29
997,2022-10-01,24.0,6.0,9.69,80527.81,9,0,3.69,61.49
607,2022-10-01,1.0,1.0,8.77,13200.0,1,0,7.77,777.4
608,2022-10-01,2.0,1.0,11.11,8200.0,2,0,10.11,1011.1
1599,2022-10-01,1.0,2.0,9.07,6000.0,1,0,7.07,353.6
596,2022-10-01,2.0,1.0,8.12,7000.0,2,0,7.12,712.44
1593,2022-10-01,24.0,4.0,10.27,72000.0,12,0,6.27,156.69
1593,2022-10-01,28.0,24.0,10.87,60390.72,6,0,13.13,54.71
443,2022-10-01,5.0,9.0,22.89,53130.0,5,0,13.89,154.33
443,2022-10-01,9.0,1.0,10.6,46666.67,9,0,9.6,959.87
987,2022-10-01,4.0,5.0,8.96,164000.0,2,0,3.96,79.3
1350,2022-10-01,70.0,3.0,24.47,650.2,5,1,21.47,715.83
1592,2022-10-01,43.0,46.0,21.04,78400.0,20,0,24.96,54.25
1592,2022-10-01,66.0,43.0,21.5,50596.98,7,0,21.5,50.01
T280,2022-10-01,55.0,10.0,11.92,100.0,16,1,1.92,19.16
159,2022-10-01,41.0,12.0,15.03,2466.84,11,1,3.03,25.25
159,2022-10-01,4.0,41.0,20.53,2625.0,1,0,20.47,49.93
988,2022-10-01,28.0,12.0,9.36,110493.36,6,0,2.64,21.97
1351,2022-10-01,1.0,2.0,9.52,10000.0,1,0,7.52,375.87
1351,2022-10-01,2.0,3.0,9.6,10600.0,2,0,6.6,219.97
1588,2022-10-01,7.0,8.0,11.44,17750.0,4,0,3.44,42.97
T240,2022-10-01,6.0,8.0,10.37,600.0,3,0,2.37,29.62
T240,2022-10-01,2.0,6.0,12.16,600.0,1,0,6.16,102.61
1587,2022-10-01,31.0,29.0,12.36,108032.78,19,0,16.64,57.36
1595,2022-10-01,2.0,1.0,12.25,10000.0,2,0,11.25,1125.29
615,2022-10-01,2.0,22.0,11.18,5802.5,2,0,10.82,49.18
1534,2022-10-01,21.0,11.0,10.42,1734.0,9,1,0.58,5.27
615,2022-10-01,22.0,2.0,9.26,6400.0,15,0,7.26,363.0
1329,2022-10-01,82.0,25.0,20.59,14117.23,6,1,4.41,17.65
1329,2022-10-01,25.0,4.0,18.73,17030.61,17,0,14.73,368.26
1608,2022-10-01,5.0,16.0,15.3,90000.0,3,0,0.7,4.4
1608,2022-10-01,13.0,5.0,24.1,80245.95,5,0,19.1,382.08
442,2022-10-01,15.0,3.0,14.75,36875.0,14,0,11.75,391.79
T283,2022-10-01,52.0,41.0,37.29,316.27,13,1,3.71,9.06
978,2022-10-01,56.0,4.0,10.05,174952.34,9,0,6.05,151.35
134,2022-10-01,2.0,10.0,8.15,119634.42,2,0,1.85,18.54
1607,2022-10-01,46.0,53.0,32.79,89366.67,27,0,20.21,38.12
1607,2022-10-01,34.0,46.0,39.39,83868.72,15,0,6.61,14.36
1342,2022-10-01,12.0,59.0,14.5,13238.33,3,0,44.5,75.42
1342,2022-10-01,59.0,13.0,16.7,8828.57,14,1,3.7,28.49
978,2022-10-01,4.0,1.0,11.05,188500.0,2,0,10.05,1004.84
1343,2022-10-01,4.0,9.0,10.47,162669.43,2,0,1.47,16.3
979,2022-10-01,3.0,2.0,8.22,104000.0,2,0,6.22,310.99
500,2022-10-01,17.0,2.0,12.14,14058.33,12,0,10.14,507.01
500,2022-10-01,5.0,17.0,16.63,15643.75,4,0,0.37,2.17
160,2022-10-01,6.0,6.0,9.39,10383.33,6,0,3.39,56.49
160,2022-10-01,3.0,6.0,12.79,10350.0,3,0,6.79,113.2
1587,2022-10-01,37.0,31.0,12.82,73360.68,7,0,18.18,58.66
499,2022-10-01,2.0,2.0,8.33,17000.0,1,0,6.33,316.51
1354,2022-10-01,44.0,2.0,10.52,13742.86,8,0,8.52,425.76
990,2022-10-01,28.0,7.0,8.97,91974.45,9,0,1.97,28.18
T206,2022-10-01,55.0,8.0,13.11,1300.0,11,1,5.11,63.91
994,2022-10-01,32.0,2.0,7.75,115601.91,6,0,5.75,287.6
994,2022-10-01,2.0,4.0,9.05,144000.0,1,0,5.05,126.33
496,2022-10-01,1.0,4.0,8.18,105000.0,1,0,4.18,104.57
995,2022-10-01,37.0,44.5,16.25,42996.49,7,0,28.25,63.49
996,2022-10-01,27.0,28.0,10.8,45987.86,7,0,17.2,61.41
T204,2022-10-01,12.0,12.0,9.16,976.13,2,0,2.84,23.65
1556,2022-10-01,52.0,3.0,13.83,60534.21,36,0,10.83,361.14
1556,2022-10-01,36.0,52.0,35.02,55941.42,17,0,16.98,32.65
496,2022-10-01,1.0,1.0,7.57,110500.0,1,0,6.57,656.61
996,2022-10-01,28.0,2.0,8.17,93317.6,14,0,6.17,308.32
1387,2022-10-01,3.0,2.0,14.08,118361.38,2,0,12.08,604.19
1387,2022-10-01,2.0,9.0,9.28,125278.44,2,0,0.28,3.16
1549,2022-10-01,1.0,5.0,9.48,40000.0,1,0,4.48,89.54
454,2022-10-01,12.0,2.0,9.29,7409.53,1,0,7.29,364.41
T203,2022-10-01,97.0,4.0,8.89,700.0,25,1,4.89,122.13
997,2022-10-01,60.0,24.0,12.51,39627.01,7,0,11.49,47.87
495,2022-10-01,5.0,3.0,8.82,39000.0,5,0,5.82,194.14
1534,2022-10-01,11.0,3.0,9.39,1866.67,3,0,6.39,213.05
1559,2022-10-01,54.5,4.0,10.35,19081.28,6,0,6.35,158.78
1559,2022-10-01,4.0,4.0,8.35,103000.0,4,0,4.35,108.83
1380,2022-10-01,1.0,1.0,8.7,175000.0,1,0,7.7,769.6
614,2022-10-01,5.0,7.0,10.46,4660.0,5,0,3.46,49.5
1581,2022-10-01,4.0,16.0,11.21,21217.5,3,0,4.79,29.94
446,2022-10-01,13.0,4.0,7.22,45662.13,3,0,3.22,80.58
1356,2022-10-01,1.0,2.0,8.77,99000.0,1,0,6.77,338.41
446,2022-10-01,4.0,49.0,10.75,56000.0,3,0,38.25,78.05
498,2022-10-01,2.0,2.0,8.17,18990.0,1,0,6.17,308.66
1359,2022-10-01,1.0,1.0,9.01,8500.0,1,0,8.01,801.14
T232,2022-10-01,54.0,2.0,14.36,500.0,35,1,12.36,617.99
1577,2022-10-01,10.0,1.0,20.06,24900.0,1,0,19.06,1906.16
612,2022-10-01,2.0,1.0,9.2,12500.0,2,0,8.2,820.17
451,2022-10-01,10.0,2.0,9.18,34477.78,9,0,7.18,359.19
T232,2022-10-01,22.0,54.0,39.39,467.85,10,1,14.61,27.05
1368,2022-10-01,9.0,25.0,17.31,633.33,3,0,7.69,30.76
1572,2022-10-01,11.0,9.0,10.72,32000.0,8,0,1.72,19.15
601,2022-10-01,5.0,10.0,7.78,13041.67,3,0,2.22,22.25
601,2022-10-01,10.0,3.0,8.16,13200.0,5,0,5.16,172.14
1571,2022-10-01,11.0,11.0,12.25,84114.93,4,0,1.25,11.39
1571,2022-10-01,62.0,11.0,12.63,63646.5,8,0,1.63,14.8
1377,2022-10-01,4.0,3.0,7.54,102940.95,3,0,4.54,151.21
1798,2022-10-01,2.0,11.0,14.24,108875.48,2,0,3.24,29.48
1731,2022-10-01,7.0,18.0,16.91,510.17,6,0,1.09,6.07
685,2022-10-01,8.0,10.0,9.8,18200.0,5,0,0.2,1.96
931,2022-10-01,129.0,67.0,55.26,60391.8,115,1,11.74,17.52
1890,2022-10-01,5.0,4.0,13.5,2566.67,3,0,9.5,237.5
1890,2022-10-01,4.0,5.0,18.28,2543.33,3,0,13.28,265.63
T6532,2022-10-01,29.0,2.0,9.52,600.0,13,1,7.52,375.98
T6532,2022-10-01,11.0,29.0,19.87,577.96,4,1,9.13,31.5
627,2022-10-01,17.0,2.0,9.37,500.0,12,1,7.37,368.49
1161,2022-10-01,21.0,2.0,18.8,139.56,4,1,16.8,839.91
934,2022-10-01,6.0,4.0,12.4,12925.0,5,0,8.4,209.96
T6546,2022-10-01,10.0,18.0,11.81,800.0,4,0,6.19,34.39
2058,2022-10-01,23.0,3.0,7.94,12372.0,3,0,4.94,164.81
189,2022-10-01,2.0,2.0,9.09,15800.0,1,0,7.09,354.73
189,2022-10-01,2.0,2.0,11.17,15000.0,1,0,9.17,458.49
1196,2022-10-01,22.0,13.0,24.83,8160.0,11,0,11.83,90.98
1196,2022-10-01,13.0,21.0,20.92,8000.0,8,0,0.08,0.37
1888,2022-10-01,58.0,4.0,7.99,5570.0,10,1,3.99,99.67
1888,2022-10-01,1.0,58.0,14.94,5650.0,1,0,43.06,74.25
1161,2022-10-01,2.0,15.0,16.52,200.0,1,0,1.52,10.15
401,2022-10-01,13.0,28.0,9.36,45050.0,8,0,18.64,66.58
406,2022-10-01,4.0,32.0,14.7,38853.33,3,0,17.3,54.05
401,2022-10-01,2.0,13.0,11.25,43155.0,2,0,1.75,13.42
T6533,2022-10-01,7.0,2.0,8.84,500.0,3,0,6.84,341.76
T6533,2022-10-01,8.0,7.0,10.0,516.0,5,0,3.0,42.89
T6545,2022-10-01,10.0,20.0,11.43,800.0,5,0,8.57,42.84
1892,2022-10-01,9.0,1.0,10.39,3028.57,7,0,9.39,938.94
1892,2022-10-01,63.0,9.0,10.12,2531.61,5,1,1.12,12.49
398,2022-10-01,1.0,1.0,9.22,35000.0,1,0,8.22,822.45
535,2022-10-01,55.0,41.0,37.84,7976.36,55,1,3.16,7.7
535,2022-10-01,60.0,55.0,37.62,6150.53,17,1,17.38,31.6
631,2022-10-01,161.0,65.0,54.78,1090.29,103,1,10.22,15.72
1194,2022-10-01,15.0,2.0,10.3,8176.0,5,0,8.3,415.24
T6546,2022-10-01,4.0,10.0,13.88,840.0,1,0,3.88,38.78
2052,2022-10-01,15.0,19.0,12.85,40214.17,3,0,6.15,32.37
1891,2022-10-01,2.0,1.0,8.47,123500.0,2,0,7.47,746.56
1891,2022-10-01,24.0,2.0,11.02,108986.43,6,0,9.02,451.21
1195,2022-10-01,227.0,47.0,52.05,8361.11,72,1,5.05,10.74
2062,2022-10-01,4.0,25.0,12.59,10500.0,4,0,12.41,49.66
934,2022-10-01,4.0,12.0,10.06,13233.33,3,0,1.94,16.19
1202,2022-10-01,8.0,43.0,21.72,10585.71,7,0,21.28,49.48
T6547,2022-10-01,4.0,5.0,13.45,1200.0,2,0,8.45,169.06
627,2022-10-01,5.0,17.0,9.46,509.17,3,0,7.54,44.37
207,2022-10-01,21.0,11.0,8.96,95198.88,8,0,2.04,18.57
207,2022-10-01,11.0,1.0,8.42,147737.2,6,0,7.42,741.95
1160,2022-10-01,38.0,16.0,14.93,305.59,11,1,1.07,6.68
407,2022-10-01,4.0,10.0,8.08,56000.0,2,0,1.92,19.21
T6525,2022-10-01,1.0,2.0,8.96,1500.0,1,0,6.96,348.24
1868,2022-10-01,4.0,3.0,10.35,26050.0,4,0,7.35,244.87
1868,2022-10-01,7.0,4.0,12.67,26000.0,6,0,8.67,216.77
407,2022-10-01,10.0,1.0,7.38,54100.0,6,0,6.38,637.54
936,2022-10-01,136.0,16.0,19.68,60308.03,69,1,3.68,22.97
589,2022-10-01,39.0,17.0,22.12,9617.81,8,0,5.12,30.09
589,2022-10-01,17.0,8.0,14.13,8882.35,17,0,6.13,76.57
1863,2022-10-01,30.0,1.0,4.96,1590.0,1,1,3.96,395.85
2074,2022-10-01,10.0,39.0,25.06,1312.5,4,0,13.94,35.74
2074,2022-10-01,39.0,14.0,13.71,1015.38,13,1,0.29,2.07
1201,2022-10-01,4.0,1.0,12.59,11300.0,2,0,11.59,1159.1
1871,2022-10-01,3.0,1.0,11.41,23000.0,2,0,10.41,1040.51
406,2022-10-01,32.0,1.0,9.03,42293.11,17,0,8.03,803.08
1926,2022-10-01,2.0,21.0,9.19,10000.0,2,0,11.81,56.23
906,2022-10-01,21.0,11.0,12.09,30823.81,21,0,1.09,9.93
935,2022-10-01,1.0,10.0,12.24,1.0,1,1,2.24,22.42
380,2022-10-01,4.0,8.0,9.84,71650.0,4,0,1.84,23.04
935,2022-10-01,10.0,25.0,13.28,12000.0,5,0,11.72,46.87
1880,2022-10-01,10.0,6.0,7.6,3228.57,6,0,1.6,26.72
1880,2022-10-01,2.0,10.0,8.69,3000.0,2,0,1.31,13.12
380,2022-10-01,2.0,4.0,10.83,69750.0,1,0,6.83,170.78
534,2022-10-01,11.0,2.0,10.31,7780.0,5,0,8.31,415.5
2063,2022-10-01,5.0,20.0,9.13,20400.0,5,0,10.87,54.33
2063,2022-10-01,20.0,1.0,9.12,23944.83,2,0,8.12,811.54
633,2022-10-01,144.0,14.0,19.4,895.0,30,1,5.4,38.55
534,2022-10-01,2.0,11.0,13.92,7855.0,2,0,2.92,26.58
1200,2022-10-01,3.0,2.0,7.95,10550.0,3,0,5.95,297.73
1200,2022-10-01,2.0,11.0,9.35,12000.0,1,0,1.65,14.96
T6525,2022-10-01,2.0,22.0,10.81,800.0,1,0,11.19,50.87
1190,2022-10-01,1.0,20.0,10.94,12132.5,1,0,9.06,45.32
586,2022-10-01,2.0,8.0,9.97,18000.0,2,0,1.97,24.63
2049,2022-10-01,14.0,62.0,30.85,12903.57,14,0,31.15,50.24
1164,2022-10-01,7.0,41.0,19.62,531.25,4,0,21.38,52.14
1169,2022-10-01,9.0,55.0,20.13,25750.0,5,0,34.87,63.4
1169,2022-10-01,55.0,4.0,12.76,25478.95,27,0,8.76,219.0
912,2022-10-01,3.0,3.0,12.14,4000.0,3,0,9.14,304.6
191,2022-10-01,24.0,12.0,12.91,5153.33,3,0,0.91,7.54
1173,2022-10-01,2.0,3.0,8.58,15000.0,2,0,5.58,186.05
908,2022-10-01,9.0,2.0,10.4,36666.67,9,0,8.4,420.0
540,2022-10-01,7.0,7.0,18.67,14391.79,7,0,11.67,166.74
1943,2022-10-01,4.0,4.0,9.37,750.0,2,0,5.37,134.25
1163,2022-10-01,1.0,43.0,20.09,500.0,1,0,22.91,53.27
1908,2022-10-01,2.0,2.0,10.45,13200.0,1,0,8.45,422.56
1908,2022-10-01,10.0,2.0,14.75,9045.19,1,0,12.75,637.42
1967,2022-10-01,10.0,10.0,17.17,13863.5,1,0,7.17,71.69
629,2022-10-01,10.0,14.0,14.83,2385.71,7,0,0.83,5.91
629,2022-10-01,15.0,10.0,19.24,2373.58,6,0,9.24,92.38
1174,2022-10-01,5.0,5.0,10.99,17250.0,4,0,5.99,119.82
T6536,2022-10-01,2.0,43.0,9.35,900.0,2,0,33.65,78.26
587,2022-10-01,6.0,39.0,10.66,12843.75,4,0,28.34,72.66
929,2022-10-01,88.0,15.0,22.34,132287.41,71,0,7.34,48.96
395,2022-10-01,1.0,2.0,9.97,76300.0,1,0,7.97,398.64
388,2022-10-01,2.0,61.0,10.18,72795.0,1,0,50.82,83.31
388,2022-10-01,61.0,6.0,12.66,69949.48,23,0,6.66,111.0
1165,2022-10-01,7.0,1.0,8.72,36900.0,3,0,7.72,771.78
1925,2022-10-01,5.0,1.0,7.56,12700.0,5,0,6.56,655.9
1922,2022-10-01,2.0,2.0,8.44,13000.0,2,0,6.44,322.06
630,2022-10-01,304.0,69.0,62.57,1678.24,83,1,6.43,9.31
1929,2022-10-01,15.0,8.0,12.51,84607.3,8,0,4.51,56.34
192,2022-10-01,8.0,7.0,15.82,9875.0,8,0,8.82,125.99
192,2022-10-01,6.0,8.0,19.62,9490.83,6,0,11.62,145.2
915,2022-10-01,35.0,12.0,9.4,3250.5,2,1,2.6,21.68
1929,2022-10-01,8.0,4.0,9.72,114666.67,6,0,5.72,142.88
915,2022-10-01,12.0,21.0,12.06,8750.0,6,0,8.94,42.56
T6535,2022-10-01,63.0,2.0,9.76,800.0,8,1,7.76,387.81
1164,2022-10-01,41.0,25.0,15.26,500.0,10,1,9.74,38.96
1942,2022-10-01,3.0,4.0,11.27,700.0,2,0,7.27,181.71
T6535,2022-10-01,14.0,63.0,24.56,645.17,6,1,38.44,61.02
540,2022-10-01,7.0,6.0,11.93,10928.57,7,0,5.93,98.83
908,2022-10-01,11.0,9.0,11.53,25000.5,2,0,2.53,28.1
1902,2022-10-01,32.0,6.0,9.95,19692.89,17,0,3.95,65.78
T6534,2022-10-01,25.0,8.0,10.81,600.0,17,1,2.81,35.07
T6534,2022-10-01,15.0,25.0,16.98,620.86,7,1,8.02,32.08
536,2022-10-01,3.0,7.0,9.29,5666.67,3,0,2.29,32.68
2041,2022-10-01,845.0,65.0,62.05,100.0,9,1,2.95,4.53
536,2022-10-01,5.0,3.0,10.06,6110.0,3,0,7.06,235.45
1185,2022-10-01,13.0,2.0,10.15,14583.33,12,0,8.15,407.71
586,2022-10-01,8.0,4.0,9.17,18120.0,5,0,5.17,129.17
1896,2022-10-01,6.0,14.0,17.09,2000.0,3,0,3.09,22.09
397,2022-10-01,15.0,39.0,13.95,34012.5,8,0,25.05,64.24
T6545,2022-10-01,1.0,10.0,22.98,791.25,1,0,12.98,129.76
1162,2022-10-01,9.0,14.0,14.4,438.38,4,1,0.4,2.83
1895,2022-10-01,46.0,76.0,42.68,1247.83,23,1,33.32,43.84
1895,2022-10-01,8.0,46.0,38.96,1000.0,4,0,7.04,15.3
907,2022-10-01,3.0,1.0,10.11,32000.0,1,0,9.11,910.97
907,2022-10-01,9.0,3.0,9.5,33033.33,6,0,6.5,216.71
1897,2022-10-01,3.0,49.0,16.53,1900.0,3,0,32.47,66.26
919,2022-10-01,6.0,4.0,8.55,2600.0,3,0,4.55,113.73
919,2022-10-01,3.0,6.0,9.22,2000.0,3,0,3.22,53.74
587,2022-10-01,39.0,12.0,14.74,10700.0,39,0,2.74,22.87
1902,2022-10-01,7.0,32.0,11.13,20600.0,5,0,20.87,65.21
385,2022-10-01,46.0,19.0,20.34,25160.96,17,0,1.34,7.04
2031,2022-10-01,2.0,2.0,8.86,10000.0,2,0,6.86,342.77
T6543,2022-10-01,8.0,32.0,9.19,700.0,6,0,22.81,71.29
916,2022-10-01,13.0,14.0,13.59,9771.11,9,0,0.41,2.92
916,2022-10-01,14.0,2.0,14.46,10166.67,12,0,12.46,623.17
190,2022-10-01,8.0,1.0,19.8,8457.14,7,0,18.8,1879.82
T6544,2022-10-01,1.0,13.0,16.5,700.0,1,0,3.5,26.92
385,2022-10-01,11.0,46.0,34.11,57539.29,7,0,11.89,25.85
2037,2022-10-01,2.0,2.0,9.47,12000.0,1,0,7.47,373.38
1184,2022-10-01,164.0,25.0,34.58,16816.43,67,1,9.58,38.34
396,2022-10-01,12.0,27.0,21.39,39467.14,7,0,5.61,20.79
396,2022-10-01,27.0,8.0,16.1,41500.0,16,0,8.1,101.2
2037,2022-10-01,2.0,7.0,9.98,13100.0,2,0,2.98,42.53
1863,2022-10-01,2.0,30.0,8.25,2050.0,2,0,21.75,72.5
1926,2022-10-01,2.0,2.0,8.76,10000.0,2,0,6.76,337.85
375,2022-10-01,2.0,6.0,15.04,46000.0,2,0,9.04,150.65
1824,2022-10-01,1.0,14.0,8.46,190000.0,1,0,5.54,39.57
1231,2022-10-01,132.0,21.0,28.33,10248.48,66,1,7.33,34.92
1131,2022-10-01,18.0,18.0,15.13,21000.0,9,0,2.87,15.95
T6523,2022-10-01,9.0,13.0,11.17,572.69,3,0,1.83,14.06
1206,2022-10-01,35.0,25.0,27.05,10517.86,28,0,2.05,8.19
948,2022-10-01,4.0,1.5,9.44,209375.0,4,0,7.94,529.23
4203,2022-10-01,140.0,22.0,25.5,4476.11,31,1,3.5,15.93
1131,2022-10-01,1.0,18.0,11.85,1.0,1,1,6.15,34.16
591,2022-10-01,15.0,19.0,33.24,8271.11,8,0,14.24,74.94
182,2022-10-01,2.0,3.0,7.68,6300.0,2,0,4.68,156.02
1802,2022-10-01,2.0,20.0,15.29,208000.0,1,0,4.71,23.57
1206,2022-10-01,23.0,35.0,43.3,10330.45,22,0,8.3,23.71
1802,2022-10-01,6.0,2.0,10.78,245764.22,4,0,8.78,438.93
1824,2022-10-01,14.0,11.0,10.43,226400.0,14,0,0.57,5.21
1234,2022-10-01,4.0,1.0,10.14,9000.0,4,0,9.14,914.03
4204,2022-10-01,447.0,20.0,41.38,2540.33,64,1,21.38,106.9
904,2022-10-01,6.0,6.0,10.59,26386.0,5,0,4.59,76.42
1148,2022-10-01,6.0,2.0,13.8,10833.33,3,0,11.8,589.86
591,2022-10-01,19.0,17.0,23.24,9116.67,12,0,6.24,36.7
590,2022-10-01,4.0,3.0,7.99,17500.0,4,0,4.99,166.17
T6523,2022-10-01,13.0,10.0,11.07,740.0,5,1,1.07,10.69
626,2022-10-01,14.0,5.0,15.0,600.0,5,1,10.0,199.99
208,2022-10-01,12.0,4.0,10.48,151655.62,7,0,6.48,161.89
1826,2022-10-01,1.0,1.0,9.44,90000.0,1,0,8.44,844.06
1826,2022-10-01,1.0,1.0,7.69,88200.0,1,0,6.69,668.8
183,2022-10-01,1.0,1.0,10.76,2000.0,1,0,9.76,976.26
956,2022-10-01,131.5,48.5,44.45,175072.38,78,0,4.05,8.34
1819,2022-10-01,21.0,5.0,10.83,51175.0,12,0,5.83,116.6
375,2022-10-01,6.0,2.0,18.92,51666.67,6,0,16.92,845.92
895,2022-10-01,5000.0,50.0,38.85,128.9,1,1,11.15,22.31
1819,2022-10-01,2.0,21.0,11.62,51695.0,1,0,9.38,44.68
532,2022-10-01,27.0,3.0,15.52,18485.04,14,0,12.52,417.22
1136,2022-10-01,2.0,30.0,8.77,1.0,1,1,21.23,70.78
T6522,2022-10-01,99.0,2.0,10.4,500.0,26,1,8.4,419.78
2088,2022-10-01,8.0,3.0,12.05,3700.0,8,0,9.05,301.59
1230,2022-10-01,9.0,6.0,10.0,10400.0,7,0,4.0,66.62
1230,2022-10-01,5.0,9.0,10.91,10500.0,3,0,1.91,21.25
950,2022-10-01,39.0,10.0,10.26,124720.0,25,0,0.26,2.6
950,2022-10-01,43.0,39.0,16.18,85216.66,9,0,22.82,58.53
1218,2022-10-01,3.0,2.0,8.09,20000.0,3,0,6.09,304.49
2088,2022-10-01,1.0,8.0,8.61,5000.0,1,0,0.61,7.6
1136,2022-10-01,30.0,18.0,12.72,9000.0,8,0,5.28,29.32
2081,2022-10-01,5.0,53.0,13.87,25000.0,4,0,39.13,73.83
532,2022-10-01,3.0,56.0,30.87,24066.67,3,0,25.13,44.88
181,2022-10-01,13.0,15.0,11.15,10326.92,13,0,3.85,25.63
420,2022-10-01,16.0,1.0,9.04,61560.79,4,0,8.04,803.69
181,2022-10-01,15.0,6.0,10.32,10773.33,15,0,4.32,72.07
954,2022-10-01,10.0,1.0,10.99,117738.89,3,0,9.99,998.95
1211,2022-10-01,1.0,2.0,8.31,10000.0,1,0,6.31,315.57
1211,2022-10-01,4.0,1.0,9.24,10275.0,4,0,8.24,824.33
417,2022-10-01,32.0,2.0,9.82,39315.19,4,0,7.82,391.02
954,2022-10-01,1.0,3.0,8.43,158000.0,1,0,5.43,181.1
417,2022-10-01,3.0,32.0,12.78,38507.5,2,0,19.22,60.07
2081,2022-10-01,1.0,5.0,7.5,22500.0,1,0,2.5,50.1
2089,2022-10-01,26.0,1.0,9.61,22038.46,26,0,8.61,860.65
903,2022-10-01,830.0,3.0,39.39,521.25,8,1,36.39,1213.02
590,2022-10-01,3.0,4.0,7.63,15000.0,3,0,3.63,90.67
1148,2022-10-01,2.0,32.0,21.23,11100.0,1,0,10.77,33.65
T6521,2022-10-01,1.0,13.0,15.7,400.0,1,0,2.7,20.76
905,2022-10-01,2.0,24.0,18.71,28770.0,2,0,5.29,22.03
947,2022-10-01,43.5,12.0,12.81,218869.04,33,0,0.81,6.71
T6521,2022-10-01,18.0,1.0,12.89,432.8,5,1,11.89,1188.9
531,2022-10-01,2.0,2.0,9.37,20000.0,2,0,7.37,368.45
T6524,2022-10-01,12.0,17.0,9.73,707.7,5,1,7.27,42.77
2078,2022-10-01,13.0,8.0,9.43,5851.11,9,0,1.43,17.92
186,2022-10-01,2.0,4.0,12.4,8000.0,1,0,8.4,210.03
531,2022-10-01,5.0,2.0,10.06,24704.0,5,0,8.06,403.03
186,2022-10-01,4.0,43.0,15.59,6566.67,3,0,27.41,63.75
1204,2022-10-01,11.0,13.0,9.2,10200.0,6,0,3.8,29.26
1130,2022-10-01,4.0,12.0,14.88,15500.0,2,0,2.88,23.97
947,2022-10-01,9.0,43.5,24.4,188561.81,5,0,19.1,43.92
409,2022-10-01,23.0,3.0,8.57,65982.61,23,0,5.57,185.53
905,2022-10-01,24.0,2.0,9.12,29500.0,16,0,7.12,356.14
T6555,2022-10-01,2.0,32.0,11.62,1312.0,1,0,20.38,63.69
409,2022-10-01,7.0,23.0,8.51,58750.0,4,0,14.49,62.98
626,2022-10-01,9.0,14.0,17.79,600.0,3,0,3.79,27.09
2077,2022-10-01,9.0,12.0,10.07,11067.22,9,0,1.93,16.12
634,2022-10-01,17.0,59.0,37.31,572.17,6,1,21.69,36.76
38,2022-10-01,9.0,33.0,14.82,290111.11,9,0,18.18,55.09
2112,2022-10-01,16.0,11.0,18.16,30850.0,2,0,7.16,65.12
38,2022-10-01,33.0,40.0,18.38,286506.62,17,0,21.62,54.05
957,2022-10-01,83.0,56.5,49.01,161384.0,49,0,7.49,13.25
T6524,2022-10-01,17.0,20.0,15.68,700.0,11,1,4.32,21.62
1862,2022-10-01,2.0,1.0,5.65,2700.0,1,0,4.65,465.41
939,2022-10-01,12.0,2.0,7.57,140000.0,3,0,5.57,278.27
1202,2022-10-01,43.0,8.0,9.97,10489.47,19,0,1.97,24.59
1800,2022-10-01,23.0,6.0,15.5,29384.11,3,0,9.5,158.29
1804,2022-10-01,2.0,13.0,13.55,138500.0,2,0,0.55,4.21
1159,2022-10-01,128.0,29.0,33.9,712.5,51,1,4.9,16.9
904,2022-10-01,6.0,8.0,10.27,30033.33,6,0,2.27,28.37
416,2022-10-01,24.0,19.0,8.85,57357.47,12,0,10.15,53.43
1152,2022-10-01,2.0,16.0,11.3,18000.0,1,0,4.7,29.35
1205,2022-10-01,3.0,10.0,9.63,10000.0,2,0,0.37,3.66
543,2022-10-01,1.0,1.0,9.46,21000.0,1,0,8.46,845.98
1152,2022-10-01,16.0,10.0,11.09,15500.0,8,0,1.09,10.87
208,2022-10-01,34.0,12.0,12.52,120758.05,11,0,0.52,4.33
1800,2022-10-01,6.0,8.0,21.85,30000.0,3,0,13.85,173.18
1205,2022-10-01,10.0,3.0,8.2,10000.0,10,0,5.2,173.29
416,2022-10-01,1.0,24.0,9.78,54860.0,1,0,14.22,59.25
184,2022-10-01,2.0,2.0,6.62,3700.0,2,0,4.62,231.25
533,2022-10-01,8.0,16.0,20.74,9064.29,7,0,4.74,29.66
948,2022-10-01,1.0,4.0,10.39,188317.5,1,0,6.39,159.74
184,2022-10-01,2.0,2.0,6.63,3500.0,2,0,4.63,231.51
2103,2022-10-01,8.0,12.0,17.43,523.33,6,0,5.43,45.28
2103,2022-10-01,12.0,10.0,13.84,500.0,9,1,3.84,38.4
533,2022-10-01,16.0,12.0,13.42,11600.0,16,0,1.42,11.85
571,2022-09-01,7.0,4.0,15.24,13035.71,5,0,11.24,281.11
603,2022-09-01,1.0,2.0,9.9,9000.0,1,0,7.9,394.76
573,2022-09-01,4.0,6.0,10.28,7233.33,3,0,4.28,71.27
470,2022-09-01,30.0,3.0,13.59,11680.0,10,0,10.59,353.03
288,2022-09-01,5.0,11.0,9.93,10333.33,3,0,1.07,9.75
673,2022-09-01,15.0,55.0,11.59,25743.33,15,0,43.41,78.93
451,2022-09-01,1.0,12.0,15.12,32000.0,1,0,3.12,26.01
587,2022-09-01,7.0,4.0,9.65,12708.33,6,0,5.65,141.25
562,2022-09-01,21.0,17.0,11.41,4532.0,2,0,5.59,32.87
573,2022-09-01,6.0,16.0,10.13,8350.0,2,0,5.87,36.71
451,2022-09-01,12.0,10.0,12.47,26082.42,2,0,2.47,24.74
585,2022-09-01,5.0,30.0,11.64,24150.0,3,0,18.36,61.2
375,2022-09-01,25.0,27.0,23.52,36554.75,6,0,3.48,12.9
611,2022-09-01,32.0,8.0,10.09,8902.1,10,0,2.09,26.18
570,2022-09-01,19.0,12.0,14.81,17900.0,18,0,2.81,23.43
288,2022-09-01,11.0,10.0,10.13,10314.29,7,0,0.13,1.32
634,2022-09-01,22.0,59.0,36.13,603.75,8,1,22.87,38.77
634,2022-09-01,59.0,17.0,18.52,506.9,29,1,1.52,8.97
540,2022-09-01,11.0,7.0,18.92,10888.89,9,0,11.92,170.31
603,2022-09-01,3.0,1.0,10.94,8925.0,2,0,9.94,993.58
540,2022-09-01,14.0,11.0,26.68,14006.25,8,0,15.68,142.54
297,2022-09-01,6.0,17.0,10.97,12150.0,6,0,6.03,35.47
476,2022-09-01,6.0,9.0,11.19,52177.3,2,0,2.19,24.37
570,2022-09-01,11.0,19.0,20.24,17941.67,5,0,1.24,6.5
374,2022-09-01,22.0,1.0,10.91,30631.08,8,0,9.91,990.62
675,2022-09-01,10.0,1.0,13.84,22000.0,10,0,12.84,1283.63
685,2022-09-01,45.0,9.0,11.43,13680.39,2,0,2.43,26.96
388,2022-09-01,16.0,10.0,12.61,61822.49,2,0,2.61,26.11
601,2022-09-01,1.0,5.0,10.31,13200.0,1,0,5.31,106.16
572,2022-09-01,10.0,2.0,10.55,12350.0,6,0,8.55,427.75
611,2022-09-01,4.0,32.0,18.14,10500.0,2,0,13.86,43.33
369,2022-09-01,8.0,12.0,20.29,77200.0,6,0,8.29,69.12
468,2022-09-01,4.0,1.0,9.75,30000.0,2,0,8.75,874.64
585,2022-09-01,30.0,11.0,11.38,28326.92,26,0,0.38,3.48
493,2022-09-01,6.0,3.0,9.72,47500.0,6,0,6.72,224.09
468,2022-09-01,3.0,4.0,9.31,21000.0,3,0,5.31,132.73
296,2022-09-01,5.0,7.0,17.31,21000.0,5,0,10.31,147.32
681,2022-09-01,17.0,4.0,9.98,11400.0,5,0,5.98,149.4
567,2022-09-01,28.0,31.0,16.81,15625.0,28,0,14.19,45.77
567,2022-09-01,10.0,28.0,15.64,15093.75,8,0,12.36,44.13
38,2022-09-01,4.0,6.0,10.88,287000.0,4,0,4.88,81.28
380,2022-09-01,7.0,2.0,9.27,64582.11,7,0,7.27,363.52
605,2022-09-01,8.0,2.0,7.69,4100.0,8,0,5.69,284.57
493,2022-09-01,1.0,6.0,10.06,47250.0,1,0,4.06,67.63
602,2022-09-01,1.0,2.0,12.0,9000.0,1,0,10.0,499.78
380,2022-09-01,6.0,7.0,9.09,66521.42,3,0,2.09,29.92
476,2022-09-01,9.0,6.0,10.06,172254.91,8,0,4.06,67.75
633,2022-09-01,53.0,15.0,21.99,780.26,38,1,6.99,46.63
369,2022-09-01,34.0,8.0,18.68,65331.11,8,0,10.68,133.48
457,2022-09-01,41.0,49.0,41.31,62822.02,9,0,7.69,15.69
38,2022-09-01,6.0,9.0,12.26,290266.67,6,0,3.26,36.21
543,2022-09-01,5.0,1.0,10.77,22700.0,5,0,9.77,976.92
292,2022-09-01,3.0,10.0,11.37,8266.67,3,0,1.37,13.74
602,2022-09-01,2.0,2.0,12.6,10000.0,1,0,10.6,529.87
586,2022-09-01,25.0,2.0,9.86,13200.0,13,0,7.86,393.14
545,2022-09-01,1.0,3.0,9.42,14200.0,1,0,6.42,213.98
458,2022-09-01,26.0,35.0,21.36,132552.25,12,0,13.64,38.98
543,2022-09-01,1.0,5.0,9.24,22050.0,1,0,4.24,84.81
470,2022-09-01,3.0,14.0,19.84,12466.67,3,0,5.84,41.71
572,2022-09-01,8.0,10.0,11.3,12600.0,5,0,1.3,13.0
544,2022-09-01,25.0,4.0,12.56,15113.8,5,0,8.56,214.06
290,2022-09-01,96.0,3.0,12.01,4648.28,29,1,9.01,300.19
363,2022-09-01,256.0,71.0,28.04,1637.88,51,1,42.96,60.51
636,2022-09-01,9.0,1.0,7.1,7400.0,5,0,6.1,609.58
637,2022-09-01,3.0,6.0,9.42,2400.0,3,0,3.42,57.0
453,2022-09-01,3.0,5.0,9.94,45193.81,2,0,4.94,98.75
637,2022-09-01,2.0,3.0,9.98,8200.0,2,0,6.98,232.56
469,2022-09-01,3.0,1.0,8.46,17850.0,3,0,7.46,745.79
546,2022-09-01,2.0,8.0,12.81,15800.0,2,0,4.81,60.1
2962,2022-09-01,145.0,46.0,33.54,7515.83,6,1,12.46,27.09
370,2022-09-01,154.0,25.0,29.77,97769.2,67,1,4.77,19.07
635,2022-09-01,97.0,3.0,15.51,9039.0,9,1,12.51,417.08
604,2022-09-01,4.0,2.0,7.61,4150.0,2,0,5.61,280.42
362,2022-09-01,127.0,21.0,18.99,1723.81,21,1,2.01,9.59
385,2022-09-01,53.0,11.0,15.3,62538.46,39,0,4.3,39.14
375,2022-09-01,27.0,2.0,12.53,47773.4,15,0,10.53,526.41
571,2022-09-01,4.0,8.0,14.2,13225.0,4,0,6.2,77.55
586,2022-09-01,1.0,25.0,12.63,18000.0,1,0,12.37,49.47
546,2022-09-01,3.0,2.0,10.39,15000.0,3,0,8.39,419.63
495,2022-09-01,11.0,27.0,11.58,39000.0,5,0,15.42,57.11
684,2022-09-01,6.0,5.0,18.52,18000.0,1,0,13.52,270.48
495,2022-09-01,2.0,11.0,9.61,38850.0,2,0,1.39,12.68
385,2022-09-01,2.0,53.0,38.68,57750.0,2,0,14.32,27.02
631,2022-09-01,165.0,56.0,55.13,1098.18,55,1,0.87,1.55
37,2022-09-01,9.0,6.0,11.03,292066.67,9,0,5.03,83.88
544,2022-09-01,3.0,25.0,11.18,16275.0,3,0,13.82,55.27
455,2022-09-01,18.0,56.0,43.1,6200.0,6,0,12.9,23.03
633,2022-09-01,11.0,53.0,38.69,923.21,6,0,14.31,26.99
455,2022-09-01,56.0,10.0,15.87,6179.17,24,1,5.87,58.69
296,2022-09-01,7.0,17.0,13.67,27400.0,7,0,3.33,19.61
684,2022-09-01,265.0,6.0,12.51,16717.73,7,1,6.51,108.45
457,2022-09-01,49.0,16.0,26.17,89448.84,43,0,10.17,63.55
593,2022-09-01,1.0,2.0,9.82,24000.0,1,0,7.82,390.77
498,2022-09-01,2.0,2.0,10.14,18000.0,1,0,8.14,406.86
623,2022-09-01,39.0,39.0,29.66,1317.5,20,1,9.34,23.94
578,2022-09-01,2.0,6.0,10.92,9135.0,2,0,4.92,81.98
583,2022-09-01,56.0,11.0,9.73,40036.04,21,0,1.27,11.57
509,2022-09-01,4.0,1.0,10.7,2000.0,2,0,9.7,969.84
658,2022-09-01,112.0,20.0,22.56,3165.96,43,1,2.56,12.8
533,2022-09-01,14.0,8.0,14.92,9114.29,14,0,6.92,86.52
583,2022-09-01,3.0,56.0,20.82,36750.0,2,0,35.18,62.81
533,2022-09-01,6.0,14.0,23.28,9408.33,6,0,9.28,66.31
431,2022-09-01,149.0,17.0,23.62,40751.2,63,1,6.62,38.96
313,2022-09-01,4.0,9.0,16.61,74761.83,3,0,7.61,84.59
416,2022-09-01,12.0,1.0,9.21,59272.73,11,0,8.21,820.73
595,2022-09-01,29.0,5.0,10.89,10158.3,10,0,5.89,117.82
313,2022-09-01,9.0,59.0,22.62,100111.11,9,0,36.38,61.66
590,2022-09-01,15.0,3.0,11.84,12485.71,14,0,8.84,294.68
595,2022-09-01,7.0,29.0,9.0,10142.86,7,0,20.0,68.96
430,2022-09-01,85.0,5.0,14.27,40505.7,38,0,9.27,185.44
518,2022-09-01,1.0,52.0,11.84,55000.0,1,0,40.16,77.23
550,2022-09-01,2.0,1.0,10.03,4000.0,2,0,9.03,902.84
518,2022-09-01,52.0,2.0,8.94,52185.13,8,0,6.94,347.18
550,2022-09-01,1.0,4.0,8.8,4100.0,1,0,4.8,120.03
659,2022-09-01,65.0,25.0,29.96,2515.4,6,1,4.96,19.85
645,2022-09-01,3.0,4.0,9.07,17400.0,3,0,5.07,126.66
622,2022-09-01,22.0,7.0,23.0,2406.67,15,1,16.0,228.57
312,2022-09-01,12.0,26.0,12.13,47500.5,2,0,13.87,53.35
309,2022-09-01,33.0,36.0,27.35,44581.78,10,0,8.65,24.03
309,2022-09-01,36.0,78.0,18.81,42862.07,29,0,59.19,75.88
549,2022-09-01,5.0,38.0,28.66,5706.25,4,0,9.34,24.57
627,2022-09-01,3.0,5.0,11.98,500.0,2,0,6.98,139.59
577,2022-09-01,12.0,11.0,13.39,5327.27,11,0,2.39,21.68
549,2022-09-01,38.0,46.0,25.38,5018.52,27,1,20.62,44.84
659,2022-09-01,25.0,7.0,24.38,3134.09,22,1,17.38,248.3
349,2022-09-01,15.0,22.0,14.69,10816.69,6,0,7.31,33.2
312,2022-09-01,26.0,6.0,12.4,84400.0,26,0,6.4,106.72
622,2022-09-01,55.0,22.0,26.58,1544.33,3,1,4.58,20.81
627,2022-09-01,18.0,3.0,9.28,505.0,5,1,6.28,209.35
408,2022-09-01,18.0,2.0,11.12,45388.89,9,0,9.12,455.86
409,2022-09-01,10.0,6.0,9.72,42059.33,3,0,3.72,62.08
409,2022-09-01,6.0,7.0,7.58,57756.96,2,0,0.58,8.34
432,2022-09-01,22.0,3.0,9.83,19961.13,14,0,6.83,227.63
555,2022-09-01,27.0,3.0,13.58,1989.6,25,1,10.58,352.69
555,2022-09-01,1.0,27.0,17.69,2625.0,1,0,9.31,34.47
432,2022-09-01,2.0,22.0,15.08,18962.5,2,0,6.92,31.46
623,2022-09-01,28.0,39.0,39.01,1258.11,14,1,0.01,0.02
315,2022-09-01,2.0,3.0,8.29,35218.94,2,0,5.29,176.44
534,2022-09-01,101.0,2.0,10.63,7147.0,7,1,8.63,431.69
417,2022-09-01,1.0,7.0,14.71,20824.32,1,0,7.71,110.12
532,2022-09-01,7.0,20.0,28.73,19375.0,7,0,8.73,43.65
591,2022-09-01,32.0,39.0,41.17,8133.33,9,0,2.17,5.57
316,2022-09-01,3.0,3.0,8.94,45000.0,3,0,5.94,198.03
594,2022-09-01,14.0,1.0,10.04,18252.25,4,0,9.04,903.86
591,2022-09-01,39.0,15.0,23.42,7597.37,38,1,8.42,56.12
625,2022-09-01,169.0,79.0,67.36,500.0,80,1,11.64,14.73
581,2022-09-01,2.0,4.0,12.99,37500.0,2,0,8.99,224.76
594,2022-09-01,3.0,14.0,12.0,20333.33,3,0,2.0,14.29
527,2022-09-01,163.0,27.0,35.01,11363.64,11,1,8.01,29.68
3173,2022-09-01,58.0,11.0,10.51,20630.71,10,0,0.49,4.46
529,2022-09-01,1.0,3.0,5.67,3200.0,1,0,2.67,88.97
424,2022-09-01,2.0,2.0,12.54,53000.0,1,0,10.54,526.89
626,2022-09-01,6.0,46.0,21.99,688.13,4,0,24.01,52.2
626,2022-09-01,46.0,9.0,13.61,574.24,33,1,4.61,51.27
552,2022-09-01,20.0,28.0,29.94,8770.45,11,0,1.94,6.93
552,2022-09-01,28.0,33.0,28.55,8928.0,25,0,4.45,13.47
421,2022-09-01,2.0,4.0,10.23,50000.0,2,0,6.23,155.79
421,2022-09-01,1.0,2.0,10.85,45150.0,1,0,8.85,442.59
318,2022-09-01,7.0,11.0,12.34,16845.92,4,0,1.34,12.16
532,2022-09-01,20.0,27.0,22.17,18185.0,14,0,4.83,17.9
425,2022-09-01,99.0,13.0,19.5,27148.72,37,1,6.5,50.03
553,2022-09-01,8.0,16.0,24.95,4600.0,7,0,8.95,55.97
579,2022-09-01,2.0,3.0,8.56,4200.0,2,0,5.56,185.19
554,2022-09-01,29.0,21.0,15.59,3610.0,20,1,5.41,25.78
3155,2022-09-01,1.0,4.0,17.74,20000.0,1,0,13.74,343.6
554,2022-09-01,4.0,29.0,27.92,3631.25,4,0,1.08,3.72
417,2022-09-01,7.0,3.0,9.61,41733.33,6,0,6.61,220.36
323,2022-09-01,10.0,7.0,10.86,56111.17,6,0,3.86,55.19
3155,2022-09-01,4.0,63.0,34.79,20275.0,4,0,28.21,44.78
647,2022-09-01,5.0,1.0,10.85,6000.0,2,0,9.85,984.53
579,2022-09-01,2.0,2.0,7.78,4000.0,2,0,5.78,289.19
426,2022-09-01,17.0,2.0,10.17,40000.0,17,0,8.17,408.29
553,2022-09-01,16.0,53.0,33.49,5366.67,12,0,19.51,36.81
426,2022-09-01,13.0,17.0,11.15,35280.71,5,0,5.85,34.43
624,2022-09-01,29.0,49.0,42.47,719.64,14,1,6.53,13.33
624,2022-09-01,49.0,25.0,30.55,700.0,15,1,5.55,22.19
551,2022-09-01,3.0,1.0,10.54,13500.0,3,0,9.54,954.23
3157,2022-09-01,6.0,9.0,11.28,136866.67,6,0,2.28,25.31
420,2022-09-01,1.0,2.0,8.97,20593.0,1,0,6.97,348.5
420,2022-09-01,2.0,16.0,10.31,65900.0,1,0,5.69,35.56
322,2022-09-01,6.0,19.0,12.03,1.0,1,1,6.97,36.69
589,2022-09-01,8.0,39.0,22.84,8600.0,5,0,16.16,41.43
577,2022-09-01,3.0,12.0,20.2,4666.67,3,0,8.2,68.35
388,2022-09-01,10.0,2.0,10.89,67321.05,8,0,8.89,444.45
536,2022-09-01,11.0,5.0,9.89,6027.27,11,0,4.89,97.82
500,2022-09-01,2.0,16.0,16.77,15750.0,2,0,0.77,4.83
443,2022-09-01,48.0,5.0,13.75,40640.75,15,0,8.75,174.9
500,2022-09-01,16.0,5.0,13.28,13066.67,15,0,8.28,165.56
357,2022-09-01,70.0,11.0,13.0,2214.92,12,1,2.0,18.18
357,2022-09-01,1.0,70.0,45.36,2000.0,1,0,24.64,35.2
629,2022-09-01,15.0,15.0,13.6,2366.67,9,0,1.4,9.34
629,2022-09-01,3.0,15.0,17.82,2300.0,2,0,2.82,18.83
538,2022-09-01,3.0,5.0,8.72,34125.0,3,0,3.72,74.32
558,2022-09-01,28.0,5.0,9.1,6058.25,8,0,4.1,81.92
396,2022-09-01,5.0,72.0,33.8,38950.0,4,0,38.2,53.06
396,2022-09-01,72.0,12.0,16.39,39601.88,27,0,4.39,36.6
558,2022-09-01,7.0,28.0,11.82,4639.29,7,0,16.18,57.78
574,2022-09-01,11.0,9.0,15.19,6539.09,11,0,6.19,68.83
616,2022-09-01,1.0,1.0,9.34,6900.0,1,0,8.34,834.18
501,2022-09-01,3.0,51.0,20.03,13333.33,3,0,30.97,60.73
3044,2022-09-01,15.0,1.0,11.13,43818.18,11,0,10.13,1013.31
501,2022-09-01,51.0,2.0,8.95,12352.57,7,0,6.95,347.6
442,2022-09-01,42.0,4.0,15.61,35600.0,18,0,11.61,290.21
442,2022-09-01,6.0,42.0,31.57,36750.0,3,0,10.43,24.82
538,2022-09-01,5.0,2.0,7.07,21745.0,1,0,5.07,253.32
301,2022-09-01,55.0,4.0,9.64,34962.82,11,0,5.64,141.08
301,2022-09-01,7.0,55.0,18.84,41142.86,7,0,36.16,65.74
395,2022-09-01,2.0,1.0,10.0,1.0,1,1,9.0,899.9
446,2022-09-01,2.0,13.0,8.7,58000.0,2,0,4.3,33.06
673,2022-09-01,12.0,15.0,12.75,25153.48,3,0,2.25,14.97
300,2022-09-01,23.0,6.0,18.86,11093.78,22,0,12.86,214.35
587,2022-09-01,4.0,6.0,10.4,10450.0,4,0,4.4,73.33
446,2022-09-01,3.0,2.0,9.27,51762.5,2,0,7.27,363.52
5,2022-09-01,1.0,4.0,12.07,85000.0,1,0,8.07,201.81
561,2022-09-01,1.0,26.0,11.38,5800.0,1,0,14.62,56.22
638,2022-09-01,110.0,8.0,13.52,5232.26,8,1,5.52,69.05
561,2022-09-01,2.0,1.0,8.64,5000.0,1,0,7.64,764.44
671,2022-09-01,3.0,10.0,9.66,4400.0,3,0,0.34,3.38
444,2022-09-01,6.0,1.0,7.01,55500.0,6,0,6.01,600.72
444,2022-09-01,3.0,6.0,9.55,37333.67,3,0,3.55,59.14
574,2022-09-01,3.0,11.0,16.07,6716.67,3,0,5.07,46.08
615,2022-09-01,1.0,28.0,10.0,5775.0,1,0,18.0,64.27
615,2022-09-01,28.0,2.0,7.58,5578.13,8,0,5.58,279.1
547,2022-09-01,9.0,5.0,15.51,9055.0,5,0,10.51,210.13
671,2022-09-01,10.0,1.0,9.66,4200.0,5,0,8.66,865.61
547,2022-09-01,5.0,2.0,14.97,9200.0,1,0,12.97,648.27
648,2022-09-01,102.0,4.0,8.28,4397.86,7,1,4.28,106.94
596,2022-09-01,2.0,4.0,11.5,7450.0,2,0,7.5,187.47
620,2022-09-01,6.0,22.0,26.79,1200.0,4,0,4.79,21.76
617,2022-09-01,2.0,5.0,10.96,5000.0,2,0,5.96,119.2
406,2022-09-01,1.0,28.0,13.37,37500.0,1,0,14.63,52.24
435,2022-09-01,8.0,6.0,11.42,32000.0,7,0,5.42,90.37
308,2022-09-01,10.0,34.0,14.99,8200.6,10,0,19.01,55.91
308,2022-09-01,34.0,12.0,10.82,19627.0,15,0,1.18,9.8
435,2022-09-01,4.0,8.0,10.66,32000.0,2,0,2.66,33.19
620,2022-09-01,25.0,6.0,33.7,1435.0,10,1,27.7,461.63
589,2022-09-01,6.0,8.0,15.7,9895.83,6,0,7.7,96.31
406,2022-09-01,28.0,4.0,11.76,43375.0,16,0,7.76,193.98
556,2022-09-01,5.0,8.0,9.97,13700.0,5,0,1.97,24.61
355,2022-09-01,73.0,13.0,10.2,37104.54,52,0,2.8,21.5
662,2022-09-01,26.0,6.0,13.18,11888.46,26,0,7.18,119.63
662,2022-09-01,6.0,26.0,15.95,11147.67,6,0,10.05,38.66
507,2022-09-01,7.0,26.0,24.19,3037.5,4,0,1.81,6.98
556,2022-09-01,3.0,5.0,10.86,13650.0,3,0,5.86,117.2
355,2022-09-01,3.0,73.0,22.28,30500.0,3,0,50.72,69.48
644,2022-09-01,101.0,7.0,12.53,22560.57,7,1,5.53,79.02
434,2022-09-01,19.0,4.0,18.47,25108.17,4,0,14.47,361.8
507,2022-09-01,26.0,2.0,17.5,2006.25,16,1,15.5,775.22
434,2022-09-01,4.0,19.0,26.25,27000.0,3,0,7.25,38.17
548,2022-09-01,3.0,18.0,9.7,10000.0,3,0,8.3,46.11
535,2022-09-01,28.0,36.0,39.52,5891.51,16,0,3.52,9.79
685,2022-09-01,9.0,8.0,9.53,18857.14,7,0,1.53,19.11
618,2022-09-01,6.0,3.0,7.43,2200.0,6,0,4.43,147.75
584,2022-09-01,12.0,21.0,21.82,17000.0,12,0,0.82,3.89
596,2022-09-01,2.0,2.0,9.81,5862.5,2,0,7.81,390.54
398,2022-09-01,4.0,1.0,10.17,1.0,1,1,9.17,917.14
3050,2022-09-01,20.0,3.0,11.47,24085.56,1,0,8.47,282.46
3050,2022-09-01,3.0,1.0,10.43,29500.0,1,0,9.43,942.62
502,2022-09-01,4.0,8.0,8.42,14350.0,4,0,0.42,5.19
356,2022-09-01,166.0,27.0,17.5,36734.71,33,1,9.5,35.17
64,2022-09-01,4.0,27.0,11.97,92250.0,4,0,15.03,55.66
502,2022-09-01,8.0,2.0,9.17,14825.0,8,0,7.17,358.26
575,2022-09-01,2.0,3.0,8.16,6000.0,2,0,5.16,171.87
584,2022-09-01,18.0,12.0,17.18,24150.0,4,0,5.18,43.17
64,2022-09-01,27.0,6.0,9.24,95000.0,27,0,3.24,53.94
548,2022-09-01,5.0,3.0,10.67,8762.5,4,0,7.67,255.64
535,2022-09-01,36.0,60.0,45.32,7725.93,27,0,14.68,24.46
44,2022-09-01,6.0,1.0,10.44,24123.47,2,0,9.44,943.61
44,2022-09-01,17.0,6.0,10.22,10500.67,3,0,4.22,70.34
666,2022-09-01,1274.0,71.0,55.32,1306.23,189,2,15.68,22.08
557,2022-09-01,1.0,1.0,9.26,8000.0,1,0,8.26,826.4
397,2022-09-01,1.0,15.0,11.6,19538.46,1,0,3.4,22.66
T99,2022-09-01,3.0,8.0,13.57,200.0,3,0,5.57,69.66
2879,2022-09-01,97.0,8.0,20.53,63886.0,49,0,12.53,156.65
T132,2022-09-01,12.0,16.0,21.56,100.0,6,1,5.56,34.75
1432,2022-09-01,23.0,1.0,9.07,116000.0,23,0,8.07,806.98
1432,2022-09-01,1.0,23.0,9.69,110250.0,1,0,13.31,57.85
1423,2022-09-01,26.0,9.0,13.3,3000.0,26,1,4.3,47.77
1423,2022-09-01,10.0,26.0,20.45,6040.0,10,0,5.55,21.34
T134,2022-09-01,11.0,7.0,25.94,220.0,4,1,18.94,270.57
1420,2022-09-01,10.0,2.0,9.28,16900.0,10,0,7.28,363.87
1420,2022-09-01,3.0,10.0,9.95,16783.33,3,0,0.05,0.47
T134,2022-09-01,7.0,6.0,10.09,200.0,3,1,4.09,68.18
1418,2022-09-01,2.0,3.0,10.44,1500.0,1,0,7.44,247.91
1416,2022-09-01,2.0,6.0,9.76,191000.0,1,0,3.76,62.67
1415,2022-09-01,17.0,1.0,12.63,146350.71,5,0,11.63,1162.92
1413,2022-09-01,18.0,16.0,12.14,131071.31,5,0,3.86,24.12
1413,2022-09-01,4.0,18.0,14.58,132142.36,1,0,3.42,19.03
1412,2022-09-01,5.0,1.0,16.43,12480.0,5,0,15.43,1543.19
1410,2022-09-01,49.0,8.0,10.27,75624.49,20,0,2.27,28.34
1410,2022-09-01,2.0,49.0,12.12,71400.0,2,0,36.88,75.27
T175,2022-09-01,161.0,22.0,21.36,200.0,24,1,0.64,2.91
1404,2022-09-01,15.0,70.0,32.79,8151.0,1,0,37.21,53.16
T177,2022-09-01,188.0,61.0,23.2,200.0,41,1,37.8,61.97
1396,2022-09-01,16.0,1.0,11.75,48506.25,8,0,10.75,1074.78
1395,2022-09-01,15.0,2.0,10.02,165713.33,15,0,8.02,400.8
1395,2022-09-01,6.0,15.0,15.04,95026.94,1,0,0.04,0.25
T179,2022-09-01,184.0,68.0,54.66,411.11,47,1,13.34,19.62
T184,2022-09-01,9.0,2.0,14.98,700.0,6,0,12.98,649.06
1390,2022-09-01,14.0,3.0,11.41,87684.82,9,0,8.41,280.25
1433,2022-09-01,1.0,1.0,7.66,105500.0,1,0,6.66,666.14
T132,2022-09-01,18.0,12.0,17.24,105.0,3,1,5.24,43.65
T203,2022-09-01,2.0,6.0,10.63,750.0,1,0,4.63,77.15
1458,2022-09-01,10.0,6.0,9.49,15500.0,10,0,3.49,58.13
1496,2022-09-01,22.0,24.0,14.59,11475.75,2,0,9.41,39.2
1496,2022-09-01,8.0,22.0,20.8,14700.0,1,0,1.2,5.45
T003,2022-09-01,2.0,16.0,12.0,3675.0,1,0,4.0,24.99
T003,2022-09-01,16.0,3.0,8.29,3700.0,8,0,5.29,176.45
T0040,2022-09-01,5.0,12.0,11.0,400.0,5,0,1.0,8.32
1495,2022-09-01,38.0,6.0,11.51,17739.34,6,0,5.51,91.88
1495,2022-09-01,1.0,38.0,15.43,16000.0,1,0,22.57,59.39
1494,2022-09-01,98.0,6.0,18.44,17076.86,30,1,12.44,207.3
T105,2022-09-01,4.0,16.0,11.05,1100.0,2,0,4.95,30.95
T105,2022-09-01,16.0,1.0,8.6,1100.0,2,1,7.6,760.2
1492,2022-09-01,82.0,70.0,35.36,4660.0,5,1,34.64,49.48
149,2022-09-01,8.0,3.0,13.14,5000.0,4,0,10.14,338.08
149,2022-09-01,10.0,8.0,12.38,4080.0,5,0,4.38,54.75
1486,2022-09-01,1.0,5.0,11.17,33600.0,1,0,6.17,123.41
1486,2022-09-01,1.0,1.0,10.36,30000.0,1,0,9.36,935.63
T130,2022-09-01,10.0,10.0,13.38,52.5,2,1,3.38,33.82
T130,2022-09-01,10.0,4.0,11.61,100.0,10,1,7.61,190.27
1485,2022-09-01,7.0,2.0,9.82,16128.57,7,0,7.82,391.06
1485,2022-09-01,2.0,7.0,10.16,15000.0,1,0,3.16,45.17
T131,2022-09-01,110.0,4.0,10.52,100.0,11,1,6.52,162.88
1476,2022-09-01,4.0,1.0,12.28,118945.7,3,0,11.28,1127.89
1476,2022-09-01,15.0,4.0,20.93,5683.33,6,0,16.93,423.27
1475,2022-09-01,22.0,14.0,14.33,4480.0,5,0,0.33,2.39
1475,2022-09-01,5.0,22.0,18.58,4515.0,1,0,3.42,15.52
1463,2022-09-01,2.0,16.0,13.11,84400.0,2,0,2.89,18.05
1390,2022-09-01,11.0,14.0,15.88,64170.78,4,0,1.88,13.44
T203,2022-09-01,6.0,1.0,8.19,540.0,5,0,7.19,718.59
T6510,2022-09-01,54.0,8.0,15.26,305.56,18,1,7.26,90.69
1327,2022-09-01,31.0,2.0,8.68,37787.89,22,0,6.68,333.92
1322,2022-09-01,29.0,4.0,9.42,1434.48,29,1,5.42,135.42
1322,2022-09-01,4.0,29.0,13.55,750.5,4,0,15.45,53.27
T4083,2022-09-01,3.0,4.0,10.65,400.0,3,0,6.65,166.31
1321,2022-09-01,3.0,3.0,9.28,1000.0,3,0,6.28,209.43
1321,2022-09-01,10.0,3.0,9.04,1010.0,10,0,6.04,201.34
1320,2022-09-01,2.0,2.0,7.87,22550.0,2,0,5.87,293.28
T5315,2022-09-01,83.0,13.0,18.52,126.67,30,1,5.52,42.45
1311,2022-09-01,92.0,6.0,11.05,8434.08,16,1,5.05,84.09
1304,2022-09-01,84.0,4.0,7.61,6540.45,8,1,3.61,90.3
1303,2022-09-01,5.0,3.0,10.96,6544.98,5,0,7.96,265.26
1303,2022-09-01,1.0,5.0,10.02,8400.0,1,0,5.02,100.39
1301,2022-09-01,82.0,4.0,10.13,5492.04,5,1,6.13,153.21
1300,2022-09-01,3.0,1.0,10.09,3386.01,3,0,9.09,909.35
1293,2022-09-01,8.0,59.0,41.76,780.0,5,0,17.24,29.23
1293,2022-09-01,32.0,8.0,22.81,603.08,13,1,14.81,185.11
T6328,2022-09-01,2.0,3.0,12.86,420.0,2,0,9.86,328.59
1292,2022-09-01,88.0,19.0,17.9,2742.16,45,1,1.1,5.81
1289,2022-09-01,24.0,6.0,10.76,19674.44,16,0,4.76,79.28
1289,2022-09-01,1.0,24.0,11.33,21000.0,1,0,12.67,52.79
1281,2022-09-01,1.0,2.0,7.47,131900.0,1,0,5.47,273.44
1281,2022-09-01,10.0,1.0,9.69,92759.82,4,0,8.69,869.33
1280,2022-09-01,2.0,3.0,7.89,8400.0,2,0,4.89,162.99
1280,2022-09-01,6.0,2.0,8.35,8000.0,3,0,6.35,317.74
1279,2022-09-01,1.0,3.0,10.72,13125.0,1,0,7.72,257.31
T6510,2022-09-01,6.0,54.0,27.97,245.98,5,1,26.03,48.2
1327,2022-09-01,1.0,31.0,14.11,36500.0,1,0,16.89,54.48
T284,2022-09-01,40.0,20.0,16.94,400.0,19,1,3.06,15.32
1387,2022-09-01,20.0,3.0,10.21,136530.0,20,0,7.21,240.46
T284,2022-09-01,10.0,40.0,30.47,413.33,3,1,9.53,23.83
1387,2022-09-01,5.0,20.0,14.25,76021.29,4,0,5.75,28.75
T206,2022-09-01,8.0,55.0,27.31,1250.0,1,0,27.69,50.34
1380,2022-09-01,10.0,1.0,9.01,180000.0,10,0,8.01,801.03
1377,2022-09-01,3.0,4.0,15.73,83322.85,1,0,11.73,293.33
T232,2022-09-01,10.0,48.0,43.63,518.75,8,1,4.37,9.1
T232,2022-09-01,48.0,22.0,18.35,500.0,14,1,3.65,16.6
1359,2022-09-01,11.0,1.0,10.24,9581.82,11,0,9.24,923.77
1359,2022-09-01,1.0,11.0,9.4,8400.0,1,0,1.6,14.51
1356,2022-09-01,5.0,1.0,13.72,72175.87,3,0,12.72,1271.94
T240,2022-09-01,18.0,43.0,22.62,630.0,5,1,20.38,47.4
1354,2022-09-01,4.0,44.0,24.85,14000.0,1,0,19.15,43.52
1354,2022-09-01,26.0,4.0,16.9,11798.83,3,0,12.9,322.46
T240,2022-09-01,43.0,2.0,14.37,600.0,4,1,12.37,618.56
1351,2022-09-01,1.0,1.0,10.95,10600.0,1,0,9.95,995.05
1351,2022-09-01,2.0,1.0,9.79,10500.0,2,0,8.79,879.3
1350,2022-09-01,50.0,70.0,42.35,681.82,22,1,27.65,39.5
1350,2022-09-01,22.0,50.0,15.87,811.25,8,1,34.13,68.26
T281,2022-09-01,2.0,20.0,14.84,600.0,1,0,5.16,25.8
1349,2022-09-01,630.0,33.0,58.85,552.5,4,1,25.85,78.35
1348,2022-09-01,3.0,9.0,9.69,93000.0,3,0,0.69,7.65
1348,2022-09-01,2.0,3.0,10.24,67868.08,1,0,7.24,241.38
1342,2022-09-01,6.0,12.0,11.61,13650.0,1,0,0.39,3.27
T283,2022-09-01,88.0,52.0,43.76,300.0,19,1,8.24,15.85
134,2022-09-01,1.0,2.0,7.81,682500.0,1,0,5.81,290.46
1329,2022-09-01,59.0,26.0,22.46,21247.6,14,0,3.54,13.61
1497,2022-09-01,4.0,26.0,16.47,14910.0,2,0,9.53,36.67
1497,2022-09-01,26.0,30.0,14.02,13124.25,4,0,15.98,53.27
BANDASPOOL,2022-09-01,22.0,11.0,19.07,14090.91,22,0,8.07,73.4
964,2022-09-01,2.0,2.0,9.3,207866.82,1,0,7.3,365.16
1698,2022-09-01,3.0,55.0,21.87,2500.0,3,0,33.13,60.23
1698,2022-09-01,6.0,3.0,9.39,3300.0,5,0,6.39,212.96
966,2022-09-01,6.0,29.5,13.77,122289.76,2,0,15.73,53.31
1695,2022-09-01,15.0,23.0,20.1,11800.0,11,0,2.9,12.59
1695,2022-09-01,80.0,15.0,19.32,15600.17,6,1,4.32,28.79
169,2022-09-01,15.0,7.0,12.41,6300.0,15,0,5.41,77.27
169,2022-09-01,3.0,15.0,11.59,6300.0,3,0,3.41,22.74
967,2022-09-01,7.5,5.0,23.29,142426.62,4,0,18.29,365.81
1688,2022-09-01,92.0,21.0,20.4,1100.0,28,1,0.6,2.87
969,2022-09-01,6.0,1.0,14.64,108416.67,3,0,13.64,1363.72
969,2022-09-01,1.0,5.0,10.49,124000.0,1,0,5.49,109.83
1687,2022-09-01,5.0,5.0,13.78,1400.0,5,0,8.78,175.54
1687,2022-09-01,1.0,5.0,15.86,990.0,1,0,10.86,217.26
1686,2022-09-01,16.0,1.0,10.69,17344.44,9,0,9.69,969.17
1686,2022-09-01,6.0,16.0,11.99,16000.0,3,0,4.01,25.04
970,2022-09-01,8.0,48.0,25.68,56975.5,2,0,22.32,46.51
1677,2022-09-01,1.0,12.0,9.97,20000.0,1,0,2.03,16.89
1677,2022-09-01,1.0,1.0,9.71,21000.0,1,0,8.71,871.38
1670,2022-09-01,3.0,1.0,8.51,120244.86,2,0,7.51,751.0
1667,2022-09-01,51.0,10.0,13.34,161848.48,33,0,3.34,33.4
1667,2022-09-01,19.0,51.0,23.55,161348.08,9,0,27.45,53.83
971,2022-09-01,4.0,56.0,21.3,137000.0,3,0,34.7,61.96
1649,2022-09-01,5.0,12.0,11.79,6920.0,5,0,0.21,1.77
1640,2022-09-01,16.0,4.0,12.56,168500.0,16,0,8.56,213.9
1637,2022-09-01,2.0,12.0,11.22,179337.76,1,0,0.78,6.49
1706,2022-09-01,5.0,4.0,10.55,8087.5,4,0,6.55,163.77
1712,2022-09-01,30.0,51.0,36.82,808.0,5,1,14.18,27.81
1498,2022-09-01,6.0,8.0,10.39,12050.0,2,0,2.39,29.83
1712,2022-09-01,51.0,28.0,22.71,800.0,29,1,5.29,18.89
1794,2022-09-01,47.0,8.0,10.21,19901.46,8,0,2.21,27.67
1794,2022-09-01,4.0,47.0,11.26,20750.0,4,0,35.74,76.04
959,2022-09-01,10.0,22.0,22.14,121325.0,8,0,0.14,0.65
959,2022-09-01,22.0,4.0,14.79,104636.55,10,0,10.79,269.86
1786,2022-09-01,40.0,22.0,12.73,12565.34,5,0,9.27,42.12
1786,2022-09-01,1.0,40.0,18.09,7682.23,1,0,21.91,54.77
1784,2022-09-01,4.0,4.0,17.62,45562.5,4,0,13.62,340.45
1766,2022-09-01,2.0,2.0,10.96,42000.0,1,0,8.96,448.08
1749,2022-09-01,12.0,21.0,9.74,1040.0,5,0,11.26,53.63
1743,2022-09-01,16.0,6.0,11.78,1486.57,6,0,5.78,96.42
1737,2022-09-01,37.0,37.0,12.38,120000.0,19,0,24.62,66.53
1737,2022-09-01,10.0,37.0,13.34,68333.67,3,0,23.66,63.94
960,2022-09-01,6.0,48.0,27.58,102657.56,4,0,20.42,42.54
960,2022-09-01,48.0,15.5,14.41,117883.29,24,0,1.09,7.02
1732,2022-09-01,370.0,36.0,28.72,1082.69,49,1,7.28,20.22
961,2022-09-01,6.0,11.0,10.96,1.0,1,1,0.04,0.32
961,2022-09-01,11.0,48.0,14.57,122375.0,8,0,33.43,69.64
1731,2022-09-01,55.0,7.0,11.66,578.38,37,1,4.66,66.5
1724,2022-09-01,46.0,18.0,13.72,10488.65,11,0,4.28,23.77
1724,2022-09-01,21.0,46.0,22.16,8867.17,3,0,23.84,51.82
1719,2022-09-01,3.0,1.0,7.18,1600.0,3,0,6.18,617.97
1719,2022-09-01,7.0,3.0,9.4,1575.0,7,0,6.4,213.35
1713,2022-09-01,14.0,4.0,8.94,1600.0,2,0,4.94,123.6
1713,2022-09-01,2.0,14.0,14.6,1500.0,1,0,0.6,4.26
963,2022-09-01,1.0,5.0,9.35,157500.0,1,0,4.35,86.95
972,2022-09-01,6.0,7.0,13.44,165000.0,3,0,6.44,91.98
1636,2022-09-01,13.0,1.0,9.46,184334.29,5,0,8.46,846.48
1636,2022-09-01,3.0,13.0,13.34,99953.82,2,0,0.34,2.6
972,2022-09-01,7.0,54.0,22.37,215534.69,7,0,31.63,58.58
990,2022-09-01,6.0,28.0,16.64,127000.0,3,0,11.36,40.56
1581,2022-09-01,4.0,4.0,11.52,25000.0,4,0,7.52,187.94
1577,2022-09-01,11.0,10.0,22.1,49731.99,2,0,12.1,121.0
1577,2022-09-01,26.0,11.0,16.87,40991.83,6,0,5.87,53.35
992,2022-09-01,6.0,26.0,12.87,1.0,2,1,13.13,50.51
1572,2022-09-01,4.0,11.0,10.6,33800.0,1,0,0.4,3.62
1572,2022-09-01,3.0,4.0,11.96,24584.13,2,0,7.96,199.03
1571,2022-09-01,6.0,62.0,15.04,96000.0,3,0,46.96,75.75
1571,2022-09-01,21.0,6.0,13.74,79837.63,8,0,7.74,129.0
994,2022-09-01,12.0,32.0,17.19,135557.86,6,0,14.81,46.28
1559,2022-09-01,1.0,54.5,28.76,106000.0,1,0,25.74,47.24
1559,2022-09-01,6.0,1.0,10.97,1.0,1,1,9.97,997.35
1556,2022-09-01,66.0,36.0,23.4,60365.85,41,0,12.6,35.0
1556,2022-09-01,10.0,66.0,40.26,55392.86,7,0,25.74,39.0
1549,2022-09-01,2.0,1.0,11.12,40000.0,2,0,10.12,1011.61
997,2022-09-01,5.0,12.0,12.1,77500.0,3,0,0.1,0.87
997,2022-09-01,12.0,60.0,21.54,85914.29,7,0,38.46,64.1
1534,2022-09-01,24.0,21.0,11.51,1742.86,12,1,9.49,45.21
1534,2022-09-01,7.0,24.0,20.55,1742.5,2,0,3.45,14.38
1525,2022-09-01,2.0,1.0,9.84,22700.0,2,0,8.84,883.9
1525,2022-09-01,1.0,2.0,9.5,21000.0,1,0,7.5,375.02
152,2022-09-01,4.0,1.0,10.59,2600.0,2,0,9.59,959.15
152,2022-09-01,4.0,4.0,17.68,2500.0,1,0,13.68,341.98
151,2022-09-01,26.0,2.0,11.39,3700.0,13,0,9.39,469.36
BANDASPOOL,2022-09-01,3.0,22.0,13.11,12333.33,3,0,8.89,40.42
1587,2022-09-01,5.0,3.0,10.66,98633.33,3,0,7.66,255.36
1587,2022-09-01,3.0,37.0,16.67,115666.67,3,0,20.33,54.94
1588,2022-09-01,12.0,4.0,11.31,17011.81,5,0,7.31,182.82
978,2022-09-01,8.0,4.0,18.13,186169.89,4,0,14.13,353.3
1634,2022-09-01,7.0,1.0,11.08,28000.0,4,0,10.08,1008.21
977,2022-09-01,3.0,2.0,7.56,14175.67,2,0,5.56,277.78
163,2022-09-01,8.0,13.0,12.17,6220.0,5,0,0.83,6.38
1626,2022-09-01,1.0,1.0,11.37,6600.0,1,0,10.37,1036.63
1626,2022-09-01,32.0,1.0,8.35,7350.0,2,0,7.35,734.56
977,2022-09-01,2.0,1.0,7.47,42850.0,2,0,6.47,647.09
1617,2022-09-01,4.0,1.0,9.32,6075.0,4,0,8.32,832.25
1610,2022-09-01,19.0,2.0,9.92,320405.88,17,0,7.92,395.82
1610,2022-09-01,1.0,19.0,15.17,320250.0,1,0,3.83,20.14
1608,2022-09-01,22.0,13.0,15.48,90000.0,13,0,2.48,19.05
1608,2022-09-01,23.0,22.0,20.09,50050.16,6,0,1.91,8.68
978,2022-09-01,4.0,56.0,20.59,197000.0,2,0,35.41,63.24
1588,2022-09-01,4.0,7.0,11.22,14000.25,4,0,4.22,60.28
1607,2022-09-01,45.0,34.0,27.41,88889.66,29,0,6.59,19.39
1607,2022-09-01,14.0,45.0,35.1,88380.0,10,0,9.9,22.0
160,2022-09-01,28.0,3.0,10.44,10292.86,28,0,7.44,248.16
160,2022-09-01,5.0,28.0,12.71,10000.0,5,0,15.29,54.6
1599,2022-09-01,8.0,1.0,13.38,6300.0,4,0,12.38,1237.94
1593,2022-09-01,20.0,28.0,15.92,76000.0,19,0,12.08,43.15
1593,2022-09-01,4.0,20.0,11.99,91535.99,1,0,8.01,40.07
1592,2022-09-01,45.0,66.0,26.95,76042.81,31,0,39.05,59.17
1592,2022-09-01,6.0,45.0,18.54,67650.0,3,0,26.46,58.8
159,2022-09-01,3.0,4.0,16.33,2562.5,2,0,12.33,308.18
988,2022-09-01,18.0,28.0,14.23,178592.93,14,0,13.77,49.16
1274,2022-09-01,1.0,6.0,10.3,105500.0,1,0,4.3,71.72
1269,2022-09-01,27.0,17.0,9.66,2685.71,14,1,7.34,43.2
1795,2022-09-01,6.0,1.0,10.23,44200.0,3,0,9.23,922.51
1075,2022-09-01,1.0,5.0,12.71,141750.0,2,0,7.71,154.12
1074,2022-09-01,16.5,29.0,23.7,150191.82,11,0,5.3,18.28
T8564,2022-09-01,1.0,22.0,16.95,150.0,1,0,5.05,22.94
T8564,2022-09-01,22.0,26.0,17.43,200.0,17,1,8.57,32.95
1073,2022-09-01,36.0,12.5,15.1,170484.5,21,0,2.6,20.76
1073,2022-09-01,9.0,36.0,29.15,171207.14,7,0,6.85,19.04
T8719,2022-09-01,6.0,13.0,13.24,100.0,2,1,0.24,1.86
T8720,2022-09-01,1.0,7.0,14.48,200.0,1,0,7.48,106.79
T8720,2022-09-01,7.0,28.0,13.42,200.0,6,1,14.58,52.06
1072,2022-09-01,4.0,24.0,13.77,146561.37,3,0,10.23,42.61
1071,2022-09-01,10.0,43.5,17.19,165489.49,8,0,26.31,60.49
1071,2022-09-01,9.0,10.0,13.81,144554.18,4,0,3.81,38.14
T8724,2022-09-01,5.0,23.0,19.87,153.75,4,1,3.13,13.6
1070,2022-09-01,21.5,15.5,18.05,167021.06,17,0,2.55,16.45
1070,2022-09-01,3.0,21.5,14.43,203346.18,2,0,7.07,32.9
T8724,2022-09-01,23.0,24.0,14.42,197.83,23,1,9.58,39.9
1054,2022-09-01,8.5,16.0,10.34,183008.44,6,0,5.66,35.38
1054,2022-09-01,2.0,8.5,9.93,209587.5,4,0,1.43,16.81
T8726,2022-09-01,17.0,31.0,24.31,207.5,4,1,6.69,21.57
1053,2022-09-01,6.0,9.0,9.75,168337.4,1,0,0.75,8.37
1053,2022-09-01,1.0,6.0,9.96,238875.0,1,0,3.96,65.96
T8726,2022-09-01,31.0,29.0,20.96,200.0,29,1,8.04,27.74
T8727,2022-09-01,3.0,29.0,21.44,258.33,3,0,7.56,26.07
1052,2022-09-01,10.5,8.0,11.6,222546.51,8,0,3.6,44.96
1052,2022-09-01,4.5,10.5,13.23,256250.0,6,0,2.73,25.97
T8727,2022-09-01,29.0,19.0,14.11,300.0,14,1,4.89,25.76
1074,2022-09-01,29.0,22.5,19.43,156211.22,18,0,3.07,13.64
1075,2022-09-01,5.0,14.0,14.47,159833.33,6,0,0.47,3.33
1048,2022-09-01,88.0,69.0,27.03,91324.22,30,0,41.97,60.83
T7169,2022-09-01,5.0,8.0,14.36,300.0,2,0,6.36,79.53
1110,2022-09-01,158.0,28.0,27.8,5870.27,37,1,0.2,0.7
T7166,2022-09-01,131.0,78.0,48.55,101.67,6,1,29.45,37.75
T7166,2022-09-01,78.0,50.0,41.38,126.67,30,1,8.62,17.23
111,2022-09-01,10.0,5.0,9.61,29500.0,5,0,4.61,92.15
111,2022-09-01,1.0,10.0,10.65,29400.0,1,0,0.65,6.52
1109,2022-09-01,24.0,9.0,14.35,6216.67,6,0,5.35,59.49
1109,2022-09-01,4.0,24.0,24.82,6500.0,1,0,0.82,3.4
T7167,2022-09-01,68.0,67.0,40.92,205.71,7,1,26.08,38.92
1108,2022-09-01,16.0,5.0,13.38,8400.0,2,0,8.38,167.63
1108,2022-09-01,2.0,16.0,14.22,8000.0,1,0,1.78,11.11
T7167,2022-09-01,67.0,12.0,18.98,202.08,24,1,6.98,58.15
1101,2022-09-01,4.0,1.0,11.69,15300.0,2,0,10.69,1069.43
1100,2022-09-01,5.0,7.0,10.49,14466.67,3,0,3.49,49.81
110,2022-09-01,9.0,31.0,15.23,36900.0,9,0,15.77,50.88
1088,2022-09-01,32.0,17.0,12.64,23700.0,32,0,4.36,25.66
1087,2022-09-01,10.0,26.0,15.76,13513.28,1,0,10.24,39.38
1080,2022-09-01,7.0,9.0,11.45,132796.0,3,0,2.45,27.21
1080,2022-09-01,3.0,7.0,9.17,154950.0,3,0,2.17,31.0
1078,2022-09-01,0.5,0.5,10.61,219000.0,1,0,10.11,2022.01
1078,2022-09-01,2.0,0.5,10.19,1.0,1,1,9.69,1937.62
1077,2022-09-01,12.0,11.0,12.88,221422.57,14,0,1.88,17.05
1077,2022-09-01,3.0,12.0,15.23,199333.33,3,0,3.23,26.9
T7168,2022-09-01,18.0,13.0,15.29,300.0,18,1,2.29,17.59
1076,2022-09-01,5.0,4.0,10.82,262700.0,10,0,6.82,170.49
1076,2022-09-01,0.5,5.0,9.55,230475.0,1,0,4.55,91.08
T8728,2022-09-01,47.0,6.0,16.34,700.0,20,1,10.34,172.25
1047,2022-09-01,44.0,2.0,16.42,85000.18,17,0,14.42,721.18
1268,2022-09-01,2.0,50.0,10.19,10000.0,1,0,39.81,79.62
1015,2022-09-01,5.25,43.0,26.63,100267.5,4,0,16.37,38.08
T8871,2022-09-01,30.0,1.0,10.74,1700.0,8,1,9.74,973.68
1014,2022-09-01,54.0,48.5,28.04,105043.57,23,0,20.46,42.19
1014,2022-09-01,3.5,54.0,36.06,97808.33,6,0,17.94,33.22
T9226,2022-09-01,79.0,3.0,11.56,200.0,14,1,8.56,285.47
1012,2022-09-01,22.0,3.0,10.53,226270.99,7,0,7.53,251.13
1012,2022-09-01,2.0,22.0,15.58,204750.0,2,0,6.42,29.2
T9379,2022-09-01,10.0,6.0,16.94,1101.67,3,0,10.94,182.26
1009,2022-09-01,5.0,2.0,9.15,220539.85,2,0,7.15,357.44
1009,2022-09-01,4.0,5.0,9.19,156842.0,1,0,4.19,83.81
1006,2022-09-01,10.0,43.0,11.88,110000.0,10,0,31.12,72.38
1006,2022-09-01,2.0,10.0,13.24,93000.0,1,0,3.24,32.44
T9563,2022-09-01,84.0,19.0,16.09,200.0,34,1,2.91,15.31
1005,2022-09-01,10.0,51.5,14.72,110785.15,5,0,36.78,71.42
1005,2022-09-01,7.0,10.0,12.78,108161.88,4,0,2.78,27.77
T9567,2022-09-01,1.0,29.0,16.99,500.0,1,0,12.01,41.43
T9567,2022-09-01,29.0,9.0,11.47,500.0,16,1,2.47,27.48
1004,2022-09-01,41.5,61.5,16.23,124931.64,32,0,45.27,73.6
1004,2022-09-01,7.0,41.5,29.06,109614.29,7,0,12.44,29.99
T9568,2022-09-01,6.0,29.0,25.03,258.33,3,1,3.97,13.68
T9568,2022-09-01,29.0,4.0,9.74,318.75,8,1,5.74,143.57
1003,2022-09-01,10.0,56.5,25.78,108000.0,5,0,30.72,54.37
1003,2022-09-01,1.0,10.0,16.96,94550.0,1,0,6.96,69.57
1002,2022-09-01,3.0,24.0,12.62,106333.33,3,0,11.38,47.42
1002,2022-09-01,3.0,3.0,10.91,48000.5,2,0,7.91,263.78
T99,2022-09-01,3.0,3.0,10.21,500.0,1,0,7.21,240.27
T8871,2022-09-01,17.0,30.0,15.58,1653.33,6,0,14.42,48.06
1015,2022-09-01,43.0,30.25,21.62,88793.72,16,0,8.63,28.52
1044,2022-09-01,44.0,2.0,21.54,84184.03,19,0,19.54,976.95
1016,2022-09-01,0.5,16.0,13.47,132000.0,1,0,2.53,15.83
T8729,2022-09-01,12.0,4.0,20.91,642.86,6,1,16.91,422.66
T8729,2022-09-01,4.0,4.0,14.36,700.0,3,0,10.36,258.97
1043,2022-09-01,12.0,44.0,18.65,101674.0,6,0,25.35,57.61
1043,2022-09-01,2.0,12.0,12.22,90000.0,2,0,0.22,1.83
103,2022-09-01,4.0,2.0,7.35,8400.0,4,0,5.35,267.74
1024,2022-09-01,12.0,26.0,12.89,81893.65,4,0,13.11,50.41
1024,2022-09-01,1.0,12.0,15.11,78000.0,1,0,3.11,25.91
T8731,2022-09-01,7.0,21.0,12.56,1000.0,3,0,8.44,40.17
T8731,2022-09-01,21.0,15.0,8.29,1105.26,19,1,6.71,44.73
1023,2022-09-01,28.0,72.0,22.49,103792.31,14,0,49.51,68.77
1023,2022-09-01,1.0,28.0,14.84,94000.0,1,0,13.16,46.99
1021,2022-09-01,16.0,40.0,12.67,106285.71,14,0,27.33,68.33
1020,2022-09-01,51.0,40.0,25.04,90571.62,21,0,14.96,37.39
1020,2022-09-01,1.0,51.0,37.05,96000.0,1,0,13.95,27.36
T8756,2022-09-01,1.0,8.0,10.83,1000.0,1,0,2.83,35.34
T8756,2022-09-01,8.0,6.0,11.79,800.0,1,0,5.79,96.56
1019,2022-09-01,4.0,26.0,14.66,123666.67,3,0,11.34,43.63
T8827,2022-09-01,17.0,76.0,44.43,200.0,11,1,31.57,41.54
1018,2022-09-01,10.5,44.0,15.18,146990.75,8,0,28.82,65.49
T8850,2022-09-01,84.0,78.0,52.02,100.0,14,1,25.98,33.31
1017,2022-09-01,14.0,30.5,17.03,142269.43,14,0,13.47,44.16
1017,2022-09-01,11.0,14.0,18.08,137954.38,5,0,4.08,29.13
T8851,2022-09-01,4.0,60.0,32.51,105.0,2,1,27.49,45.82
T8851,2022-09-01,60.0,14.0,15.86,107.5,20,1,1.86,13.31
1016,2022-09-01,16.0,50.0,23.76,153827.21,16,0,26.24,52.48
T7161,2022-09-01,185.0,18.0,22.41,100.0,43,1,4.41,24.49
1111,2022-09-01,125.0,55.0,37.6,8875.0,32,1,17.4,31.64
1112,2022-09-01,6.0,32.0,49.05,9500.0,2,0,17.05,53.29
1206,2022-09-01,65.0,23.0,26.06,10511.54,52,1,3.06,13.32
1205,2022-09-01,46.0,3.0,9.54,7500.25,4,0,6.54,217.85
1205,2022-09-01,77.0,46.0,18.33,3167.33,3,1,27.67,60.15
T6524,2022-09-01,9.0,8.0,14.88,725.0,2,0,6.88,85.94
T6524,2022-09-01,8.0,12.0,12.11,700.0,2,0,0.11,0.88
1204,2022-09-01,1.0,11.0,10.69,10000.0,1,0,0.31,2.79
1204,2022-09-01,30.0,1.0,10.74,7000.0,1,0,9.74,973.63
1202,2022-09-01,67.0,8.0,11.02,9400.13,8,1,3.02,37.8
1202,2022-09-01,8.0,67.0,12.05,9500.0,6,0,54.95,82.02
T6525,2022-09-01,22.0,28.0,13.0,866.67,6,1,15.0,53.57
T6525,2022-09-01,28.0,1.0,8.44,800.0,13,1,7.44,744.13
1201,2022-09-01,44.0,4.0,9.51,11550.0,30,0,5.51,137.82
1201,2022-09-01,8.0,44.0,15.11,2888.25,4,0,28.89,65.66
1200,2022-09-01,54.0,3.0,10.66,6429.36,9,1,7.66,255.32
1200,2022-09-01,4.0,54.0,19.47,10000.0,2,0,34.53,63.95
1196,2022-09-01,139.0,22.0,19.44,6919.83,24,1,2.56,11.65
T6532,2022-09-01,25.0,43.0,20.67,572.92,6,1,22.33,51.93
T6532,2022-09-01,43.0,11.0,13.46,600.0,24,1,2.46,22.39
1194,2022-09-01,139.0,15.0,11.22,7419.02,19,1,3.78,25.17
T6533,2022-09-01,5.0,16.0,11.47,550.0,2,0,4.53,28.28
T6533,2022-09-01,16.0,8.0,10.46,500.0,8,1,2.46,30.74
1190,2022-09-01,43.0,1.0,9.05,12428.71,7,0,8.05,805.17
1190,2022-09-01,4.0,43.0,12.91,2875.75,4,0,30.09,69.98
T6534,2022-09-01,80.0,15.0,15.21,600.0,18,1,0.21,1.41
1185,2022-09-01,5.0,13.0,9.43,14500.0,3,0,3.57,27.47
1185,2022-09-01,10.0,5.0,13.46,4375.64,4,0,8.46,169.27
1206,2022-09-01,197.0,65.0,42.13,8634.44,15,1,22.87,35.18
T6523,2022-09-01,3.0,9.0,10.79,633.33,3,0,1.79,19.86
1112,2022-09-01,32.0,30.0,24.9,9722.22,18,0,5.1,17.0
T6523,2022-09-01,3.0,3.0,11.72,788.75,2,0,8.72,290.59
1265,2022-09-01,254.0,24.0,18.55,7342.25,8,1,5.45,22.69
T6519,2022-09-01,27.0,12.0,13.21,314.38,7,1,1.21,10.07
T6519,2022-09-01,12.0,24.0,17.96,300.0,3,1,6.04,25.17
1260,2022-09-01,1.0,9.0,9.31,36900.0,1,0,0.31,3.41
1257,2022-09-01,7.0,8.0,8.78,10950.0,4,0,0.78,9.71
1257,2022-09-01,2.0,7.0,10.83,10250.0,2,0,3.83,54.73
1254,2022-09-01,7.0,4.0,12.13,7150.0,2,0,8.13,203.13
1253,2022-09-01,13.0,8.0,13.22,219892.49,9,0,5.22,65.27
T6520,2022-09-01,2.0,5.0,13.66,367.5,1,0,8.66,173.11
T6520,2022-09-01,5.0,8.0,11.35,500.0,5,0,3.35,41.82
1248,2022-09-01,2.0,3.0,11.57,31700.0,1,0,8.57,285.78
1240,2022-09-01,9.0,1.0,12.05,18566.67,9,0,11.05,1104.66
1240,2022-09-01,10.0,9.0,10.17,14000.0,1,0,1.17,13.04
T6521,2022-09-01,4.0,7.0,16.35,413.33,3,0,9.35,133.52
T6521,2022-09-01,7.0,18.0,15.94,400.0,6,1,2.06,11.47
1239,2022-09-01,10.0,10.0,11.06,12040.0,5,0,1.06,10.58
1234,2022-09-01,5.0,4.0,9.53,9500.0,3,0,5.53,138.36
1234,2022-09-01,4.0,5.0,10.1,7757.68,4,0,5.1,102.07
1233,2022-09-01,54.0,1.0,9.01,5296.43,7,1,8.01,801.33
1233,2022-09-01,6.0,54.0,23.14,1.0,3,1,30.86,57.15
1231,2022-09-01,107.0,7.0,37.14,10430.77,39,1,30.14,430.58
T6522,2022-09-01,11.0,58.0,28.36,466.88,4,1,29.64,51.11
T6522,2022-09-01,58.0,25.0,17.81,500.0,30,1,7.19,28.74
1218,2022-09-01,41.0,3.0,7.28,11397.19,9,0,4.28,142.8
1211,2022-09-01,64.0,4.0,9.12,7280.2,5,1,5.12,127.92
1184,2022-09-01,221.0,47.0,39.02,14858.84,68,1,7.98,16.99
T6535,2022-09-01,1.0,6.0,14.36,750.0,1,0,8.36,139.29
T6535,2022-09-01,6.0,14.0,13.82,800.0,3,0,0.18,1.28
1174,2022-09-01,7.0,5.0,11.45,15142.86,7,0,6.45,129.08
1125,2022-09-01,4.0,62.0,16.58,14070.0,2,0,45.42,73.25
1124,2022-09-01,6.0,8.0,10.94,8500.0,3,0,2.94,36.72
1124,2022-09-01,5.0,6.0,11.49,12079.71,1,0,5.49,91.54
T6556,2022-09-01,6.0,5.0,18.57,1450.0,2,0,13.57,271.44
T6556,2022-09-01,5.0,2.0,14.21,1500.0,5,0,12.21,610.57
1123,2022-09-01,22.0,2.0,11.44,6050.0,10,0,9.44,472.11
1123,2022-09-01,7.0,22.0,10.18,10236.0,2,0,11.82,53.73
1120,2022-09-01,2.0,8.0,14.09,11000.0,1,0,6.09,76.07
1120,2022-09-01,2.0,2.0,10.57,9200.0,1,0,8.57,428.45
T6557,2022-09-01,5.0,15.0,12.38,1600.0,5,0,2.62,17.5
1118,2022-09-01,6.0,2.0,11.78,31500.0,1,0,9.78,488.81
1117,2022-09-01,14.0,19.0,22.9,13428.57,7,0,3.9,20.5
1117,2022-09-01,18.0,14.0,23.03,18280.0,5,0,9.03,64.51
1116,2022-09-01,75.0,38.0,32.14,20000.0,25,1,5.86,15.41
1116,2022-09-01,60.0,75.0,52.41,15223.53,17,0,22.59,30.12
T7120,2022-09-01,12.0,10.0,13.75,2100.0,6,0,3.75,37.53
1115,2022-09-01,106.0,50.0,19.1,10521.49,46,1,30.9,61.81
T7123,2022-09-01,21.0,12.0,10.86,1931.67,3,1,1.14,9.53
T7123,2022-09-01,12.0,8.0,11.13,2025.0,6,0,3.13,39.13
1114,2022-09-01,82.0,16.0,20.31,10004.55,33,1,4.31,26.97
T7129,2022-09-01,54.0,8.0,13.9,2585.71,7,1,5.9,73.79
1113,2022-09-01,33.0,23.0,22.14,16155.56,18,0,0.86,3.73
1113,2022-09-01,35.0,33.0,39.92,10714.29,7,0,6.92,20.97
T7131,2022-09-01,10.0,13.0,18.21,3045.0,2,0,5.21,40.04
T7131,2022-09-01,13.0,13.0,15.35,3060.0,5,0,2.35,18.07
1125,2022-09-01,62.0,9.0,14.42,9173.08,26,1,5.42,60.18
1126,2022-09-01,12.0,20.0,21.54,16275.0,3,0,1.54,7.69
1126,2022-09-01,20.0,2.0,12.7,21100.0,7,0,10.7,534.82
T6538,2022-09-01,42.0,12.0,8.99,1300.0,7,1,3.01,25.11
1174,2022-09-01,6.0,7.0,17.07,7233.83,6,0,10.07,143.87
1173,2022-09-01,24.0,2.0,9.18,15300.0,6,0,7.18,358.9
1169,2022-09-01,18.0,9.0,16.39,26163.64,11,0,7.39,82.16
1169,2022-09-01,29.0,18.0,15.98,20672.7,8,0,2.02,11.21
1165,2022-09-01,2.0,7.0,11.18,36450.0,2,0,4.18,59.71
T6536,2022-09-01,4.0,2.0,12.23,864.17,3,0,10.23,511.26
1164,2022-09-01,114.0,7.0,10.78,479.74,6,1,3.78,53.95
T6537,2022-09-01,16.0,6.0,9.55,1100.0,16,1,3.55,59.18
T6538,2022-09-01,4.0,42.0,17.95,600.5,2,0,24.05,57.25
1163,2022-09-01,6.0,1.0,12.57,400.0,2,0,11.57,1157.21
1163,2022-09-01,9.0,6.0,16.24,134.0,2,1,10.24,170.59
T6545,2022-09-01,3.0,37.0,18.86,787.5,1,0,18.14,49.02
1127,2022-09-01,2.0,2.0,9.49,24300.0,1,0,7.49,374.56
T6545,2022-09-01,37.0,1.0,15.96,809.38,16,1,14.96,1495.85
1162,2022-09-01,21.0,9.0,12.68,510.71,7,1,3.68,40.92
1160,2022-09-01,10.0,38.0,19.73,300.0,4,1,18.27,48.08
1160,2022-09-01,43.0,10.0,17.68,313.33,15,1,7.68,76.77
T6555,2022-09-01,3.0,3.0,11.57,1312.5,1,0,8.57,285.71
T6555,2022-09-01,3.0,2.0,8.73,1300.0,3,0,6.73,336.43
1158,2022-09-01,7.0,54.0,15.34,367.5,3,1,38.66,71.6
1148,2022-09-01,2.0,6.0,14.94,11000.0,1,0,8.94,149.02
1130,2022-09-01,4.0,11.0,14.78,29725.0,2,0,3.78,34.34
1129,2022-09-01,2.0,16.0,12.49,23100.0,1,0,3.51,21.93
1128,2022-09-01,6.0,22.0,12.99,25300.0,3,0,9.01,40.96
1795,2022-09-01,5.0,6.0,11.76,37029.43,3,0,5.76,95.96
1637,2022-09-01,2.0,2.0,15.28,246000.0,2,0,13.28,664.04
1796,2022-09-01,7.0,15.0,12.26,138884.56,6,0,2.74,18.27
2311,2022-09-01,34.0,8.0,15.91,33931.4,10,0,7.91,98.88
2343,2022-09-01,66.0,46.0,42.53,20000.0,35,1,3.47,7.54
2343,2022-09-01,310.0,66.0,56.48,16140.08,12,1,9.52,14.42
729,2022-09-01,8.0,2.0,13.57,300.0,4,1,11.57,578.69
234,2022-09-01,1.0,1.0,9.82,85000.0,1,0,8.82,882.3
731,2022-09-01,1.0,31.0,8.7,30000.0,1,0,22.3,71.94
731,2022-09-01,31.0,3.0,8.11,19087.04,23,0,5.11,170.48
2327,2022-09-01,28.0,1.0,6.92,17900.0,8,0,5.92,592.01
733,2022-09-01,3.0,4.0,10.93,26400.0,2,0,6.93,173.2
736,2022-09-01,10.0,8.0,10.36,25575.25,4,0,2.36,29.56
2315,2022-09-01,20.0,2.0,12.39,690.0,1,1,10.39,519.38
2314,2022-09-01,8.0,20.0,10.04,1200.0,4,0,9.96,49.78
2311,2022-09-01,4.0,34.0,24.05,7230.85,1,0,9.95,29.27
728,2022-09-01,14.0,19.0,16.48,400.0,7,1,2.52,13.24
736,2022-09-01,8.0,3.0,10.17,12300.67,3,0,7.17,238.89
2290,2022-09-01,7.0,7.0,13.23,168814.29,7,0,6.23,89.0
2290,2022-09-01,1.0,7.0,12.65,1.0,1,1,5.65,80.67
229,2022-09-01,3.0,50.0,21.93,118333.33,3,0,28.07,56.13
2283,2022-09-01,17.0,20.0,11.3,12452.94,17,0,8.7,43.52
2281,2022-09-01,28.0,2.0,15.48,100.0,10,1,13.48,673.76
2281,2022-09-01,20.0,28.0,24.84,105.0,2,1,3.16,11.27
2264,2022-09-01,6.0,3.0,9.81,122500.0,6,0,6.81,226.92
2264,2022-09-01,8.0,6.0,12.94,76820.21,3,0,6.94,115.73
748,2022-09-01,4.0,2.0,12.58,315.0,1,0,10.58,528.89
748,2022-09-01,2.0,2.0,10.91,300.0,1,0,8.91,445.69
2372,2022-09-01,210.0,36.0,31.25,504.93,41,1,4.75,13.2
728,2022-09-01,188.0,14.0,16.36,203.85,4,1,2.36,16.86
2409,2022-09-01,10.0,15.0,14.72,2667.33,3,0,0.28,1.85
723,2022-09-01,326.0,3.0,13.54,63.35,2,1,10.54,351.37
2407,2022-09-01,130.0,6.0,16.14,2023.38,37,1,10.14,169.07
715,2022-09-01,140.0,30.0,27.83,787.14,7,1,2.17,7.22
715,2022-09-01,30.0,7.0,18.6,806.25,16,1,11.6,165.75
2404,2022-09-01,16.0,7.0,10.52,7500.0,8,0,3.52,50.3
2404,2022-09-01,22.0,16.0,11.07,6291.5,8,0,4.93,30.84
2394,2022-09-01,18.0,31.0,19.92,12461.54,13,0,11.08,35.73
2394,2022-09-01,12.0,18.0,24.36,9166.67,6,0,6.36,35.32
720,2022-09-01,32.0,11.0,23.7,315.92,2,1,12.7,115.44
720,2022-09-01,11.0,1.0,20.34,600.0,6,1,19.34,1934.46
722,2022-09-01,187.0,7.0,16.43,83.95,2,1,9.43,134.73
722,2022-09-01,7.0,14.0,11.97,500.0,7,0,2.03,14.48
723,2022-09-01,3.0,1.0,12.01,700.0,2,0,11.01,1101.02
238,2022-09-01,8.0,5.0,10.32,301250.0,8,0,5.32,106.48
2389,2022-09-01,8.0,12.0,15.43,18500.0,8,0,3.43,28.58
2389,2022-09-01,300.0,8.0,19.92,8601.65,3,1,11.92,148.95
2388,2022-09-01,4.0,4.0,9.36,16600.0,4,0,5.36,133.9
2388,2022-09-01,8.0,4.0,10.95,14400.0,6,0,6.95,173.79
725,2022-09-01,33.0,4.0,11.67,23.83,1,1,7.67,191.66
725,2022-09-01,4.0,2.0,16.22,800.0,2,0,14.22,711.22
2384,2022-09-01,6.0,10.0,9.84,45000.0,6,0,0.16,1.65
2384,2022-09-01,2.0,6.0,10.9,47250.0,2,0,4.9,81.66
726,2022-09-01,3.0,3.0,9.22,600.0,1,0,6.22,207.43
2381,2022-09-01,1.0,1.0,10.07,122300.0,1,0,9.07,906.81
2381,2022-09-01,2.0,1.0,10.33,99750.0,2,0,9.33,933.0
226,2022-09-01,6.0,27.0,15.14,19333.21,2,0,11.86,43.93
226,2022-09-01,2.0,6.0,12.5,200000.0,2,0,6.5,108.34
753,2022-09-01,3.0,5.0,10.55,500.0,1,0,5.55,111.06
862,2022-09-01,2.0,1.0,8.41,950.0,2,0,7.41,740.59
2193,2022-09-01,40.0,3.0,12.96,1250.5,2,1,9.96,331.93
218,2022-09-01,22.0,39.0,21.28,147633.33,21,0,17.72,45.44
218,2022-09-01,10.0,22.0,20.11,145250.0,8,0,1.89,8.57
850,2022-09-01,2.0,8.0,16.15,1000.0,1,0,8.15,101.84
2172,2022-09-01,130.0,30.0,22.21,790.79,38,1,7.79,25.95
217,2022-09-01,10.0,12.0,13.95,169031.28,10,0,1.95,16.24
857,2022-09-01,14.0,6.0,15.32,3150.0,4,0,9.32,155.37
2168,2022-09-01,2.0,3.0,9.26,31000.0,2,0,6.26,208.56
857,2022-09-01,6.0,20.0,15.52,3200.0,2,0,4.48,22.4
2167,2022-09-01,6.0,4.0,15.17,24116.67,6,0,11.17,279.21
2167,2022-09-01,2.0,6.0,13.67,33250.0,2,0,7.67,127.88
2166,2022-09-01,3.0,8.0,11.27,23000.0,3,0,3.27,40.86
2256,2022-09-01,10.0,1.0,12.61,37659.93,1,0,11.61,1161.48
863,2022-09-01,4.0,1.0,7.15,3000.0,2,0,6.15,614.55
2160,2022-09-01,1.0,10.0,9.62,6500.0,1,0,0.38,3.77
2160,2022-09-01,1.0,1.0,8.93,6825.0,1,0,7.93,792.67
879,2022-09-01,1.0,16.0,10.56,3150.0,1,0,5.44,34.03
879,2022-09-01,16.0,23.0,12.92,3200.0,10,0,10.08,43.84
216,2022-09-01,11.0,1.0,8.58,72284.0,3,0,7.58,757.67
216,2022-09-01,1.0,11.0,11.5,90000.0,1,0,0.5,4.57
2156,2022-09-01,1.0,6.0,8.58,83273.43,1,0,2.58,42.99
881,2022-09-01,2.0,7.0,10.2,2562.5,2,0,3.2,45.66
2153,2022-09-01,2.0,6.0,8.23,2500.0,1,0,2.23,37.17
2153,2022-09-01,12.0,2.0,10.72,2028.57,7,0,8.72,436.22
2193,2022-09-01,3.0,5.0,13.44,2600.0,3,0,8.44,168.86
819,2022-09-01,9.0,38.0,20.98,1066.67,9,0,17.02,44.79
2203,2022-09-01,8.0,4.0,6.76,2500.0,6,0,2.76,69.12
2205,2022-09-01,3.0,1.0,9.72,7350.0,2,0,8.72,872.02
2256,2022-09-01,2.0,10.0,10.38,50000.0,2,0,0.38,3.8
791,2022-09-01,9.0,2.0,12.05,875.0,8,0,10.05,502.39
225,2022-09-01,8.0,16.0,9.29,478250.0,8,0,6.71,41.95
225,2022-09-01,1.0,8.0,11.39,477750.0,1,0,3.39,42.32
2246,2022-09-01,16.0,60.0,17.4,1.0,1,1,42.6,71.0
2244,2022-09-01,20.0,4.0,15.69,500.0,1,1,11.69,292.24
2244,2022-09-01,35.0,20.0,19.7,762.75,4,1,0.3,1.5
2240,2022-09-01,61.0,63.0,32.7,2552.27,44,1,30.3,48.09
2240,2022-09-01,16.0,61.0,26.43,1675.33,3,0,34.57,56.67
792,2022-09-01,4.0,6.0,15.42,500.0,1,0,9.42,157.03
792,2022-09-01,6.0,2.0,8.07,500.0,3,0,6.07,303.4
2239,2022-09-01,6.0,12.0,12.88,3133.33,3,0,0.88,7.3
2239,2022-09-01,4.0,6.0,18.74,3000.0,1,0,12.74,212.42
2228,2022-09-01,6.0,14.0,13.48,20087.75,4,0,0.52,3.7
798,2022-09-01,4.0,20.0,24.7,3000.0,2,0,4.7,23.52
798,2022-09-01,20.0,24.0,15.38,3177.78,9,0,8.62,35.9
2213,2022-09-01,5.0,7.0,20.8,83600.0,5,0,13.8,197.21
2213,2022-09-01,11.0,5.0,21.54,95426.46,6,0,16.54,330.89
818,2022-09-01,3.0,7.0,15.86,1133.33,3,0,8.86,126.56
818,2022-09-01,7.0,9.0,13.11,866.67,3,0,4.11,45.69
221,2022-09-01,8.0,4.0,12.09,126249.51,5,0,8.09,202.16
221,2022-09-01,3.0,8.0,11.11,155000.0,3,0,3.11,38.85
2205,2022-09-01,1.0,52.0,14.6,7000.0,1,0,37.4,71.93
2408,2022-09-01,4.0,14.0,12.4,2625.0,3,0,1.6,11.43
714,2022-09-01,101.0,75.0,50.9,629.49,2,1,24.1,32.14
215,2022-09-01,1.0,6.0,10.5,115500.0,1,0,4.5,75.02
270,2022-09-01,5.0,4.0,12.15,31200.0,5,0,8.15,203.75
274,2022-09-01,35.0,27.0,9.22,7478.61,14,0,17.78,65.86
694,2022-09-01,108.0,25.0,33.48,4781.82,55,1,8.48,33.91
2727,2022-09-01,11.0,20.0,11.24,14777.25,2,0,8.76,43.81
2727,2022-09-01,7.0,11.0,9.1,10100.5,1,0,1.9,17.26
271,2022-09-01,115.0,18.0,13.53,30177.19,21,1,4.47,24.82
695,2022-09-01,49.0,67.0,58.56,4951.17,24,1,8.44,12.6
695,2022-09-01,67.0,32.0,31.32,5606.71,41,1,0.68,2.12
2703,2022-09-01,5.0,2.0,8.31,123588.68,4,0,6.31,315.5
696,2022-09-01,4.0,5.0,14.22,4066.67,3,0,9.22,184.31
696,2022-09-01,5.0,2.0,12.62,4635.0,5,0,10.62,531.18
270,2022-09-01,4.0,25.0,11.06,30525.0,4,0,13.94,55.75
2696,2022-09-01,2.0,5.0,7.59,34200.59,1,0,2.59,51.83
2757,2022-09-01,47.0,4.0,19.9,19770.27,4,0,15.9,397.61
697,2022-09-01,9.0,13.0,10.63,4555.0,5,0,2.37,18.24
697,2022-09-01,13.0,6.0,10.57,4766.67,12,0,4.57,76.14
2685,2022-09-01,30.0,77.0,18.03,19819.43,7,0,58.97,76.58
2685,2022-09-01,12.0,30.0,27.55,21030.0,8,0,2.45,8.17
698,2022-09-01,7.0,38.0,28.35,4080.0,5,0,9.65,25.4
268,2022-09-01,2.0,10.0,13.95,31100.0,1,0,3.95,39.52
268,2022-09-01,7.0,2.0,15.0,15628.29,7,0,13.0,650.23
698,2022-09-01,38.0,51.0,17.1,3931.67,6,1,33.9,66.47
2660,2022-09-01,11.0,8.0,15.35,26818.18,10,0,7.35,91.87
2660,2022-09-01,2.0,11.0,20.49,35000.0,2,0,9.49,86.31
699,2022-09-01,1.0,41.0,22.01,4200.0,1,0,18.99,46.31
2752,2022-09-01,10.0,70.0,10.51,2900.0,1,0,59.49,84.98
2757,2022-09-01,4.0,7.0,14.39,21400.0,3,0,7.39,105.63
241,2022-09-01,37.0,49.0,40.38,4156.52,23,1,8.62,17.59
687,2022-09-01,49.0,3.0,10.18,14633.33,3,0,7.18,239.21
686,2022-09-01,48.0,34.0,16.65,13359.71,2,0,17.35,51.03
2875,2022-09-01,3.0,1.0,10.61,32000.0,3,0,9.61,961.29
2875,2022-09-01,1.0,3.0,9.47,30000.0,1,0,6.47,215.54
2874,2022-09-01,3.0,5.0,10.3,29833.33,3,0,5.3,105.94
2874,2022-09-01,1.0,3.0,11.03,29000.0,1,0,8.03,267.66
686,2022-09-01,34.0,7.0,13.73,16956.25,16,0,6.73,96.1
2873,2022-09-01,2.0,24.0,11.09,2500.0,1,0,12.91,53.81
2869,2022-09-01,18.0,10.0,19.07,31133.33,12,0,9.07,90.72
2869,2022-09-01,4.0,18.0,19.53,1.0,1,1,1.53,8.48
284,2022-09-01,128.0,4.0,10.35,3731.2,25,1,6.35,158.87
687,2022-09-01,36.0,49.0,17.65,11522.81,2,0,31.35,63.98
280,2022-09-01,6.0,15.0,15.52,17100.0,3,0,0.52,3.46
276,2022-09-01,1.0,9.0,12.47,17000.0,1,0,3.47,38.51
280,2022-09-01,6.0,6.0,15.99,16800.0,3,0,9.99,166.51
688,2022-09-01,30.0,30.0,26.12,16900.0,15,0,3.88,12.93
279,2022-09-01,109.0,10.0,8.51,2254.09,12,1,1.49,14.86
690,2022-09-01,98.0,20.0,15.81,20155.6,5,1,4.19,20.93
278,2022-09-01,11.0,5.0,12.84,3454.55,10,0,7.84,156.74
278,2022-09-01,9.0,11.0,22.66,4022.22,8,0,11.66,105.96
692,2022-09-01,177.0,68.0,47.86,6153.35,60,1,20.14,29.62
2778,2022-09-01,24.0,1.0,10.42,6434.0,1,0,9.42,941.65
2772,2022-09-01,1.0,2.0,8.23,2000.0,1,0,6.23,311.25
277,2022-09-01,2.0,41.0,18.85,10000.0,2,0,22.15,54.01
276,2022-09-01,9.0,1.0,11.79,13025.0,8,0,10.79,1079.09
699,2022-09-01,41.0,17.0,15.41,5053.85,26,1,1.59,9.37
266,2022-09-01,2.0,53.0,9.31,20000.0,2,0,43.69,82.44
700,2022-09-01,90.0,13.0,30.82,3569.96,63,1,17.82,137.05
709,2022-09-01,42.0,4.0,14.8,1556.21,17,1,10.8,269.97
250,2022-09-01,20.0,10.0,10.92,10800.0,2,0,0.92,9.24
250,2022-09-01,13.0,20.0,11.51,14437.5,8,0,8.49,42.45
2499,2022-09-01,5.0,7.0,7.86,252650.0,4,0,0.86,12.31
2499,2022-09-01,5.0,5.0,8.98,146885.04,1,0,3.98,79.57
708,2022-09-01,100.0,5.0,10.89,1759.0,5,1,5.89,117.8
249,2022-09-01,17.0,15.0,10.99,12436.36,11,0,4.01,26.72
2482,2022-09-01,23.0,14.0,18.59,2063.64,21,1,4.59,32.75
2482,2022-09-01,11.0,23.0,27.4,2080.0,5,0,4.4,19.14
709,2022-09-01,32.0,42.0,23.72,1236.6,3,1,18.28,43.52
2481,2022-09-01,34.0,2.0,8.65,8667.0,5,0,6.65,332.72
2481,2022-09-01,10.0,34.0,11.25,20750.0,5,0,22.75,66.9
710,2022-09-01,99.0,22.0,15.5,871.6,6,1,6.5,29.57
2656,2022-09-01,7.0,1.0,7.36,10600.0,7,0,6.36,636.28
2465,2022-09-01,150.0,52.0,46.45,472.5,1,1,5.55,10.68
246,2022-09-01,8.0,1.0,9.52,3237.57,2,0,8.52,851.66
710,2022-09-01,22.0,3.0,12.46,1453.31,6,1,9.46,315.37
2438,2022-09-01,85.0,3.0,8.36,1288.89,9,1,5.36,178.77
2437,2022-09-01,9.0,1.0,7.43,10250.33,3,0,6.43,643.14
712,2022-09-01,93.0,2.0,11.32,341.77,1,1,9.32,466.18
2430,2022-09-01,27.0,8.0,7.88,1300.0,4,1,0.12,1.48
2430,2022-09-01,1.0,27.0,13.84,1550.0,1,0,13.16,48.74
713,2022-09-01,86.0,27.0,26.87,1003.95,38,1,0.13,0.47
243,2022-09-01,3.0,2.0,8.6,3075.0,2,0,6.6,329.84
241,2022-09-01,49.0,67.0,45.31,4138.46,26,1,21.69,32.38
2501,2022-09-01,10.0,29.0,18.95,280000.0,10,0,10.05,34.67
2506,2022-09-01,3.0,72.0,32.71,5733.33,3,0,39.29,54.57
705,2022-09-01,11.0,2.0,9.35,3592.86,7,0,7.35,367.4
705,2022-09-01,2.0,11.0,11.36,3000.0,2,0,0.36,3.29
2656,2022-09-01,14.0,7.0,10.63,6000.5,2,0,3.63,51.85
2645,2022-09-01,6.0,39.0,24.21,840.0,1,0,14.79,37.92
701,2022-09-01,3.0,32.0,20.58,3995.0,2,0,11.42,35.7
264,2022-09-01,2.0,3.0,11.43,68250.0,2,0,8.43,280.99
701,2022-09-01,32.0,5.0,10.17,4202.17,23,1,5.17,103.37
2637,2022-09-01,13.0,9.0,9.82,16915.38,13,0,0.82,9.11
263,2022-09-01,14.0,12.0,12.7,52246.15,13,0,0.7,5.8
263,2022-09-01,2.0,14.0,9.3,52500.0,2,0,4.7,33.59
702,2022-09-01,5.0,2.0,10.7,3320.2,5,0,8.7,435.05
261,2022-09-01,6.0,32.0,21.15,28800.0,4,0,10.85,33.91
261,2022-09-01,9.0,6.0,11.33,29000.0,3,0,5.33,88.86
2556,2022-09-01,14.0,29.0,12.02,2040.0,5,0,16.98,58.54
2552,2022-09-01,2.0,6.0,10.07,15000.0,1,0,4.07,67.77
703,2022-09-01,9.0,1.0,9.51,3700.0,7,0,8.51,850.52
2542,2022-09-01,21.0,1.0,6.21,155300.0,11,0,5.21,521.45
2542,2022-09-01,1.0,21.0,13.42,5362.66,1,0,7.58,36.11
254,2022-09-01,4.0,38.0,15.27,13100.0,4,0,22.73,59.81
2533,2022-09-01,87.0,9.0,15.75,12669.64,54,1,6.75,74.98
704,2022-09-01,10.0,12.0,19.43,2500.0,7,0,7.43,61.88
704,2022-09-01,12.0,52.0,30.25,3100.0,9,0,21.75,41.84
2521,2022-09-01,37.0,4.0,15.13,19000.0,19,0,11.13,278.21
2521,2022-09-01,150.0,37.0,23.85,7925.73,3,1,13.15,35.53
251,2022-09-01,133.0,65.0,52.64,30372.73,132,2,12.36,19.02
215,2022-09-01,6.0,24.0,11.89,89727.0,3,0,12.11,50.45
2246,2022-09-01,60.0,3.0,10.38,1248.09,3,1,7.38,246.02
1892,2022-09-01,4.0,63.0,28.55,3175.0,2,0,34.45,54.69
207,2022-09-01,3.0,21.0,12.25,160133.33,3,0,8.75,41.65
1943,2022-09-01,5.0,4.0,8.46,700.0,4,0,4.46,111.44
1943,2022-09-01,3.0,5.0,8.09,735.0,2,0,3.09,61.76
1929,2022-09-01,21.0,15.0,15.04,94387.14,7,0,0.04,0.23
181,2022-09-01,22.0,13.0,10.64,10622.73,22,0,2.36,18.16
1926,2022-09-01,24.0,2.0,8.03,8600.2,5,0,6.03,301.58
1819,2022-09-01,9.0,5.0,12.91,30840.78,2,0,7.91,158.24
915,2022-09-01,2.0,8.0,10.62,6300.0,1,0,2.62,32.8
915,2022-09-01,8.0,35.0,13.92,6250.0,4,0,21.08,60.23
1922,2022-09-01,1.0,2.0,10.1,13700.0,1,0,8.1,405.24
192,2022-09-01,191.0,6.0,19.17,9337.52,40,1,13.17,219.44
1819,2022-09-01,5.0,2.0,10.81,51275.0,4,0,8.81,440.47
182,2022-09-01,2.0,2.0,11.72,6150.0,2,0,9.72,485.88
1826,2022-09-01,24.0,1.0,10.32,84165.07,4,0,9.32,931.69
916,2022-09-01,7.0,7.0,12.47,9710.0,5,0,5.47,78.13
183,2022-09-01,8.0,1.0,9.89,2837.5,8,0,8.89,888.7
191,2022-09-01,4.0,24.0,8.97,6300.0,2,0,15.03,62.61
191,2022-09-01,4.0,4.0,9.63,6000.0,1,0,5.63,140.83
908,2022-09-01,2.0,11.0,10.03,47500.0,2,0,0.97,8.85
1863,2022-09-01,5.0,2.0,6.05,2100.0,5,0,4.05,202.48
2037,2022-09-01,2.0,2.0,10.92,13000.0,1,0,8.92,446.04
2052,2022-09-01,7.0,15.0,10.43,52142.86,7,0,4.57,30.46
207,2022-09-01,5.0,3.0,10.89,98655.25,5,0,7.89,263.09
906,2022-09-01,3.0,3.0,14.91,31000.0,3,0,11.91,396.92
2063,2022-09-01,5.0,5.0,9.04,24000.0,5,0,4.04,80.86
2063,2022-09-01,8.0,5.0,11.99,21000.0,4,0,6.99,139.85
906,2022-09-01,3.0,21.0,14.08,31100.0,3,0,6.92,32.96
2058,2022-09-01,13.0,23.0,11.5,15214.29,7,0,11.5,50.01
954,2022-09-01,8.0,17.0,15.37,140000.0,4,0,1.63,9.57
2052,2022-09-01,1.0,7.0,11.87,47250.0,1,0,4.87,69.56
181,2022-09-01,9.0,22.0,10.42,10222.22,9,0,11.58,52.62
1804,2022-09-01,2.0,1.0,10.72,139875.0,2,0,9.72,971.64
1804,2022-09-01,1.0,2.0,9.7,142400.0,1,0,7.7,384.77
950,2022-09-01,14.0,43.0,17.89,117465.16,5,0,25.11,58.39
950,2022-09-01,8.0,14.0,13.73,98007.65,3,0,0.27,1.93
907,2022-09-01,2.0,8.0,11.62,38875.0,2,0,3.62,45.22
907,2022-09-01,8.0,9.0,10.36,32257.14,7,0,1.36,15.08
2049,2022-09-01,26.0,14.0,11.72,13050.0,26,0,2.28,16.26
1908,2022-09-01,28.0,10.0,11.36,11547.33,7,0,1.36,13.58
1908,2022-09-01,9.0,28.0,20.36,14420.0,5,0,7.64,27.3
916,2022-09-01,7.0,13.0,13.93,10083.33,6,0,0.93,7.19
934,2022-09-01,1.0,6.0,10.94,13000.0,1,0,4.94,82.3
1891,2022-09-01,46.0,24.0,17.75,121494.02,18,0,6.25,26.06
1891,2022-09-01,4.0,46.0,17.45,106000.0,1,0,28.55,62.07
931,2022-09-01,168.0,52.0,55.01,61478.71,83,1,3.01,5.78
1890,2022-09-01,58.0,4.0,21.21,2700.0,19,1,17.21,430.3
947,2022-09-01,18.0,4.5,19.85,176277.89,9,0,15.35,341.08
1890,2022-09-01,55.0,58.0,35.14,2321.96,3,1,22.86,39.42
934,2022-09-01,2.0,1.0,10.53,12750.0,2,0,9.53,953.18
1888,2022-09-01,11.0,1.0,9.73,6000.0,5,0,8.73,873.35
1860,2022-09-01,30.0,5.0,11.84,16664.93,7,0,6.84,136.89
1862,2022-09-01,2.0,2.0,6.22,2562.5,2,0,4.22,211.1
1888,2022-09-01,6.0,11.0,13.13,5650.0,6,0,2.13,19.35
1873,2022-09-01,6.0,12.0,13.46,23200.0,1,0,1.46,12.14
187,2022-09-01,1.0,9.0,9.95,8400.0,1,0,0.95,10.58
187,2022-09-01,1.0,1.0,10.06,8400.0,1,0,9.06,905.96
939,2022-09-01,14.0,12.0,10.56,111500.0,8,0,1.44,12.03
936,2022-09-01,93.0,43.0,31.71,60671.05,76,1,11.29,26.25
1892,2022-09-01,1.0,4.0,14.56,3000.0,1,0,10.56,263.91
929,2022-09-01,120.0,17.0,25.52,136505.32,93,0,8.52,50.09
1902,2022-09-01,22.0,7.0,12.03,21100.0,15,0,5.03,71.86
919,2022-09-01,6.0,3.0,11.51,2380.0,5,0,8.51,283.82
1902,2022-09-01,21.0,22.0,17.26,3505.05,2,0,4.74,21.52
948,2022-09-01,2.0,1.0,10.63,214000.0,2,0,9.63,963.17
948,2022-09-01,5.0,2.0,13.45,93713.0,2,0,11.45,572.33
190,2022-09-01,16.0,8.0,11.35,8437.5,8,0,3.35,41.91
190,2022-09-01,4.0,16.0,14.83,8200.0,2,0,1.17,7.29
184,2022-09-01,3.0,6.0,8.92,3558.33,3,0,2.92,48.73
919,2022-09-01,2.0,6.0,10.43,2625.0,2,0,4.43,73.78
1897,2022-09-01,4.0,3.0,10.02,1900.0,2,0,7.02,234.17
1860,2022-09-01,26.0,30.0,14.49,14639.59,3,0,15.51,51.7
1897,2022-09-01,33.0,4.0,7.51,1877.18,5,1,3.51,87.75
184,2022-09-01,6.0,2.0,7.18,3700.0,6,0,5.18,258.93
1896,2022-09-01,38.0,6.0,15.89,2000.0,11,1,9.89,164.78
1896,2022-09-01,30.0,38.0,23.59,1640.2,5,1,14.41,37.92
1895,2022-09-01,100.0,8.0,13.91,1288.46,26,1,5.91,73.92
186,2022-09-01,90.0,2.0,14.22,6975.08,24,1,12.22,611.23
947,2022-09-01,4.5,9.0,14.46,223500.0,6,0,5.46,60.67
954,2022-09-01,17.0,10.0,13.91,94987.59,6,0,3.91,39.1
2031,2022-09-01,3.0,2.0,10.77,6454.02,2,0,8.77,438.62
1863,2022-09-01,3.0,5.0,7.56,2066.67,3,0,2.56,51.16
208,2022-09-01,7.0,6.0,12.81,136694.86,7,0,6.81,113.54
905,2022-09-01,3.0,24.0,18.31,28933.33,3,0,5.69,23.7
2137,2022-09-01,60.0,7.0,9.23,15187.94,17,0,2.23,31.88
2137,2022-09-01,2.0,60.0,19.7,15750.0,2,0,40.3,67.16
956,2022-09-01,57.5,66.0,62.78,144944.99,28,0,3.22,4.87
1800,2022-09-01,42.0,23.0,21.35,27644.15,4,0,1.65,7.16
1797,2022-09-01,10.0,9.0,13.77,68480.0,5,0,4.77,52.97
2136,2022-09-01,3.0,5.0,10.81,500.0,3,0,5.81,116.14
2136,2022-09-01,11.0,3.0,12.45,508.33,6,1,9.45,315.08
2113,2022-09-01,9.0,1.0,13.22,70000.0,9,0,12.22,1221.9
958,2022-09-01,8.0,72.5,50.56,141149.16,9,0,21.94,30.26
2113,2022-09-01,2.0,9.0,11.74,1.0,1,1,2.74,30.48
208,2022-09-01,6.0,34.0,14.98,158200.0,6,0,19.02,55.94
1802,2022-09-01,4.0,20.0,16.71,269750.0,4,0,3.29,16.47
1800,2022-09-01,5.0,42.0,24.68,28439.44,3,0,17.32,41.23
904,2022-09-01,15.0,6.0,10.59,26776.92,13,0,4.59,76.45
904,2022-09-01,3.0,15.0,11.84,27533.33,3,0,3.16,21.09
2112,2022-09-01,13.0,16.0,23.43,30850.0,4,0,7.43,46.45
2103,2022-09-01,57.0,8.0,14.57,503.0,47,1,6.57,82.14
2074,2022-09-01,4.0,18.0,14.51,1365.0,1,0,3.49,19.36
2089,2022-09-01,12.0,26.0,12.48,21915.5,10,0,13.52,52.01
957,2022-09-01,240.5,43.0,43.89,161772.18,112,1,0.89,2.07
1798,2022-09-01,33.0,2.0,14.03,138014.3,21,0,12.03,601.64
1798,2022-09-01,3.0,33.0,13.86,87100.38,1,0,19.14,58.0
2103,2022-09-01,7.0,57.0,35.41,365.86,3,1,21.59,37.87
905,2022-09-01,24.0,2.0,13.12,28666.67,15,0,11.12,556.2
1797,2022-09-01,9.0,10.0,15.49,56434.78,4,0,5.49,54.93
1796,2022-09-01,15.0,1.0,11.02,149258.19,7,0,10.02,1001.53
1803,2022-09-01,3.0,2.0,8.94,238850.0,2,0,6.94,347.01
2077,2022-09-01,8.0,1.0,10.68,11000.0,8,0,9.68,968.45
2149,2022-09-01,6.0,4.0,8.04,64314.14,1,0,4.04,101.11
1803,2022-09-01,4.0,3.0,8.75,147178.09,2,0,5.75,191.73
881,2022-09-01,7.0,2.0,7.14,2566.67,6,0,5.14,257.24
958,2022-09-01,72.5,11.0,14.45,155226.8,46,0,3.45,31.41
1802,2022-09-01,20.0,6.0,14.16,215400.0,20,0,8.16,135.95
2074,2022-09-01,18.0,10.0,14.09,1200.0,6,1,4.09,40.9
2077,2022-09-01,1.0,9.0,10.82,9800.0,1,0,1.82,20.24
2078,2022-09-01,6.0,13.0,10.03,6080.0,5,0,2.97,22.87
662,2022-08-01,12.0,6.0,14.78,11910.0,10,0,8.78,146.27
948,2022-08-01,1.5,9.0,12.84,110223.97,2,0,3.84,42.65
972,2022-08-01,3.5,6.0,11.28,191600.0,5,0,5.28,88.02
970,2022-08-01,6.0,8.0,11.21,73173.1,1,0,3.21,40.14
702,2022-08-01,14.0,5.0,9.29,4221.43,7,0,4.29,85.89
705,2022-08-01,3.0,17.0,16.47,3125.0,2,0,0.53,3.13
970,2022-08-01,11.0,6.0,13.45,75975.34,5,0,7.45,124.22
T8719,2022-08-01,2.0,6.0,21.53,50.0,1,1,15.53,258.9
T9567,2022-08-01,1.0,1.0,10.53,450.0,1,0,9.53,953.13
958,2022-08-01,5.5,59.0,40.8,115955.28,5,0,18.2,30.85
687,2022-08-01,2.0,36.0,12.22,15000.0,1,0,23.78,66.05
686,2022-08-01,22.0,48.0,18.89,16850.0,18,0,29.11,60.64
T8564,2022-08-01,7.0,1.0,14.81,200.0,5,1,13.81,1381.15
684,2022-08-01,13.0,2.0,12.8,18860.0,5,0,10.8,540.19
T9563,2022-08-01,6.0,41.0,25.92,250.0,3,1,15.08,36.78
627,2022-08-01,1.0,6.0,18.11,525.0,1,0,12.11,201.88
581,2022-08-01,28.0,2.0,13.56,37500.0,14,0,11.56,577.82
701,2022-08-01,33.0,3.0,12.68,4102.78,18,1,9.68,322.54
701,2022-08-01,3.0,33.0,20.7,3930.0,3,0,12.3,37.26
705,2022-08-01,17.0,2.0,8.0,3515.0,10,0,6.0,299.89
959,2022-08-01,12.0,10.0,18.1,143129.19,8,0,8.1,81.05
947,2022-08-01,30.0,18.0,12.34,221894.6,17,0,5.66,31.45
958,2022-08-01,59.0,8.0,13.71,155069.51,35,0,5.71,71.35
972,2022-08-01,4.0,3.5,9.64,242473.21,1,0,6.14,175.35
948,2022-08-01,9.0,5.0,9.15,184390.56,4,0,4.15,82.92
626,2022-08-01,7.0,5.0,12.15,544.4,5,0,7.15,143.01
971,2022-08-01,20.0,4.0,10.06,131144.0,8,0,6.06,151.57
666,2022-08-01,209.0,58.0,60.59,1302.19,178,2,2.59,4.47
704,2022-08-01,74.0,10.0,11.89,3051.04,48,1,1.89,18.86
704,2022-08-01,8.0,74.0,22.84,2517.86,7,0,51.16,69.13
571,2022-08-01,18.0,7.0,11.74,13160.0,15,0,4.74,67.68
620,2022-08-01,28.0,34.0,45.18,1419.0,7,1,11.18,32.87
971,2022-08-01,2.0,20.0,19.12,1.0,1,1,0.88,4.38
703,2022-08-01,150.0,9.0,11.83,391.58,2,1,2.83,31.44
571,2022-08-01,8.0,18.0,17.41,12784.0,5,0,0.59,3.3
626,2022-08-01,5.0,6.0,11.15,600.0,1,0,5.15,85.87
T7168,2022-08-01,5.0,18.0,17.38,300.0,5,0,0.62,3.45
T7169,2022-08-01,10.0,5.0,13.23,300.0,9,1,8.23,164.57
T9568,2022-08-01,48.0,6.0,7.71,300.0,18,1,1.71,28.43
620,2022-08-01,34.0,25.0,22.12,1500.0,33,1,2.88,11.54
T9568,2022-08-01,4.0,48.0,33.09,250.0,2,0,14.91,31.06
685,2022-08-01,32.0,45.0,20.57,19000.0,9,0,24.43,54.28
947,2022-08-01,5.5,30.0,25.31,178498.32,4,0,4.69,15.64
686,2022-08-01,3.0,22.0,16.99,18000.0,2,0,5.01,22.78
583,2022-08-01,46.0,3.0,9.96,39072.41,27,0,6.96,232.05
583,2022-08-01,17.0,46.0,19.11,16732.0,4,0,26.89,58.46
T7167,2022-08-01,36.0,68.0,32.5,200.0,17,1,35.5,52.21
T7167,2022-08-01,3.0,36.0,23.02,205.0,2,0,12.98,36.04
627,2022-08-01,6.0,18.0,7.94,500.0,3,0,10.06,55.86
T9563,2022-08-01,8.0,6.0,24.65,280.0,4,1,18.65,310.79
T8827,2022-08-01,4.0,11.0,14.94,210.0,1,0,3.94,35.86
960,2022-08-01,12.0,5.0,15.17,84989.21,5,0,10.17,203.34
956,2022-08-01,44.5,75.5,67.59,91146.67,11,0,7.91,10.47
961,2022-08-01,14.0,6.0,10.56,89839.11,4,0,4.56,76.06
T8729,2022-08-01,12.0,62.0,38.94,650.0,3,1,23.06,37.19
T8729,2022-08-01,62.0,12.0,14.58,700.0,14,1,2.58,21.53
956,2022-08-01,75.5,57.5,49.7,176026.09,54,0,7.8,13.57
681,2022-08-01,11.0,17.0,10.25,11572.73,11,0,6.75,39.72
681,2022-08-01,5.0,11.0,9.55,12340.0,5,0,1.45,13.17
697,2022-08-01,2.0,9.0,9.89,4700.0,2,0,0.89,9.91
T8851,2022-08-01,4.0,4.0,14.89,100.0,1,1,10.89,272.32
697,2022-08-01,164.0,2.0,10.13,477.61,2,1,8.13,406.64
574,2022-08-01,46.0,44.0,29.34,5463.5,16,1,14.66,33.31
574,2022-08-01,44.0,3.0,14.43,6895.65,23,1,11.43,381.06
964,2022-08-01,4.0,2.0,16.87,123749.29,1,0,14.87,743.43
696,2022-08-01,10.0,4.0,13.18,4600.0,8,0,9.18,229.45
T8731,2022-08-01,2.0,37.0,17.79,1000.0,2,0,19.21,51.92
575,2022-08-01,1.0,2.0,10.85,6300.0,1,0,8.85,442.62
T8720,2022-08-01,53.0,1.0,15.37,200.0,18,1,14.37,1436.94
T8731,2022-08-01,37.0,7.0,10.81,1100.0,19,1,3.81,54.43
696,2022-08-01,121.0,10.0,18.09,3385.87,4,1,8.09,80.89
T8850,2022-08-01,1.0,27.0,31.04,100.0,1,0,4.04,14.96
694,2022-08-01,96.0,39.0,37.4,4727.87,61,1,1.6,4.09
623,2022-08-01,25.0,46.0,47.99,1184.89,14,1,1.99,4.34
695,2022-08-01,72.0,49.0,42.27,5664.44,45,1,6.73,13.73
623,2022-08-01,46.0,28.0,29.01,1300.0,22,1,1.01,3.6
575,2022-08-01,2.0,1.0,16.25,6000.0,1,0,15.25,1524.72
695,2022-08-01,207.0,72.0,62.51,4149.72,10,1,9.49,13.18
T8827,2022-08-01,11.0,17.0,17.0,200.0,11,1,0.0,0.03
963,2022-08-01,10.0,1.0,7.96,180000.0,5,0,6.96,695.99
T8756,2022-08-01,2.0,4.0,12.49,750.0,1,0,8.49,212.27
T8756,2022-08-01,4.0,1.0,11.29,800.0,4,0,10.29,1028.74
963,2022-08-01,2.0,10.0,8.24,157500.0,1,0,1.76,17.56
577,2022-08-01,161.0,3.0,15.6,4440.3,37,1,12.6,420.01
T8871,2022-08-01,4.0,3.0,16.82,1760.0,3,0,13.82,460.78
966,2022-08-01,3.5,6.0,8.63,160763.25,3,0,2.63,43.87
T8728,2022-08-01,61.0,47.0,29.25,700.0,27,1,17.75,37.76
960,2022-08-01,5.0,6.0,10.93,131000.0,5,0,4.93,82.22
700,2022-08-01,111.0,7.0,43.78,3586.18,20,1,36.78,525.48
T9379,2022-08-01,40.0,10.0,12.38,1100.0,26,1,2.38,23.78
969,2022-08-01,25.0,6.0,11.37,115242.36,9,0,5.37,89.47
579,2022-08-01,2.0,2.0,9.52,4100.0,2,0,7.52,376.19
T8724,2022-08-01,1.0,19.0,19.0,150.0,1,0,0.0,0.01
T8724,2022-08-01,19.0,5.0,13.26,200.0,19,1,8.26,165.21
957,2022-08-01,71.0,54.0,50.7,162459.8,50,0,3.3,6.12
957,2022-08-01,73.0,71.0,66.41,110540.3,21,0,4.59,6.46
573,2022-08-01,52.0,4.0,9.68,6967.5,6,1,5.68,141.88
624,2022-08-01,25.0,29.0,32.06,700.0,21,1,3.06,10.56
699,2022-08-01,4.0,1.0,13.53,3700.0,4,0,12.53,1253.3
699,2022-08-01,83.0,4.0,15.41,3259.55,5,1,11.41,285.2
T9226,2022-08-01,3.0,79.0,40.16,250.0,1,0,38.84,49.17
T8726,2022-08-01,120.0,17.0,16.52,200.0,50,1,0.48,2.84
967,2022-08-01,1.5,7.5,18.44,166896.21,3,0,10.94,145.89
578,2022-08-01,9.0,2.0,11.11,8000.0,3,0,9.11,455.39
692,2022-08-01,109.0,58.0,31.1,5571.43,7,1,26.9,46.38
692,2022-08-01,58.0,14.0,20.88,6146.55,26,1,6.88,49.13
624,2022-08-01,518.0,25.0,32.06,629.9,10,1,7.06,28.23
950,2022-08-01,2.0,22.0,12.76,93085.79,2,0,9.24,42.01
T8871,2022-08-01,3.0,17.0,15.85,1700.0,3,0,1.15,6.76
698,2022-08-01,31.0,7.0,15.19,3533.33,12,1,8.19,117.01
T8727,2022-08-01,4.0,12.0,20.35,262.5,2,0,8.35,69.57
T8727,2022-08-01,12.0,3.0,12.45,300.0,11,1,9.45,314.95
698,2022-08-01,6.0,31.0,27.92,4000.0,4,0,3.08,9.93
622,2022-08-01,88.0,55.0,32.98,1800.94,18,1,22.02,40.04
673,2022-08-01,4.0,12.0,12.15,28000.0,2,0,0.15,1.27
950,2022-08-01,22.0,8.0,9.1,127615.38,13,0,1.1,13.71
969,2022-08-01,12.0,25.0,18.44,110904.82,5,0,6.56,26.26
T179,2022-08-01,118.0,48.0,46.43,400.0,24,1,1.57,3.27
T7161,2022-08-01,28.0,44.0,37.26,100.0,15,1,6.74,15.32
798,2022-08-01,65.0,4.0,15.41,3073.33,30,1,11.41,285.37
906,2022-08-01,128.0,4.0,11.15,14688.0,8,1,7.15,178.81
595,2022-08-01,46.0,2.0,12.3,7591.11,8,0,10.3,515.12
595,2022-08-01,2.0,7.0,12.18,10000.0,2,0,5.18,74.06
T6510,2022-08-01,4.0,6.0,13.64,300.0,4,0,7.64,127.35
T6510,2022-08-01,5.0,4.0,15.83,250.0,2,0,11.83,295.81
T131,2022-08-01,19.0,2.0,19.02,92.86,6,1,17.02,850.98
798,2022-08-01,7.0,65.0,39.57,3075.0,4,0,25.43,39.13
64,2022-08-01,1.0,4.0,8.51,95000.0,1,0,4.51,112.68
906,2022-08-01,4.0,3.0,12.31,31700.0,4,0,9.31,310.3
64,2022-08-01,2.0,1.0,9.35,90000.0,2,0,8.35,835.17
T132,2022-08-01,26.0,19.0,17.57,120.0,3,1,1.43,7.53
818,2022-08-01,106.0,3.0,26.94,888.0,5,1,23.94,798.09
T132,2022-08-01,19.0,18.0,15.67,100.0,9,1,2.33,12.94
634,2022-08-01,9.0,6.0,21.7,607.5,4,0,15.7,261.6
604,2022-08-01,7.0,4.0,9.19,2695.5,7,0,5.19,129.8
634,2022-08-01,6.0,22.0,16.66,500.0,3,0,5.34,24.29
T130,2022-08-01,6.0,10.0,14.5,125.0,2,1,4.5,45.0
T6519,2022-08-01,8.0,4.0,10.46,325.0,2,1,6.46,161.42
819,2022-08-01,11.0,9.0,13.51,1040.0,5,0,4.51,50.09
594,2022-08-01,3.0,10.0,12.93,20333.33,3,0,2.93,29.32
593,2022-08-01,3.0,2.0,11.41,24000.0,3,0,9.41,470.62
907,2022-08-01,6.0,2.0,9.94,33560.0,5,0,7.94,396.84
907,2022-08-01,2.0,6.0,10.89,32800.0,2,0,4.89,81.55
753,2022-08-01,1.0,3.0,13.55,600.0,1,0,10.55,351.81
593,2022-08-01,2.0,1.0,11.14,25300.0,1,0,10.14,1014.16
633,2022-08-01,320.0,11.0,19.64,900.0,25,1,8.64,78.56
T6521,2022-08-01,38.0,4.0,12.55,400.0,19,1,8.55,213.86
594,2022-08-01,10.0,3.0,10.19,21372.22,9,0,7.19,239.57
T6519,2022-08-01,4.0,27.0,17.52,300.0,4,0,9.48,35.11
T6521,2022-08-01,4.0,38.0,26.32,420.0,3,0,11.68,30.74
T6520,2022-08-01,3.0,2.0,10.38,400.0,3,0,8.38,418.89
791,2022-08-01,32.0,9.0,11.1,500.0,8,1,2.1,23.35
T6520,2022-08-01,2.0,3.0,24.46,400.0,1,0,21.46,715.2
644,2022-08-01,10.0,6.0,10.49,25080.0,10,0,4.49,74.9
644,2022-08-01,1.0,10.0,17.13,23500.0,1,0,7.13,71.29
959,2022-08-01,11.5,12.0,16.89,155290.54,3,0,4.89,40.73
819,2022-08-01,5.0,11.0,26.93,1025.0,2,0,15.93,144.84
T5315,2022-08-01,7.0,4.0,27.49,118.33,3,1,23.49,587.33
605,2022-08-01,36.0,1.0,9.9,2636.43,7,1,8.9,890.25
879,2022-08-01,3.0,1.0,9.21,3266.67,3,0,8.21,820.71
636,2022-08-01,3.0,9.0,9.81,7266.67,3,0,0.81,9.03
601,2022-08-01,8.0,1.0,9.88,13200.0,8,0,8.88,888.29
T240,2022-08-01,22.0,18.0,12.76,600.0,5,1,5.24,29.14
T171,2022-08-01,189.0,30.0,22.67,206.25,56,1,7.33,24.43
879,2022-08-01,1.0,3.0,8.27,6000.0,1,0,5.27,175.77
T232,2022-08-01,76.0,10.0,16.21,500.0,28,1,6.21,62.06
T232,2022-08-01,7.0,76.0,49.9,515.0,5,0,26.1,34.34
882,2022-08-01,2565.0,65.0,59.47,200.0,13,1,5.53,8.51
637,2022-08-01,21.0,45.0,16.89,4150.5,2,0,28.11,62.48
T175,2022-08-01,28.0,6.0,17.26,200.0,7,1,11.26,187.73
881,2022-08-01,1.0,24.0,8.14,2625.0,1,0,15.86,66.08
881,2022-08-01,24.0,2.0,7.72,2576.47,17,1,5.72,286.12
T177,2022-08-01,93.0,47.0,33.72,208.57,35,1,13.28,28.24
T184,2022-08-01,16.0,9.0,12.09,700.0,2,1,3.09,34.28
635,2022-08-01,20.0,36.0,26.82,2900.0,1,0,9.18,25.51
602,2022-08-01,20.0,1.0,10.66,1758.25,4,1,9.66,965.98
862,2022-08-01,4.0,2.0,10.1,1000.0,2,0,8.1,405.01
637,2022-08-01,45.0,2.0,8.33,7457.14,7,0,6.33,316.43
905,2022-08-01,9.0,3.0,12.09,29500.0,6,0,9.09,303.0
T134,2022-08-01,8.0,58.0,41.6,225.0,1,1,16.4,28.27
905,2022-08-01,182.0,9.0,11.68,18950.33,12,1,2.68,29.74
638,2022-08-01,67.0,4.0,15.09,6300.0,35,1,11.09,277.34
638,2022-08-01,1.0,67.0,32.73,6000.0,1,0,34.27,51.15
596,2022-08-01,2.0,2.0,10.23,7400.0,2,0,8.23,411.48
904,2022-08-01,3.0,3.0,8.78,34133.33,3,0,5.78,192.81
T284,2022-08-01,52.0,10.0,14.6,400.0,18,1,4.6,46.0
T284,2022-08-01,16.0,52.0,31.28,448.0,5,1,20.72,39.84
T134,2022-08-01,58.0,11.0,10.52,200.0,6,1,0.48,4.32
598,2022-08-01,1.0,14.0,9.58,14000.0,1,0,4.42,31.54
904,2022-08-01,17.0,3.0,9.88,9200.6,5,0,6.88,229.24
857,2022-08-01,12.0,17.0,16.35,3100.0,5,0,0.65,3.8
857,2022-08-01,17.0,14.0,14.13,3206.25,8,0,0.13,0.9
603,2022-08-01,20.0,3.0,10.35,9000.0,20,0,7.35,245.11
T283,2022-08-01,199.0,57.0,45.4,303.7,54,1,11.6,20.35
603,2022-08-01,1.0,20.0,19.01,8500.0,1,0,0.99,4.93
T281,2022-08-01,8.0,2.0,14.82,600.0,4,0,12.82,640.93
631,2022-08-01,102.0,56.0,46.87,1100.0,31,1,9.13,16.3
T6522,2022-08-01,6.0,11.0,12.68,500.0,6,0,1.68,15.25
584,2022-08-01,23.0,41.0,29.41,15980.14,7,0,11.59,28.27
586,2022-08-01,4.0,67.0,18.28,18000.0,2,0,48.72,72.71
655,2022-08-01,7.0,1.0,9.51,4200.0,2,0,8.51,850.66
616,2022-08-01,14.0,1.0,7.34,6900.0,14,0,6.34,634.47
931,2022-08-01,154.0,61.0,53.21,65338.35,129,2,7.79,12.77
635,2022-08-01,36.0,2.0,10.16,12700.0,22,0,8.16,408.11
629,2022-08-01,227.0,62.0,41.72,2181.07,14,1,20.28,32.7
T6556,2022-08-01,54.0,6.0,12.3,1500.0,9,1,6.3,104.94
655,2022-08-01,2.0,7.0,10.59,4200.0,2,0,3.59,51.29
586,2022-08-01,67.0,1.0,7.38,11726.4,5,1,6.38,638.26
617,2022-08-01,6.0,2.0,9.31,5366.67,6,0,7.31,365.38
988,2022-08-01,2.0,3.0,8.9,164850.0,1,0,5.9,196.5
715,2022-08-01,3.0,51.0,32.7,820.0,2,0,18.3,35.88
988,2022-08-01,3.0,18.0,9.27,189000.0,2,0,8.73,48.5
615,2022-08-01,3.0,1.0,8.41,5866.67,3,0,7.41,741.14
929,2022-08-01,188.0,44.0,32.08,130324.23,103,1,11.92,27.09
719,2022-08-01,50.0,41.0,10.96,800.0,1,1,30.04,73.28
615,2022-08-01,1.0,3.0,8.8,5500.0,1,0,5.8,193.37
658,2022-08-01,132.0,17.0,19.43,3116.25,40,1,2.43,14.29
978,2022-08-01,10.0,8.0,8.83,172457.21,3,0,0.83,10.34
T6537,2022-08-01,10.0,16.0,11.08,1100.0,10,0,4.92,30.75
T7129,2022-08-01,9.0,9.0,17.03,2500.0,3,0,8.03,89.19
584,2022-08-01,41.0,18.0,16.67,17000.0,19,0,1.33,7.41
T7161,2022-08-01,8.0,28.0,32.51,100.0,4,1,4.51,16.12
936,2022-08-01,60.0,12.0,22.64,60764.57,46,0,10.64,88.63
708,2022-08-01,6.0,30.0,14.82,1850.0,2,0,15.18,50.59
618,2022-08-01,1.0,6.0,9.76,2300.0,1,0,3.76,62.63
936,2022-08-01,20.0,60.0,54.14,61263.16,18,0,5.86,9.76
T7129,2022-08-01,9.0,54.0,15.66,2600.0,5,0,38.34,71.01
935,2022-08-01,3.0,1.0,9.72,12000.0,3,0,8.72,872.22
659,2022-08-01,255.0,65.0,32.83,2572.78,15,1,32.17,49.49
709,2022-08-01,6.0,32.0,14.1,1562.5,4,0,17.9,55.94
585,2022-08-01,11.0,12.0,11.05,7667.33,3,0,0.95,7.95
585,2022-08-01,12.0,5.0,10.48,27333.33,12,0,5.48,109.65
T7120,2022-08-01,5.0,12.0,15.45,2100.0,1,0,3.45,28.77
978,2022-08-01,3.0,10.0,9.73,166000.0,3,0,0.27,2.71
710,2022-08-01,9.0,12.0,11.54,1525.0,6,0,0.46,3.85
934,2022-08-01,4.0,2.0,16.53,12500.0,2,0,14.53,726.64
919,2022-08-01,5.0,2.0,8.12,2580.0,5,0,6.12,306.22
992,2022-08-01,1.0,9.0,8.78,126500.0,1,0,0.22,2.39
605,2022-08-01,1.0,8.0,8.8,4200.0,1,0,0.8,10.04
915,2022-08-01,2.0,2.0,8.93,6600.0,1,0,6.93,346.46
997,2022-08-01,10.0,5.0,9.82,81750.06,5,0,4.82,96.32
998,2022-08-01,4.0,1.0,8.01,320000.0,4,0,7.01,700.75
T6525,2022-08-01,20.0,22.0,9.39,800.0,10,1,12.61,57.3
733,2022-08-01,3.0,3.0,11.03,25700.0,2,0,8.03,267.63
T6525,2022-08-01,1.0,20.0,12.23,800.0,1,0,7.77,38.84
647,2022-08-01,13.0,5.0,7.81,6300.0,13,0,2.81,56.26
647,2022-08-01,5.0,13.0,9.97,6120.0,5,0,3.03,23.28
736,2022-08-01,2.0,6.0,9.78,34000.0,2,0,3.78,62.98
T6532,2022-08-01,5.0,3.0,9.02,568.33,3,0,6.02,200.54
736,2022-08-01,6.0,10.0,8.05,36883.33,6,0,1.95,19.46
630,2022-08-01,313.0,76.0,66.37,1700.42,120,1,9.63,12.67
590,2022-08-01,14.0,15.0,14.04,14088.5,4,0,0.96,6.37
T6524,2022-08-01,76.0,9.0,11.55,700.0,14,1,2.55,28.3
T6524,2022-08-01,4.0,76.0,16.14,700.0,1,0,59.86,78.76
591,2022-08-01,216.0,32.0,27.69,6276.67,64,1,4.31,13.47
BANDASPOOL,2022-08-01,2.0,3.0,17.53,7500.0,2,0,14.53,484.39
916,2022-08-01,60.0,3.0,17.1,1.0,2,1,14.1,470.09
T6532,2022-08-01,3.0,25.0,14.41,600.0,2,0,10.59,42.38
992,2022-08-01,9.0,6.0,7.28,149285.71,7,0,1.28,21.4
648,2022-08-01,51.0,1.0,7.76,6310.53,19,1,6.76,675.7
587,2022-08-01,4.0,42.0,16.24,12656.25,4,0,25.76,61.33
587,2022-08-01,42.0,7.0,11.43,8497.0,4,0,4.43,63.28
T6536,2022-08-01,1.0,4.0,11.07,900.0,1,0,7.07,176.82
725,2022-08-01,2.0,2.0,10.43,840.0,2,0,8.43,421.61
725,2022-08-01,2.0,33.0,12.71,800.0,1,0,20.29,61.49
629,2022-08-01,62.0,3.0,25.55,2400.0,25,1,22.55,751.58
T6535,2022-08-01,4.0,1.0,11.69,800.0,2,0,10.69,1069.49
648,2022-08-01,20.0,51.0,20.3,1785.0,1,1,30.7,60.19
916,2022-08-01,3.0,7.0,10.66,10100.0,2,0,3.66,52.34
994,2022-08-01,2.0,14.0,9.27,132401.11,1,0,4.73,33.78
T6534,2022-08-01,6.0,17.0,22.06,600.0,3,0,5.06,29.79
994,2022-08-01,14.0,12.0,10.09,144000.0,7,0,1.91,15.88
728,2022-08-01,4.0,3.0,13.5,350.0,2,0,10.5,349.88
T6533,2022-08-01,1.0,5.0,10.96,500.0,1,0,5.96,119.1
T6533,2022-08-01,16.0,1.0,15.99,516.67,3,1,14.99,1499.34
589,2022-08-01,127.0,6.0,15.67,8411.87,52,1,9.67,161.21
915,2022-08-01,18.0,2.0,9.24,6288.89,9,0,7.24,362.18
280,2022-08-01,12.0,6.0,13.38,16918.18,11,0,7.38,123.01
1368,2022-08-01,55.0,9.0,9.84,606.25,16,1,0.84,9.35
280,2022-08-01,5.0,12.0,16.39,16720.0,5,0,4.39,36.57
2873,2022-08-01,3.0,6.0,9.13,2975.0,2,0,3.13,52.15
2869,2022-08-01,9.0,4.0,16.5,31620.0,5,0,12.5,312.44
284,2022-08-01,12.0,3.0,9.6,4680.0,4,0,6.6,220.07
284,2022-08-01,52.0,12.0,11.7,3985.0,3,1,0.3,2.47
1498,2022-08-01,6.0,16.0,9.06,11500.0,2,0,6.94,43.35
1498,2022-08-01,16.0,6.0,10.95,12100.0,4,0,4.95,82.52
151,2022-08-01,4.0,4.0,18.39,3500.0,2,0,14.39,359.66
151,2022-08-01,4.0,26.0,15.22,3700.0,2,0,10.78,41.48
1001,2022-08-01,1.0,1.0,6.81,66071.88,1,0,5.81,580.57
1525,2022-08-01,4.0,1.0,8.54,22600.0,3,0,7.54,753.71
2874,2022-08-01,22.0,1.0,6.34,7500.75,4,0,5.34,533.88
279,2022-08-01,21.0,1.0,9.35,3775.0,12,0,8.35,834.77
279,2022-08-01,3.0,21.0,8.97,3000.0,2,0,12.03,57.29
1534,2022-08-01,1.0,18.0,20.19,1785.0,1,0,2.19,12.15
1534,2022-08-01,18.0,7.0,11.84,1800.0,15,1,4.84,69.11
278,2022-08-01,11.0,9.0,17.82,3200.0,11,0,8.82,98.03
278,2022-08-01,9.0,11.0,19.06,4055.56,9,0,8.06,73.25
1549,2022-08-01,2.0,8.0,9.59,38000.0,1,0,1.59,19.91
1549,2022-08-01,8.0,2.0,8.03,40050.0,8,0,6.03,301.66
1556,2022-08-01,22.0,10.0,20.77,60780.0,15,0,10.77,107.66
2873,2022-08-01,6.0,2.0,8.87,3200.0,6,0,6.87,343.68
1497,2022-08-01,4.0,4.0,13.4,14250.0,2,0,9.4,234.94
1559,2022-08-01,12.5,6.0,11.21,41173.47,6,0,5.21,86.86
1485,2022-08-01,1.0,5.0,11.48,15000.0,1,0,6.48,129.6
1458,2022-08-01,1.0,3.0,8.82,15000.0,1,0,5.82,193.92
1458,2022-08-01,3.0,10.0,8.61,14233.33,3,0,1.39,13.89
1475,2022-08-01,210.0,5.0,11.69,4276.7,7,1,6.69,133.83
296,2022-08-01,9.0,5.0,11.04,27544.44,9,0,6.04,120.71
296,2022-08-01,2.0,9.0,15.53,20500.0,2,0,6.53,72.55
1476,2022-08-01,44.0,8.0,18.34,5180.0,5,1,10.34,129.28
1476,2022-08-01,8.0,15.0,21.5,5800.0,2,0,6.5,43.31
292,2022-08-01,2.0,3.0,7.9,8400.0,2,0,4.9,163.48
292,2022-08-01,1.0,2.0,12.53,8000.0,1,0,10.53,526.62
290,2022-08-01,33.0,60.0,22.21,4700.0,13,1,37.79,62.99
1496,2022-08-01,24.0,8.0,13.72,14672.73,11,0,5.72,71.5
290,2022-08-01,8.0,33.0,15.97,4605.0,5,0,17.03,51.6
1485,2022-08-01,5.0,2.0,8.16,16000.0,5,0,6.16,308.2
1486,2022-08-01,12.0,1.0,10.55,33558.33,12,0,9.55,955.09
288,2022-08-01,4.0,5.0,9.48,10000.0,4,0,4.48,89.62
288,2022-08-01,1.0,4.0,8.98,10000.0,1,0,4.98,124.43
1494,2022-08-01,14.0,62.0,27.37,18200.0,4,0,34.63,55.85
2879,2022-08-01,15.0,45.0,51.63,30384.62,13,0,6.63,14.73
1495,2022-08-01,8.0,1.0,14.29,18975.0,2,0,13.29,1328.98
1496,2022-08-01,4.0,24.0,21.28,14500.0,1,0,2.72,11.34
2778,2022-08-01,4.0,24.0,9.47,12300.0,2,0,14.53,60.55
276,2022-08-01,2.0,1.0,13.95,13100.0,2,0,12.95,1295.34
1433,2022-08-01,1.0,1.0,6.96,120000.0,1,0,5.96,596.17
266,2022-08-01,22.0,2.0,10.18,20630.77,13,0,8.18,409.14
1607,2022-08-01,98.0,14.0,21.39,88314.82,41,0,7.39,52.82
268,2022-08-01,93.0,7.0,10.89,28554.55,11,0,3.89,55.5
1608,2022-08-01,5.0,38.0,22.49,85000.0,3,0,15.51,40.83
1608,2022-08-01,38.0,23.0,18.46,77684.82,4,0,4.54,19.74
2660,2022-08-01,18.0,2.0,16.25,37777.78,18,0,14.25,712.35
2660,2022-08-01,9.0,18.0,22.44,70555.56,8,0,4.44,24.68
1610,2022-08-01,2.0,20.0,13.49,1.0,1,1,6.51,32.54
1610,2022-08-01,20.0,1.0,8.05,135660.0,1,0,7.05,705.31
1626,2022-08-01,23.0,32.0,15.5,6440.2,5,0,16.5,51.56
266,2022-08-01,62.0,22.0,9.94,18818.38,5,0,12.06,54.81
160,2022-08-01,2.0,5.0,9.27,10250.0,2,0,4.27,85.4
1636,2022-08-01,5.0,4.0,13.89,155875.2,5,0,9.89,247.35
1636,2022-08-01,4.0,3.0,10.13,197800.0,4,0,7.13,237.67
1637,2022-08-01,1.0,23.0,13.74,1.0,1,1,9.26,40.28
1637,2022-08-01,23.0,2.0,9.01,238757.98,11,0,7.01,350.64
2645,2022-08-01,3.0,6.0,21.07,100.0,1,1,15.07,251.19
2645,2022-08-01,10.0,3.0,10.14,613.33,3,1,7.14,238.01
1649,2022-08-01,21.0,5.0,11.04,5975.0,3,0,6.04,120.75
1667,2022-08-01,2.0,28.0,11.06,179250.0,2,0,16.94,60.51
1667,2022-08-01,28.0,19.0,11.05,172510.27,10,0,7.95,41.87
2685,2022-08-01,89.0,12.0,14.32,20626.25,43,1,2.32,19.3
1599,2022-08-01,5.0,8.0,11.57,6300.0,5,0,3.57,44.59
276,2022-08-01,22.0,2.0,13.05,14500.0,2,0,11.05,552.56
1581,2022-08-01,14.0,25.0,11.72,13833.67,3,0,13.28,53.12
1559,2022-08-01,6.0,6.0,8.49,104666.67,6,0,2.49,41.45
1568,2022-08-01,28.0,6.0,9.55,22644.95,9,0,3.55,59.25
1571,2022-08-01,9.0,4.0,12.67,64398.59,6,0,8.67,216.78
1571,2022-08-01,4.0,21.0,9.85,95000.0,4,0,11.15,53.07
272,2022-08-01,3.0,73.0,25.37,42000.0,3,0,47.63,65.25
272,2022-08-01,21.0,3.0,6.8,15176.66,1,0,3.8,126.67
1577,2022-08-01,10.0,26.0,25.76,1.0,1,1,0.24,0.91
271,2022-08-01,12.0,6.0,12.63,31437.5,8,0,6.63,110.5
271,2022-08-01,27.0,12.0,12.05,25250.17,6,0,0.05,0.44
1581,2022-08-01,25.0,4.0,9.23,20382.11,2,0,5.23,130.84
269,2022-08-01,1.0,24.0,17.25,30000.0,1,0,6.75,28.14
1587,2022-08-01,8.0,5.0,9.26,115750.0,8,0,4.26,85.1
159,2022-08-01,9.0,76.0,60.86,1667.0,3,0,15.14,19.92
159,2022-08-01,76.0,3.0,12.84,2595.0,20,1,9.84,328.05
270,2022-08-01,58.0,5.0,8.53,30450.0,20,0,3.53,70.68
270,2022-08-01,2.0,58.0,10.67,31500.0,2,0,47.33,81.6
1592,2022-08-01,6.0,2.0,10.69,61903.16,4,0,8.69,434.39
1592,2022-08-01,2.0,6.0,8.87,79000.0,1,0,2.87,47.78
2696,2022-08-01,2.0,2.0,8.17,73000.0,2,0,6.17,308.41
269,2022-08-01,24.0,24.0,14.19,31630.0,20,0,9.81,40.87
297,2022-08-01,1.0,6.0,9.69,12000.0,1,0,3.69,61.43
1423,2022-08-01,32.0,10.0,11.42,3000.0,32,1,1.42,14.17
264,2022-08-01,2.0,2.0,8.12,68300.0,2,0,6.12,306.03
1322,2022-08-01,3.0,4.0,7.01,1400.0,3,0,3.01,75.23
1311,2022-08-01,1.0,3.0,9.33,9000.0,1,0,6.33,210.95
1311,2022-08-01,3.0,2.0,10.49,9500.0,3,0,8.49,424.31
358,2022-08-01,150.0,27.0,19.82,2271.74,46,1,7.18,26.59
1320,2022-08-01,1.0,2.0,9.12,22000.0,1,0,7.12,355.92
1321,2022-08-01,5.0,1.0,10.14,990.0,5,0,9.14,913.54
1321,2022-08-01,1.0,10.0,10.12,800.0,1,0,0.12,1.25
357,2022-08-01,55.0,1.0,14.13,2295.65,22,1,13.13,1312.62
357,2022-08-01,6.0,55.0,24.07,2025.0,4,0,30.93,56.24
1322,2022-08-01,3.0,3.0,8.58,1500.0,3,0,5.58,186.05
1327,2022-08-01,10.0,1.0,7.82,1.0,1,1,6.82,682.04
362,2022-08-01,60.0,30.0,18.2,1700.0,19,1,11.8,39.32
356,2022-08-01,16.0,14.0,12.17,38637.5,16,0,1.83,13.09
356,2022-08-01,10.0,16.0,16.35,33400.2,5,0,0.35,2.17
1329,2022-08-01,8.0,34.0,23.37,21375.0,8,0,10.63,31.25
1329,2022-08-01,34.0,59.0,13.66,20275.0,16,0,45.34,76.84
134,2022-08-01,2.0,1.0,8.7,461015.52,2,0,7.7,770.17
1342,2022-08-01,220.0,6.0,11.08,8323.43,34,1,5.08,84.74
355,2022-08-01,21.0,3.0,11.1,25166.67,3,0,8.1,269.9
355,2022-08-01,2.0,21.0,10.32,30000.0,2,0,10.68,50.87
1350,2022-08-01,18.0,9.0,17.91,771.43,6,1,8.91,98.99
362,2022-08-01,10.0,60.0,48.36,1592.0,5,0,11.64,19.4
1303,2022-08-01,3.0,1.0,9.23,8200.0,2,0,8.23,823.24
349,2022-08-01,13.0,5.0,9.65,7550.06,2,0,4.65,93.05
375,2022-08-01,5.0,26.0,22.32,47150.0,4,0,3.68,14.15
1260,2022-08-01,9.0,1.0,7.57,35792.46,6,0,6.57,656.7
1265,2022-08-01,3.0,60.0,44.76,8200.0,2,0,15.24,25.41
1265,2022-08-01,60.0,12.0,12.89,8796.67,30,1,0.89,7.44
1269,2022-08-01,2.0,27.0,13.18,6250.0,2,0,13.82,51.18
380,2022-08-01,2.0,6.0,9.94,67500.0,2,0,3.94,65.62
38,2022-08-01,1.0,4.0,9.24,280000.0,1,0,5.24,130.89
1274,2022-08-01,2.0,1.0,9.94,105000.0,2,0,8.94,893.57
1279,2022-08-01,20.0,1.0,10.04,10060.0,2,0,9.04,903.59
375,2022-08-01,26.0,25.0,18.55,51475.0,24,0,6.45,25.79
1280,2022-08-01,1.0,6.0,7.67,8000.0,1,0,1.67,27.79
1303,2022-08-01,3.0,3.0,11.06,8200.0,2,0,8.06,268.66
1292,2022-08-01,116.0,4.0,17.66,5190.48,42,1,13.66,341.39
1293,2022-08-01,57.0,69.0,43.65,636.47,17,1,25.35,36.74
370,2022-08-01,85.0,77.0,25.11,98175.44,57,0,51.89,67.39
1293,2022-08-01,69.0,32.0,30.85,800.0,26,1,1.15,3.61
369,2022-08-01,5.0,34.0,25.13,79600.0,3,0,8.87,26.1
369,2022-08-01,42.0,5.0,47.42,60961.62,13,0,42.42,848.44
1301,2022-08-01,20.0,1.0,10.5,2900.0,1,0,9.5,950.1
363,2022-08-01,59.0,46.0,23.81,1500.0,25,1,22.19,48.24
363,2022-08-01,15.0,59.0,51.47,1482.22,9,0,7.53,12.77
349,2022-08-01,5.0,15.0,9.13,12940.0,5,0,5.87,39.15
1350,2022-08-01,9.0,22.0,22.71,800.0,4,0,0.71,3.22
1423,2022-08-01,4.0,32.0,21.04,5150.0,4,0,10.96,34.24
1406,2022-08-01,1.0,2.0,9.86,8500.0,1,0,7.86,392.87
1395,2022-08-01,3.0,37.0,11.91,159333.33,3,0,25.09,67.81
309,2022-08-01,64.0,33.0,18.23,42860.08,25,0,14.77,44.75
309,2022-08-01,4.0,64.0,39.36,45000.0,4,0,24.64,38.49
1395,2022-08-01,37.0,6.0,9.84,119446.76,8,0,3.84,63.98
1396,2022-08-01,9.0,16.0,15.06,48300.0,9,0,0.94,5.85
1403,2022-08-01,19.0,1.0,10.52,66780.0,5,0,9.52,952.0
1404,2022-08-01,44.0,15.0,15.7,12000.0,12,0,0.7,4.67
308,2022-08-01,10.0,10.0,8.17,21070.0,10,0,1.83,18.31
308,2022-08-01,1.0,10.0,8.8,20000.0,1,0,1.2,12.03
1406,2022-08-01,2.0,1.0,6.83,9000.0,2,0,5.83,582.67
1393,2022-08-01,1000.0,15.0,52.81,200.0,1,1,37.81,252.1
1410,2022-08-01,40.0,2.0,8.97,76802.94,21,0,6.97,348.35
301,2022-08-01,9.0,7.0,9.19,41222.22,9,0,2.19,31.35
301,2022-08-01,3.0,9.0,9.07,40666.67,3,0,0.07,0.78
1413,2022-08-01,4.0,12.0,9.1,117289.52,1,0,2.9,24.16
1413,2022-08-01,12.0,4.0,9.98,120452.19,3,0,5.98,149.49
1415,2022-08-01,12.0,17.0,10.8,123228.0,2,0,6.2,36.46
1420,2022-08-01,10.0,3.0,14.14,1.0,1,1,11.14,371.36
300,2022-08-01,32.0,23.0,22.2,14759.38,32,0,0.8,3.46
300,2022-08-01,40.0,32.0,26.03,16071.48,18,0,5.97,18.66
312,2022-08-01,5.0,12.0,13.81,27667.33,3,0,1.81,15.1
1390,2022-08-01,34.0,11.0,9.94,83817.41,19,0,1.06,9.63
323,2022-08-01,47.0,10.0,13.55,58667.81,31,0,3.55,35.46
1356,2022-08-01,38.0,5.0,9.59,73325.55,9,0,4.59,91.74
323,2022-08-01,1.0,47.0,14.24,70000.0,1,0,32.76,69.71
1351,2022-08-01,11.0,2.0,10.48,11300.0,5,0,8.48,424.14
322,2022-08-01,2.0,6.0,8.07,12670.23,2,0,2.07,34.56
322,2022-08-01,10.0,2.0,7.67,1.0,1,1,5.67,283.64
318,2022-08-01,12.0,7.0,9.36,24666.67,3,0,2.36,33.7
1354,2022-08-01,4.0,16.0,17.74,12400.0,2,0,1.74,10.85
1354,2022-08-01,16.0,26.0,16.25,14000.0,8,0,9.75,37.5
318,2022-08-01,1.0,12.0,10.46,25000.0,1,0,1.54,12.83
1356,2022-08-01,6.0,38.0,22.32,1.0,1,1,15.68,41.27
1368,2022-08-01,2.0,55.0,12.0,600.0,1,0,43.0,78.17
1390,2022-08-01,6.0,34.0,13.91,54667.0,3,0,20.09,59.09
3173,2022-08-01,2.0,58.0,14.13,26000.0,2,0,43.87,75.64
316,2022-08-01,1.0,3.0,9.8,1.0,1,1,6.8,226.74
3155,2022-08-01,36.0,1.0,11.56,21035.71,28,0,10.56,1055.74
313,2022-08-01,12.0,4.0,13.51,100200.0,12,0,9.51,237.83
1377,2022-08-01,2.0,8.0,7.71,115500.0,2,0,0.29,3.67
313,2022-08-01,5.0,12.0,18.79,95000.0,5,0,6.79,56.55
1377,2022-08-01,8.0,3.0,8.45,1.0,2,1,5.45,181.61
1387,2022-08-01,4.0,19.0,12.54,88333.67,3,0,6.46,33.99
1387,2022-08-01,19.0,5.0,8.57,127955.69,4,0,3.57,71.41
1670,2022-08-01,12.0,3.0,8.51,80163.58,3,0,5.51,183.62
264,2022-08-01,58.0,2.0,7.52,24031.43,1,0,5.52,276.23
1257,2022-08-01,26.0,2.0,10.08,10600.0,13,0,8.08,404.06
1868,2022-08-01,5.0,7.0,10.59,26160.0,5,0,3.59,51.33
1862,2022-08-01,6.0,2.0,7.21,2600.0,6,0,5.21,260.61
220,2022-08-01,1.0,5.0,8.27,70000.0,1,0,3.27,65.34
2193,2022-08-01,46.0,40.0,20.65,2600.0,32,1,19.35,48.38
218,2022-08-01,40.0,10.0,17.69,143457.69,26,0,7.69,76.9
218,2022-08-01,4.0,40.0,25.52,146000.0,4,0,14.48,36.2
1863,2022-08-01,4.0,1.0,6.21,2050.0,4,0,5.21,520.88
1863,2022-08-01,1.0,3.0,7.3,2100.0,1,0,4.3,143.39
2172,2022-08-01,80.0,39.0,22.05,800.0,41,1,16.95,43.47
1868,2022-08-01,4.0,5.0,9.15,25666.67,3,0,4.15,83.06
187,2022-08-01,14.0,1.0,8.65,8428.57,7,0,7.65,765.04
1862,2022-08-01,1.0,6.0,7.51,2500.0,1,0,1.51,25.24
217,2022-08-01,5.0,10.0,11.13,271448.16,2,0,1.13,11.33
217,2022-08-01,26.0,5.0,20.02,184437.92,4,0,15.02,300.36
1880,2022-08-01,8.0,54.0,10.66,3387.5,4,0,43.34,80.26
2168,2022-08-01,9.0,2.0,9.56,6942.31,1,0,7.56,378.0
2168,2022-08-01,30.0,9.0,8.74,15394.96,3,0,0.26,2.86
1880,2022-08-01,54.0,2.0,9.42,2764.8,3,1,7.42,370.76
2167,2022-08-01,61.0,2.0,9.03,29347.0,34,0,7.03,351.46
2167,2022-08-01,25.0,61.0,26.47,13066.45,3,0,34.53,56.61
2166,2022-08-01,26.0,3.0,9.68,20609.59,8,0,6.68,222.65
221,2022-08-01,17.0,3.0,8.24,158300.0,17,0,5.24,174.53
1860,2022-08-01,1.0,26.0,10.02,17600.0,1,0,15.98,61.47
1888,2022-08-01,2.0,2.0,10.22,5966.25,2,0,8.22,410.84
1819,2022-08-01,8.0,5.0,11.72,49216.25,4,0,6.72,134.33
2256,2022-08-01,2.0,2.0,10.61,52500.0,2,0,8.61,430.74
181,2022-08-01,4.0,1.0,21.02,10000.0,4,0,20.02,2001.7
225,2022-08-01,5.0,1.0,9.31,352356.62,1,0,8.31,831.36
225,2022-08-01,10.0,5.0,8.77,397267.73,3,0,3.77,75.48
2240,2022-08-01,4.0,16.0,14.24,2600.0,2,0,1.76,10.97
2240,2022-08-01,9.0,4.0,15.92,2416.67,6,0,11.92,297.89
181,2022-08-01,1.0,9.0,10.54,10600.0,1,0,1.54,17.15
2239,2022-08-01,19.0,4.0,13.64,3182.14,14,0,9.64,241.08
2239,2022-08-01,6.0,19.0,21.24,3050.0,3,0,2.24,11.78
1819,2022-08-01,5.0,9.0,11.83,51700.0,5,0,2.83,31.48
1860,2022-08-01,20.0,1.0,9.55,15950.0,2,0,8.55,855.16
182,2022-08-01,1.0,1.0,9.3,6300.0,1,0,8.3,829.52
182,2022-08-01,1.0,2.0,8.75,6500.0,1,0,6.75,337.72
184,2022-08-01,1.0,3.0,8.06,3500.0,1,0,5.06,168.68
2228,2022-08-01,24.0,6.0,12.85,28500.0,12,0,6.85,114.16
2228,2022-08-01,6.0,24.0,9.48,1.0,1,1,14.52,60.49
2213,2022-08-01,34.0,11.0,14.61,98865.54,14,0,3.61,32.84
2213,2022-08-01,10.0,34.0,27.65,81000.2,5,0,6.35,18.67
186,2022-08-01,1.0,12.0,14.48,8000.0,1,0,2.48,20.7
186,2022-08-01,12.0,6.0,8.84,8350.0,8,0,2.84,47.27
2166,2022-08-01,21.0,26.0,11.1,17070.58,5,0,14.9,57.33
1888,2022-08-01,2.0,6.0,9.1,6000.0,2,0,3.1,51.65
226,2022-08-01,26.0,14.0,8.59,27952.59,2,0,5.41,38.61
1943,2022-08-01,2.0,3.0,10.7,700.0,1,0,7.7,256.8
1908,2022-08-01,40.0,9.0,10.76,15852.5,20,0,1.76,19.55
208,2022-08-01,6.0,7.0,8.9,158300.0,6,0,1.9,27.09
208,2022-08-01,9.0,6.0,15.54,137995.13,6,0,9.54,158.95
192,2022-08-01,5.0,49.0,35.56,9091.0,5,0,13.44,27.43
192,2022-08-01,49.0,9.0,13.2,9529.41,34,1,4.2,46.66
1926,2022-08-01,1.0,24.0,10.66,10000.0,1,0,13.34,55.6
1929,2022-08-01,9.0,21.0,12.55,112000.0,7,0,8.45,40.23
2078,2022-08-01,27.0,6.0,13.05,4000.33,3,0,7.05,117.57
2077,2022-08-01,6.0,8.0,10.01,11091.67,6,0,2.01,25.16
2031,2022-08-01,1.0,1.0,9.83,10100.0,1,0,8.83,882.73
2081,2022-08-01,27.0,1.0,7.74,22548.64,8,0,6.74,673.97
2031,2022-08-01,1.0,3.0,9.29,10600.0,1,0,6.29,209.65
2074,2022-08-01,119.0,4.0,17.51,1043.33,6,1,13.51,337.8
207,2022-08-01,5.0,5.0,7.57,160080.0,5,0,2.57,51.3
207,2022-08-01,14.0,5.0,8.67,111012.97,2,0,3.67,73.35
2063,2022-08-01,1.0,8.0,9.93,24700.0,1,0,1.93,24.16
2063,2022-08-01,1.0,1.0,9.38,20000.0,1,0,8.38,838.17
2058,2022-08-01,12.0,13.0,13.66,15200.0,6,0,0.66,5.11
2058,2022-08-01,1.0,12.0,12.09,15500.0,1,0,0.09,0.76
2049,2022-08-01,16.0,26.0,20.44,12721.88,16,0,5.56,21.37
1902,2022-08-01,2.0,21.0,10.91,21000.0,1,0,10.09,48.06
1902,2022-08-01,6.0,2.0,11.11,20333.33,3,0,9.11,455.58
2161,2022-08-01,7.0,2.0,8.4,15490.49,3,0,6.4,319.79
1895,2022-08-01,10.0,37.0,21.65,1050.0,1,0,15.35,41.5
2161,2022-08-01,20.0,7.0,7.02,13776.19,2,0,0.02,0.28
1890,2022-08-01,5.0,48.0,29.37,2500.0,3,0,18.63,38.81
2160,2022-08-01,1.0,1.0,9.43,7000.0,1,0,8.43,842.7
1890,2022-08-01,48.0,55.0,19.91,2380.0,10,1,35.09,63.79
2160,2022-08-01,2.0,1.0,11.21,6550.0,2,0,10.21,1020.55
216,2022-08-01,3.0,1.0,7.81,93333.33,3,0,6.81,681.37
216,2022-08-01,6.0,3.0,8.66,90000.0,6,0,5.66,188.59
1891,2022-08-01,5.0,4.0,8.75,131248.4,1,0,4.75,118.78
1892,2022-08-01,54.0,1.0,11.01,3072.13,17,1,10.01,1001.39
1895,2022-08-01,37.0,51.0,29.42,1300.0,17,1,21.58,42.31
190,2022-08-01,44.0,4.0,16.21,6200.0,4,1,12.21,305.24
2156,2022-08-01,9.0,1.0,7.76,119374.96,7,0,6.76,676.25
215,2022-08-01,4.0,1.0,6.26,57449.69,1,0,5.26,526.18
1896,2022-08-01,53.0,30.0,14.67,2000.0,25,1,15.33,51.1
2137,2022-08-01,4.0,2.0,8.51,15800.0,4,0,6.51,325.26
1897,2022-08-01,1.0,33.0,11.32,2000.0,1,0,21.68,65.69
2136,2022-08-01,23.0,11.0,9.71,500.0,22,1,1.29,11.75
2136,2022-08-01,1.0,23.0,13.91,500.0,1,0,9.09,39.54
2103,2022-08-01,21.0,7.0,13.44,619.05,21,1,6.44,92.03
190,2022-08-01,24.0,44.0,16.03,7000.0,3,0,27.97,63.57
2257,2022-08-01,113.0,3.0,14.53,896.67,3,1,11.53,384.5
226,2022-08-01,14.0,2.0,8.11,211000.0,14,0,6.11,305.59
1677,2022-08-01,1.0,5.0,15.1,22500.0,1,0,10.1,202.02
2475,2022-08-01,2.0,3.0,13.7,1050.0,1,0,10.7,356.57
2499,2022-08-01,8.0,5.0,7.77,1.0,2,1,2.77,55.41
2499,2022-08-01,1.0,8.0,7.5,250000.0,1,0,0.5,6.26
2482,2022-08-01,39.0,11.0,16.53,2082.35,34,1,5.53,50.25
2482,2022-08-01,17.0,39.0,28.47,2066.67,9,0,10.53,26.99
1698,2022-08-01,1.0,6.0,9.23,3800.0,1,0,3.23,53.79
2481,2022-08-01,2.0,10.0,9.48,85000.0,2,0,0.52,5.16
2481,2022-08-01,2.0,2.0,10.55,36500.0,2,0,8.55,427.7
1712,2022-08-01,9.0,9.0,15.01,800.0,1,0,6.01,66.79
1712,2022-08-01,9.0,30.0,19.56,800.0,5,0,10.44,34.82
246,2022-08-01,3.0,8.0,7.49,13466.67,3,0,0.51,6.38
250,2022-08-01,19.0,13.0,10.32,12800.0,2,0,2.68,20.65
246,2022-08-01,1.0,3.0,9.02,12000.0,1,0,6.02,200.59
2437,2022-08-01,13.0,9.0,10.94,17492.31,13,0,1.94,21.56
2437,2022-08-01,1.0,13.0,8.77,1.0,1,1,4.23,32.56
1713,2022-08-01,11.0,2.0,15.03,1500.0,3,0,13.03,651.35
1713,2022-08-01,2.0,2.0,10.33,1600.0,2,0,8.33,416.73
2430,2022-08-01,6.0,1.0,8.33,1233.33,3,0,7.33,732.99
1719,2022-08-01,2.0,1.0,7.34,1787.5,2,0,6.34,633.84
1719,2022-08-01,1.0,7.0,8.48,1600.0,1,0,1.48,21.12
1724,2022-08-01,74.0,21.0,12.04,10675.09,16,1,8.96,42.66
250,2022-08-01,5.0,19.0,10.87,14666.67,3,0,8.13,42.78
1695,2022-08-01,1.0,21.0,18.1,21000.0,1,0,2.9,13.83
241,2022-08-01,56.0,37.0,26.66,4196.77,31,1,10.34,27.94
1687,2022-08-01,47.0,1.0,13.74,1400.0,17,1,12.74,1273.91
1677,2022-08-01,5.0,1.0,7.22,20000.0,5,0,6.22,622.27
263,2022-08-01,7.0,2.0,9.73,50000.0,7,0,7.73,386.65
261,2022-08-01,22.0,9.0,11.6,25250.0,4,0,2.6,28.88
261,2022-08-01,29.0,22.0,13.99,25124.67,5,0,8.01,36.41
1686,2022-08-01,17.0,23.0,9.82,12800.22,9,0,13.18,57.32
2552,2022-08-01,4.0,2.0,8.74,1.0,1,1,6.74,337.1
2551,2022-08-01,4.0,24.0,14.36,2000.0,4,0,9.64,40.17
1686,2022-08-01,23.0,6.0,9.11,15025.0,4,0,3.11,51.81
1687,2022-08-01,505.0,47.0,30.83,1053.2,5,1,16.17,34.4
2551,2022-08-01,10.0,4.0,11.39,250.0,1,1,7.39,184.83
169,2022-08-01,3.0,3.0,8.51,6966.67,3,0,5.51,183.82
255,2022-08-01,4.0,4.0,10.92,9625.0,4,0,6.92,172.99
2533,2022-08-01,6.0,9.0,15.52,12800.0,2,0,6.52,72.46
2533,2022-08-01,8.0,6.0,18.37,12600.0,2,0,12.37,206.25
1688,2022-08-01,44.0,52.0,44.49,1068.42,18,1,7.51,14.45
1688,2022-08-01,52.0,37.0,28.27,1100.0,13,1,8.73,23.59
251,2022-08-01,201.0,58.0,32.61,30285.72,122,2,25.39,43.78
169,2022-08-01,2.0,3.0,10.38,6000.0,2,0,7.38,245.89
2506,2022-08-01,2.0,3.0,9.84,7000.0,1,0,6.84,227.93
2501,2022-08-01,1.0,10.0,13.81,295400.0,1,0,3.81,38.11
243,2022-08-01,3.0,3.0,10.63,3000.0,1,0,7.63,254.26
241,2022-08-01,13.0,56.0,49.42,4155.56,9,0,6.58,11.74
1804,2022-08-01,46.0,2.0,9.61,121528.21,17,0,7.61,380.36
2327,2022-08-01,1.0,14.0,10.85,13063.67,1,0,3.15,22.5
238,2022-08-01,19.0,8.0,9.07,312736.84,19,0,1.07,13.39
238,2022-08-01,4.0,19.0,10.32,145460.14,2,0,8.68,45.66
1800,2022-08-01,5.0,5.0,19.37,32400.0,4,0,14.37,287.41
234,2022-08-01,2.0,1.0,8.27,75000.0,2,0,7.27,726.64
234,2022-08-01,2.0,2.0,9.15,92000.0,2,0,7.15,357.43
1802,2022-08-01,4.0,23.0,19.21,130000.5,2,0,3.79,16.5
1802,2022-08-01,23.0,4.0,8.69,224683.16,11,0,4.69,117.23
1803,2022-08-01,3.0,4.0,7.4,1.0,1,1,3.4,85.07
2327,2022-08-01,14.0,28.0,13.0,17785.71,14,0,15.0,53.58
2318,2022-08-01,340.0,5.0,9.94,2245.63,8,1,4.94,98.85
1798,2022-08-01,6.0,3.0,9.35,130000.0,6,0,6.35,211.69
2311,2022-08-01,29.0,4.0,19.47,32902.14,17,0,15.47,386.81
2311,2022-08-01,8.0,29.0,18.95,13667.0,3,0,10.05,34.64
229,2022-08-01,7.0,3.0,10.63,95500.0,7,0,7.63,254.34
229,2022-08-01,16.0,7.0,11.7,99829.51,6,0,4.7,67.16
2282,2022-08-01,2.0,2.0,11.19,400.0,2,0,9.19,459.48
2281,2022-08-01,42.0,20.0,14.95,100.0,13,1,5.05,25.25
2264,2022-08-01,27.0,8.0,9.19,98626.88,9,0,1.19,14.82
2264,2022-08-01,9.0,27.0,16.13,69500.25,4,0,10.87,40.27
1804,2022-08-01,2.0,46.0,14.37,140875.0,2,0,31.63,68.75
2381,2022-08-01,12.0,2.0,8.08,89550.0,2,0,6.08,303.88
2384,2022-08-01,2.0,20.0,11.25,47500.0,1,0,8.75,43.77
1732,2022-08-01,51.0,66.0,49.91,886.8,14,1,16.09,24.38
1749,2022-08-01,20.0,12.0,9.6,1100.0,1,1,2.4,20.03
1732,2022-08-01,66.0,12.0,23.28,1066.67,29,1,11.28,93.99
1737,2022-08-01,6.0,1.0,12.82,92426.92,3,0,11.82,1181.89
1737,2022-08-01,1.0,10.0,11.25,120000.0,1,0,1.25,12.46
2408,2022-08-01,44.0,4.0,10.25,2528.57,14,1,6.25,156.33
2407,2022-08-01,146.0,14.0,18.49,2013.67,20,1,4.49,32.08
1749,2022-08-01,4.0,20.0,13.07,1025.0,4,0,6.93,34.65
2406,2022-08-01,14.0,3.0,11.98,100.0,2,1,8.98,299.37
2404,2022-08-01,2.0,22.0,11.04,8500.0,1,0,10.96,49.81
2404,2022-08-01,5.0,2.0,9.71,8133.33,3,0,7.71,385.3
2394,2022-08-01,37.0,12.0,13.33,12496.0,25,0,1.33,11.05
2384,2022-08-01,20.0,2.0,8.54,35000.0,2,0,6.54,327.03
2394,2022-08-01,6.0,37.0,27.6,10500.0,6,0,9.4,25.4
1794,2022-08-01,4.0,4.0,9.49,21100.0,2,0,5.49,137.28
1795,2022-08-01,6.0,5.0,10.35,42000.0,3,0,5.35,107.05
239,2022-08-01,8.0,38.0,20.11,172206.93,2,0,17.89,47.07
1797,2022-08-01,7.0,5.0,16.69,32500.5,2,0,11.69,233.9
1797,2022-08-01,5.0,9.0,23.65,22867.33,3,0,14.65,162.76
2388,2022-08-01,35.0,8.0,10.71,16162.67,6,0,2.71,33.85
2388,2022-08-01,2.0,35.0,12.29,14000.0,2,0,22.71,64.89
1798,2022-08-01,5.0,6.0,8.62,124333.33,3,0,2.62,43.63
385,2022-08-01,10.0,21.0,37.2,56375.0,8,0,16.2,77.14
2052,2022-08-01,5.0,1.0,10.56,52500.0,5,0,9.56,956.03
1257,2022-08-01,4.0,26.0,10.86,12500.0,3,0,15.14,58.24
476,2022-08-01,1.0,1.0,9.74,162750.0,1,0,8.74,873.78
1120,2022-08-01,4.0,6.0,12.83,9660.0,1,0,6.83,113.82
1120,2022-08-01,6.0,2.0,10.51,11000.0,3,0,8.51,425.5
548,2022-08-01,43.0,5.0,10.51,8397.2,5,0,5.51,110.28
1021,2022-08-01,46.0,16.0,12.98,105748.59,21,0,3.02,18.88
455,2022-08-01,21.0,18.0,15.69,6406.25,8,0,2.31,12.83
455,2022-08-01,5.0,21.0,31.33,6275.0,4,0,10.33,49.18
1123,2022-08-01,4.0,7.0,9.71,6500.0,2,0,2.71,38.75
1124,2022-08-01,2.0,8.0,9.56,12000.0,1,0,1.56,19.51
1020,2022-08-01,37.5,1.0,10.52,114506.09,15,0,9.52,952.13
1124,2022-08-01,8.0,5.0,10.04,8450.0,4,0,5.04,100.72
549,2022-08-01,89.0,5.0,15.89,4640.28,25,1,10.89,217.8
453,2022-08-01,10.0,3.0,8.95,56166.74,5,0,5.95,198.28
451,2022-08-01,16.0,1.0,10.3,1.0,1,1,9.3,930.28
550,2022-08-01,16.0,41.0,13.26,1643.25,4,0,27.74,67.67
550,2022-08-01,41.0,2.0,8.16,3686.33,3,1,6.16,308.11
1117,2022-08-01,76.0,18.0,18.28,13326.01,12,1,0.28,1.55
1023,2022-08-01,8.0,8.0,12.12,47000.5,2,0,4.12,51.45
1117,2022-08-01,6.0,76.0,43.37,19283.33,3,0,32.63,42.94
547,2022-08-01,63.0,9.0,12.77,8554.4,5,1,3.77,41.84
1114,2022-08-01,4.0,26.0,19.59,10000.0,2,0,6.41,24.66
1115,2022-08-01,6.0,61.0,41.01,14916.67,3,0,19.99,32.77
470,2022-08-01,22.0,30.0,15.31,12741.18,17,0,14.69,48.98
470,2022-08-01,3.0,22.0,15.7,13333.33,3,0,6.3,28.64
1115,2022-08-01,61.0,10.0,16.03,10565.0,20,1,6.03,60.26
547,2022-08-01,2.0,63.0,43.09,8500.0,2,0,19.91,31.6
1116,2022-08-01,108.0,60.0,35.94,18676.1,24,1,24.06,40.1
1023,2022-08-01,8.0,1.0,8.89,111500.0,4,0,7.89,788.52
1024,2022-08-01,8.0,1.0,10.06,93000.0,4,0,9.06,905.91
1024,2022-08-01,8.0,8.0,16.53,28785.98,3,0,8.53,106.65
468,2022-08-01,4.0,3.0,8.15,21050.0,2,0,5.15,171.62
457,2022-08-01,59.0,41.0,30.35,80821.09,7,0,10.65,25.98
457,2022-08-01,15.0,59.0,41.12,86038.46,13,0,17.88,30.31
548,2022-08-01,28.0,43.0,16.28,7650.11,8,0,26.72,62.15
1129,2022-08-01,4.0,4.0,15.53,22000.0,2,0,11.53,288.24
1129,2022-08-01,4.0,2.0,11.26,25000.0,1,0,9.26,462.96
1130,2022-08-01,36.0,4.0,11.3,15757.07,6,0,7.3,182.55
44,2022-08-01,19.0,17.0,8.88,31263.16,19,0,8.12,47.74
1162,2022-08-01,22.0,21.0,13.67,500.0,5,1,7.33,34.89
1017,2022-08-01,8.5,16.5,13.38,101000.2,5,0,3.12,18.91
553,2022-08-01,118.0,8.0,24.32,4512.33,12,1,16.32,203.98
1163,2022-08-01,2.0,55.0,38.27,400.0,1,0,16.73,30.42
1163,2022-08-01,55.0,9.0,11.37,430.77,13,1,2.37,26.29
1164,2022-08-01,2.0,35.0,13.52,500.0,2,0,21.48,61.37
44,2022-08-01,2.0,19.0,9.36,28000.0,2,0,9.64,50.76
1017,2022-08-01,16.5,11.0,10.46,150000.0,18,0,0.54,4.94
1164,2022-08-01,35.0,8.0,11.7,500.0,11,1,3.7,46.3
1165,2022-08-01,28.0,2.0,8.19,36838.46,26,0,6.19,309.55
1016,2022-08-01,9.0,0.5,9.46,158000.0,10,0,8.96,1791.68
1169,2022-08-01,21.0,29.0,23.23,26400.0,15,0,5.77,19.9
1016,2022-08-01,4.0,9.0,10.53,148238.72,3,0,1.53,16.97
435,2022-08-01,18.0,4.0,9.31,32000.0,9,0,5.31,132.79
442,2022-08-01,34.0,24.0,26.71,23917.0,3,0,2.71,11.31
552,2022-08-01,22.0,20.0,24.22,9000.0,19,0,4.22,21.09
446,2022-08-01,5.0,3.0,6.62,47824.26,2,0,3.62,120.8
443,2022-08-01,5.0,48.0,25.71,47200.0,5,0,22.29,46.44
1131,2022-08-01,8.0,1.0,10.22,31850.0,4,0,9.22,921.72
1020,2022-08-01,6.0,37.5,20.13,62527.14,3,0,17.37,46.31
446,2022-08-01,1.0,5.0,8.58,51000.0,1,0,3.58,71.67
444,2022-08-01,5.0,3.0,8.14,28875.5,2,0,5.14,171.17
1160,2022-08-01,55.0,59.0,45.52,310.0,13,1,13.48,22.85
1160,2022-08-01,59.0,43.0,32.9,300.0,26,1,10.1,23.48
443,2022-08-01,10.0,5.0,21.54,46406.25,8,0,16.54,330.82
552,2022-08-01,39.0,22.0,32.53,7650.11,8,0,10.53,47.88
1019,2022-08-01,19.0,9.0,12.5,84372.44,9,0,3.5,38.85
1018,2022-08-01,4.5,10.5,9.03,142400.0,5,0,1.47,14.0
1018,2022-08-01,10.0,4.5,11.42,90000.25,4,0,6.92,153.88
1161,2022-08-01,86.0,21.0,20.39,193.18,22,1,0.61,2.89
1162,2022-08-01,5.0,22.0,14.82,500.0,3,0,7.18,32.65
442,2022-08-01,24.0,6.0,17.01,36607.69,13,0,11.01,183.56
1043,2022-08-01,4.0,12.0,11.2,87034.52,3,0,0.8,6.7
1043,2022-08-01,12.0,2.0,9.16,108000.0,12,0,7.16,358.19
435,2022-08-01,8.0,18.0,13.81,16800.5,2,0,4.19,23.29
1114,2022-08-01,6.0,4.0,20.11,13833.33,3,0,16.11,402.87
1075,2022-08-01,16.5,1.0,9.46,156932.49,15,0,8.46,846.18
531,2022-08-01,2.0,5.0,10.17,21000.0,2,0,5.17,103.38
531,2022-08-01,1.0,2.0,10.57,24000.0,1,0,8.57,428.73
1076,2022-08-01,1.0,1.0,7.83,220000.0,1,0,6.83,683.08
1054,2022-08-01,7.0,2.0,8.08,766321.4,6,0,6.08,303.92
1053,2022-08-01,9.0,1.0,9.82,218000.0,9,0,8.82,882.09
1053,2022-08-01,13.05,9.0,8.88,213196.44,5,0,0.12,1.3
1076,2022-08-01,1.0,0.5,8.02,263000.0,2,0,7.52,1504.11
1077,2022-08-01,12.5,8.5,10.43,175062.07,5,0,1.93,22.68
1077,2022-08-01,8.5,3.0,10.15,225600.0,10,0,7.15,238.34
540,2022-08-01,11.0,36.0,31.99,13888.89,9,0,4.01,11.13
527,2022-08-01,13.0,48.0,38.22,12050.0,12,0,9.78,20.37
540,2022-08-01,36.0,14.0,15.31,11000.0,36,0,1.31,9.35
1078,2022-08-01,21.0,0.5,12.31,113384.42,4,0,11.81,2362.05
1078,2022-08-01,0.5,2.0,7.54,219000.0,1,0,5.54,276.87
1075,2022-08-01,17.25,16.5,10.27,122209.07,6,0,6.23,37.74
539,2022-08-01,3.0,1.0,11.26,18500.0,3,0,10.26,1026.28
538,2022-08-01,20.0,3.0,8.57,34285.0,20,0,5.57,185.64
1070,2022-08-01,97.0,13.5,12.66,70220.08,6,0,0.84,6.25
534,2022-08-01,164.0,2.0,10.9,7848.65,33,1,8.9,445.14
1071,2022-08-01,23.0,9.0,8.2,178150.61,13,0,0.8,8.9
1072,2022-08-01,13.0,13.0,13.13,115679.36,4,0,0.13,0.98
1072,2022-08-01,13.0,4.0,9.8,159076.01,9,0,5.8,144.9
533,2022-08-01,138.0,6.0,13.77,8102.19,31,1,7.77,129.53
1070,2022-08-01,13.5,3.0,9.88,163817.55,9,0,6.88,229.17
1073,2022-08-01,29.0,15.0,26.27,124928.19,14,0,11.27,75.13
1074,2022-08-01,14.5,16.5,20.34,181649.59,16,0,3.84,23.25
1073,2022-08-01,15.0,9.0,12.03,181552.4,9,0,3.03,33.71
535,2022-08-01,236.0,28.0,31.05,6207.33,66,1,3.05,10.9
536,2022-08-01,3.0,11.0,10.11,6000.0,2,0,0.89,8.08
538,2022-08-01,5.0,20.0,11.25,32500.0,4,0,8.75,43.75
532,2022-08-01,111.0,7.0,25.68,19357.31,62,1,18.68,266.82
1074,2022-08-01,25.25,14.5,24.84,145389.63,9,0,10.34,71.28
1100,2022-08-01,4.0,5.0,14.99,10500.0,4,0,9.99,199.79
1108,2022-08-01,96.0,2.0,10.48,7420.0,35,1,8.48,423.82
518,2022-08-01,30.0,1.0,11.27,57600.0,30,0,10.27,1027.17
1044,2022-08-01,27.0,44.0,18.4,95739.13,23,0,25.6,58.17
499,2022-08-01,1.0,2.0,11.69,18000.0,1,0,9.69,484.67
498,2022-08-01,21.0,2.0,12.21,16500.0,3,0,10.21,510.59
544,2022-08-01,1.0,8.0,10.36,18000.0,1,0,2.36,29.5
498,2022-08-01,3.0,21.0,10.41,18000.0,2,0,10.59,50.43
544,2022-08-01,8.0,3.0,10.51,16400.0,6,0,7.51,250.49
546,2022-08-01,4.0,3.0,14.73,7500.5,2,0,11.73,390.98
1044,2022-08-01,12.0,27.0,14.19,81820.53,4,0,12.81,47.45
1112,2022-08-01,72.0,59.0,53.91,9550.0,7,1,5.09,8.63
1113,2022-08-01,159.0,35.0,23.1,15978.56,23,1,11.9,34.01
495,2022-08-01,10.0,2.0,7.71,39000.0,10,0,5.71,285.58
495,2022-08-01,6.0,10.0,12.54,37616.67,6,0,2.54,25.38
493,2022-08-01,16.0,1.0,6.24,41562.5,8,0,5.24,524.46
493,2022-08-01,2.0,16.0,10.27,47250.0,2,0,5.73,35.82
476,2022-08-01,1.0,6.0,9.23,163500.0,1,0,3.23,53.86
1112,2022-08-01,59.0,6.0,33.64,10016.67,33,1,27.64,460.61
500,2022-08-01,86.0,77.0,24.72,14400.0,10,1,52.28,67.9
1052,2022-08-01,11.5,4.5,9.38,235000.0,15,0,4.88,108.44
509,2022-08-01,4.0,4.0,8.57,2100.0,2,0,4.57,114.21
1109,2022-08-01,120.0,4.0,20.04,6320.59,34,1,16.04,400.93
518,2022-08-01,3.0,30.0,14.86,49066.67,3,0,15.14,50.47
543,2022-08-01,1.0,8.0,11.13,21000.0,1,0,3.13,39.18
543,2022-08-01,8.0,1.0,8.6,22700.0,8,0,7.6,759.63
1052,2022-08-01,18.5,11.5,12.5,198543.0,3,0,1.0,8.69
1110,2022-08-01,70.0,64.0,49.76,7412.5,6,1,14.24,22.24
509,2022-08-01,8.0,4.0,9.49,2175.0,4,0,5.49,137.31
500,2022-08-01,77.0,2.0,13.14,15458.62,29,1,11.14,556.93
507,2022-08-01,98.0,7.0,12.5,3097.37,19,1,5.5,78.59
1110,2022-08-01,64.0,26.0,33.74,6363.33,30,1,7.74,29.79
1111,2022-08-01,88.0,12.0,32.03,9140.0,10,1,20.03,166.95
502,2022-08-01,1.0,4.0,9.3,14000.0,1,0,5.3,132.57
1048,2022-08-01,6.0,16.0,14.73,69913.0,3,0,1.27,7.94
1111,2022-08-01,12.0,31.0,29.43,9000.0,4,0,1.57,5.05
554,2022-08-01,116.0,4.0,14.38,3655.0,14,1,10.38,259.42
1019,2022-08-01,9.0,4.0,12.16,115843.99,4,0,8.16,204.0
434,2022-08-01,12.0,4.0,33.24,25592.84,10,0,29.24,730.93
558,2022-08-01,38.0,17.0,10.45,3724.55,10,1,6.55,38.56
561,2022-08-01,1.0,2.0,8.24,5800.0,1,0,6.24,312.14
561,2022-08-01,9.0,1.0,9.87,5827.5,6,0,8.87,887.08
1211,2022-08-01,4.0,64.0,16.91,10750.0,4,0,47.09,73.58
417,2022-08-01,29.0,1.0,9.72,40146.79,16,0,8.72,872.46
420,2022-08-01,1.0,7.0,11.03,57500.0,1,0,4.03,57.53
420,2022-08-01,7.0,1.0,8.87,63200.0,5,0,7.87,786.84
1006,2022-08-01,6.0,4.0,9.22,1.0,1,1,5.22,130.42
421,2022-08-01,23.0,1.0,11.07,50572.73,22,0,10.07,1007.35
1006,2022-08-01,4.0,2.0,11.16,111000.0,7,0,9.16,458.03
1206,2022-08-01,11.0,33.0,35.89,10277.78,8,0,2.89,8.77
424,2022-08-01,24.0,2.0,9.15,53916.67,12,0,7.15,357.49
558,2022-08-01,17.0,7.0,10.06,5094.12,17,0,3.06,43.68
1205,2022-08-01,16.0,77.0,17.35,10090.91,11,0,59.65,77.46
1009,2022-08-01,4.0,2.0,7.24,122203.28,2,0,5.24,262.03
1005,2022-08-01,13.0,7.0,11.02,114871.49,9,0,4.02,57.43
1009,2022-08-01,2.0,4.0,7.47,197000.0,2,0,3.47,86.73
1204,2022-08-01,7.0,30.0,10.71,10550.0,4,0,19.29,64.3
1204,2022-08-01,3.0,7.0,9.95,10000.0,2,0,2.95,42.18
425,2022-08-01,9.0,49.0,45.59,25250.0,5,0,3.41,6.96
425,2022-08-01,49.0,29.0,27.78,27212.9,31,0,1.22,4.21
1012,2022-08-01,2.0,18.0,10.67,229322.82,1,0,7.33,40.72
1012,2022-08-01,18.0,2.0,9.44,233082.09,8,0,7.44,372.17
426,2022-08-01,6.0,13.0,11.36,36000.0,4,0,1.64,12.63
4264,2022-08-01,19.0,43.0,29.32,29063.21,18,0,13.68,31.81
557,2022-08-01,17.0,1.0,7.1,6696.78,9,0,6.1,610.14
557,2022-08-01,1.0,17.0,9.44,7000.0,1,0,7.56,44.46
1202,2022-08-01,11.0,8.0,12.18,10455.56,9,0,4.18,52.19
1202,2022-08-01,3.0,11.0,15.62,10166.67,3,0,4.62,42.03
562,2022-08-01,4.0,21.0,11.04,5800.0,4,0,9.96,47.42
1231,2022-08-01,19.0,55.0,50.27,10214.29,14,0,4.73,8.6
1201,2022-08-01,42.0,8.0,10.52,11133.33,18,0,2.52,31.54
396,2022-08-01,24.0,2.0,23.13,31200.2,5,0,21.13,1056.53
1001,2022-08-01,1.0,6.0,7.43,159000.0,1,0,1.43,23.75
385,2022-08-01,21.0,2.0,19.28,62761.9,21,0,17.28,863.78
570,2022-08-01,18.0,11.0,15.6,17850.0,18,0,4.6,41.79
388,2022-08-01,1.0,8.0,10.62,69000.0,1,0,2.62,32.77
388,2022-08-01,8.0,16.0,10.54,72850.0,4,0,5.46,34.13
570,2022-08-01,12.0,18.0,20.55,17168.18,10,0,2.55,14.17
1254,2022-08-01,258.0,7.0,10.63,5842.89,17,1,3.63,51.87
1253,2022-08-01,19.0,13.0,9.65,196194.8,13,0,3.35,25.74
1002,2022-08-01,13.0,3.0,8.63,83775.25,5,0,5.63,187.61
1253,2022-08-01,7.0,19.0,11.52,144875.25,4,0,7.48,39.37
567,2022-08-01,7.0,10.0,15.32,15685.71,7,0,5.32,53.15
567,2022-08-01,24.0,7.0,13.06,12998.0,5,0,6.06,86.59
1004,2022-08-01,23.5,5.5,19.8,44059.29,6,0,14.3,259.91
396,2022-08-01,2.0,5.0,17.13,41200.0,1,0,12.13,242.69
1005,2022-08-01,9.5,13.0,14.11,84877.48,3,0,1.11,8.57
1004,2022-08-01,5.5,7.0,17.74,127142.86,7,0,10.74,153.4
398,2022-08-01,10.0,4.0,8.94,40160.0,10,0,4.94,123.61
1240,2022-08-01,14.0,10.0,9.78,18142.86,14,0,0.22,2.16
1240,2022-08-01,4.0,14.0,10.37,18450.0,4,0,3.63,25.94
564,2022-08-01,1.0,12.0,9.96,10000.0,1,0,2.04,16.98
564,2022-08-01,12.0,1.0,9.01,10200.17,6,0,8.01,800.75
401,2022-08-01,6.0,2.0,9.39,45400.0,3,0,7.39,369.62
1231,2022-08-01,55.0,57.0,39.26,10515.38,26,1,17.74,31.11
407,2022-08-01,4.0,6.0,8.47,24000.5,2,0,2.47,41.17
407,2022-08-01,6.0,4.0,7.57,50000.0,6,0,3.57,89.36
408,2022-08-01,6.0,18.0,9.98,1.0,1,1,8.02,44.55
409,2022-08-01,1.0,10.0,9.26,56000.0,1,0,0.74,7.37
416,2022-08-01,6.0,12.0,8.99,59633.33,6,0,3.01,25.06
556,2022-08-01,14.0,3.0,10.76,13700.0,14,0,7.76,258.82
1071,2022-08-01,12.0,23.0,14.61,122628.31,2,0,8.39,36.49
1201,2022-08-01,2.0,42.0,17.89,11000.0,2,0,24.11,57.4
1196,2022-08-01,66.0,14.0,14.89,8007.14,28,1,0.89,6.34
1185,2022-08-01,2.0,10.0,17.19,13825.0,2,0,7.19,71.86
1185,2022-08-01,10.0,10.0,12.29,14642.86,7,0,2.29,22.94
1190,2022-08-01,2.0,20.0,13.31,12000.0,2,0,6.69,33.45
1014,2022-08-01,33.5,41.5,21.74,71901.81,16,0,19.76,47.62
431,2022-08-01,29.0,60.0,60.18,32991.78,9,0,0.18,0.3
431,2022-08-01,60.0,12.0,20.53,41956.82,44,0,8.53,71.06
1015,2022-08-01,20.5,5.25,10.64,108889.4,22,0,5.39,102.71
1015,2022-08-01,11.0,20.5,12.33,68351.76,7,0,8.17,39.88
1014,2022-08-01,41.5,3.5,21.66,112611.44,35,0,18.16,518.85
1194,2022-08-01,8.0,17.0,14.39,8400.0,4,0,2.61,15.38
1190,2022-08-01,20.0,4.0,9.39,10000.0,1,0,5.39,134.82
555,2022-08-01,8.0,65.0,27.02,3031.25,8,0,37.98,58.43
555,2022-08-01,65.0,1.0,10.37,2367.14,7,1,9.37,936.81
556,2022-08-01,12.0,14.0,11.44,13000.0,6,0,2.56,18.26
432,2022-08-01,10.0,2.0,9.69,20175.0,8,0,7.69,384.3
1196,2022-08-01,19.0,66.0,29.5,8057.14,6,0,36.5,55.3
432,2022-08-01,5.0,10.0,15.68,18800.0,5,0,5.68,56.78
1013,2022-08-01,20.0,43.0,23.47,119753.49,16,0,19.53,45.42
1013,2022-08-01,14.5,20.0,22.13,53709.04,4,0,2.13,10.63
430,2022-08-01,13.0,27.0,26.47,23575.33,3,0,0.53,1.98
1184,2022-08-01,24.0,74.0,62.1,14973.33,14,0,11.9,16.08
434,2022-08-01,40.0,12.0,45.93,25465.46,12,0,33.93,282.71
430,2022-08-01,27.0,12.0,15.21,39616.0,25,0,3.21,26.75
916,2022-07-01,5.0,28.0,15.42,9537.5,4,0,12.58,44.95
1798,2022-07-01,3.0,5.0,9.3,87100.38,1,0,4.3,86.04
961,2022-07-01,18.0,14.0,11.71,67128.21,2,0,2.29,16.39
T8727,2022-07-01,15.0,4.0,12.6,300.0,15,1,8.6,214.98
1795,2022-07-01,14.0,6.0,10.55,36940.23,3,0,4.55,75.9
1732,2022-07-01,228.0,19.0,32.41,768.88,5,1,13.41,70.57
958,2022-07-01,7.0,5.5,15.12,130716.51,2,0,9.62,174.95
915,2022-07-01,24.0,18.0,12.45,7995.83,12,0,5.55,30.86
1071,2022-07-01,2.0,4.0,11.88,155000.0,2,0,7.88,196.96
1015,2022-07-01,18.0,11.0,10.1,104056.36,10,0,0.9,8.15
1016,2022-07-01,14.0,2.0,10.4,121494.14,3,0,8.4,420.05
1926,2022-07-01,5.0,1.0,10.65,10600.0,5,0,9.65,965.07
T9568,2022-07-01,2.0,19.0,15.05,250.0,2,0,3.95,20.78
959,2022-07-01,49.0,11.5,12.24,138105.18,29,0,0.74,6.43
1071,2022-07-01,4.0,12.0,9.86,184000.0,5,0,2.14,17.84
959,2022-07-01,18.75,49.0,33.8,95055.4,5,0,15.2,31.01
T8724,2022-07-01,16.0,1.0,11.92,284.38,16,1,10.92,1092.42
1794,2022-07-01,4.0,4.0,9.35,20825.0,4,0,5.35,133.68
1005,2022-07-01,17.05,14.0,12.35,89526.49,5,0,1.65,11.79
1797,2022-07-01,16.0,61.0,30.41,27794.22,4,0,30.59,50.15
1797,2022-07-01,61.0,7.0,14.4,66562.23,43,0,7.4,105.78
1053,2022-07-01,4.5,2.0,12.11,261774.0,3,0,10.11,505.41
192,2022-07-01,21.0,5.0,14.12,9550.0,16,0,9.12,182.44
1798,2022-07-01,5.0,3.0,10.87,111700.13,3,0,7.87,262.42
1868,2022-07-01,2.0,4.0,8.54,25000.0,2,0,4.54,113.59
1018,2022-07-01,18.0,6.5,12.42,70206.69,1,0,5.92,91.08
2049,2022-07-01,38.0,16.0,11.54,13325.5,15,0,4.46,27.9
T8851,2022-07-01,8.0,8.0,13.18,100.0,2,1,5.18,64.72
1786,2022-07-01,3.0,1.0,10.32,15000.0,2,0,9.32,932.09
915,2022-07-01,4.0,24.0,12.1,6000.0,2,0,11.9,49.6
1002,2022-07-01,29.0,8.0,9.27,15442.14,2,0,1.27,15.93
1017,2022-07-01,13.0,8.5,13.42,121462.81,4,0,4.92,57.92
T8851,2022-07-01,8.0,4.0,12.06,200.0,2,1,8.06,201.6
1002,2022-07-01,8.0,13.0,8.66,114000.0,8,0,4.34,33.37
1737,2022-07-01,12.0,18.0,13.05,94093.59,3,0,4.95,27.5
1737,2022-07-01,18.0,6.0,11.1,113897.55,11,0,5.1,84.92
T8871,2022-07-01,34.0,11.0,14.63,1670.0,5,1,3.63,32.98
1880,2022-07-01,35.0,8.0,8.42,3213.04,23,1,0.42,5.24
936,2022-07-01,133.0,20.0,24.65,61367.42,80,1,4.65,23.27
1732,2022-07-01,19.0,51.0,29.75,1100.0,4,1,21.25,41.66
2049,2022-07-01,2.0,38.0,11.65,12000.0,2,0,26.35,69.33
1004,2022-07-01,9.45,20.0,20.55,87500.2,5,0,0.55,2.75
1070,2022-07-01,15.5,17.0,12.03,148400.14,7,0,4.97,29.23
960,2022-07-01,7.5,12.0,10.83,129444.44,9,0,1.17,9.77
1004,2022-07-01,20.0,23.5,14.48,122953.58,11,0,9.02,38.36
960,2022-07-01,30.0,7.5,17.16,104641.99,9,0,9.66,128.8
1749,2022-07-01,3.0,1.0,13.66,1000.0,2,0,12.66,1265.95
1749,2022-07-01,1.0,4.0,12.0,1100.0,1,0,8.0,200.08
1943,2022-07-01,2.0,2.0,9.0,800.0,1,0,7.0,349.78
T8726,2022-07-01,12.0,62.0,38.99,205.56,9,1,23.01,37.11
947,2022-07-01,21.0,43.0,31.31,170997.76,3,0,11.69,27.19
958,2022-07-01,21.0,7.0,18.72,138176.47,9,0,11.72,167.47
T8726,2022-07-01,62.0,11.0,16.8,203.13,32,1,5.8,52.71
T8871,2022-07-01,11.0,4.0,19.98,1660.0,10,0,15.98,399.38
1943,2022-07-01,2.0,2.0,13.92,700.0,1,0,11.92,596.11
1863,2022-07-01,8.0,1.0,8.59,2066.67,5,0,7.59,758.91
1053,2022-07-01,2.0,13.05,10.3,245000.0,2,0,2.75,21.06
1863,2022-07-01,1.0,4.0,11.07,2100.0,1,0,7.07,176.73
T9568,2022-07-01,19.0,4.0,8.37,340.0,5,1,4.37,109.15
T8727,2022-07-01,8.0,15.0,43.07,260.0,5,1,28.07,187.14
947,2022-07-01,43.0,5.5,10.12,219027.06,35,0,4.62,84.06
T8728,2022-07-01,55.0,61.0,20.22,740.63,32,1,40.78,66.85
1005,2022-07-01,14.0,9.5,11.11,120000.0,12,0,1.61,16.99
181,2022-07-01,53.0,17.0,19.17,8333.5,6,1,2.17,12.75
1804,2022-07-01,5.0,2.0,9.43,141940.0,5,0,7.43,371.59
1890,2022-07-01,9.0,37.0,28.88,2600.0,4,0,8.12,21.95
1014,2022-07-01,17.0,14.5,19.48,89355.66,15,0,4.98,34.33
1014,2022-07-01,14.5,33.5,19.43,115941.18,17,0,14.07,42.0
1020,2022-07-01,34.0,6.0,12.22,114000.0,19,0,6.22,103.7
T8731,2022-07-01,1.0,2.0,10.89,1100.0,1,0,8.89,444.52
1896,2022-07-01,169.0,53.0,21.57,2019.31,29,1,31.43,59.3
T8731,2022-07-01,12.0,1.0,9.71,1166.67,6,0,8.71,870.87
1043,2022-07-01,12.0,5.0,9.98,97035.53,5,0,4.98,99.64
184,2022-07-01,1.0,2.0,6.44,4000.0,1,0,4.44,222.09
1888,2022-07-01,7.0,2.0,9.73,6000.0,4,0,7.73,386.32
1043,2022-07-01,5.0,4.0,9.08,108000.0,5,0,5.08,127.09
935,2022-07-01,2.0,1.0,8.62,11500.0,2,0,7.62,762.46
929,2022-07-01,94.0,28.0,27.98,131702.47,81,0,0.02,0.07
184,2022-07-01,2.0,1.0,6.92,3800.0,2,0,5.92,592.49
1012,2022-07-01,6.0,2.0,9.73,218000.0,4,0,7.73,386.69
1024,2022-07-01,17.0,8.0,11.63,90047.88,12,0,3.63,45.37
1888,2022-07-01,5.0,7.0,10.42,5630.0,5,0,3.42,48.9
1024,2022-07-01,22.0,17.0,16.15,70532.09,6,0,0.85,5.03
1819,2022-07-01,17.0,8.0,12.21,50057.91,7,0,4.21,52.56
1021,2022-07-01,4.0,46.0,8.91,108000.0,2,0,37.09,80.64
1013,2022-07-01,32.5,14.5,20.27,119019.18,22,0,5.77,39.82
1013,2022-07-01,24.0,32.5,24.4,99281.97,11,0,8.1,24.91
934,2022-07-01,27.0,4.0,10.97,13000.0,23,0,6.97,174.36
934,2022-07-01,3.0,27.0,17.46,12500.0,2,0,9.54,35.33
1891,2022-07-01,16.0,4.0,8.17,107909.31,4,0,4.17,104.3
950,2022-07-01,10.0,2.0,7.84,116865.16,5,0,5.84,291.77
1023,2022-07-01,23.5,8.0,16.05,90353.76,9,0,8.05,100.61
1023,2022-07-01,8.0,8.0,13.46,66267.56,2,0,5.46,68.31
950,2022-07-01,6.0,10.0,11.85,36911.29,2,0,1.85,18.49
1890,2022-07-01,37.0,5.0,12.0,2651.92,26,1,7.0,140.0
1891,2022-07-01,4.0,5.0,8.26,127000.0,2,0,3.26,65.28
1895,2022-07-01,210.0,10.0,13.72,1089.59,27,1,3.72,37.18
181,2022-07-01,17.0,4.0,12.06,10582.35,17,0,8.06,201.59
T9547,2022-07-01,261.0,10.0,16.81,205.96,92,1,6.81,68.1
1804,2022-07-01,6.0,5.0,10.12,1.0,2,1,5.12,102.38
1020,2022-07-01,9.0,34.0,20.3,94356.09,5,0,13.7,40.31
1009,2022-07-01,10.0,4.0,7.37,74406.55,1,0,3.37,84.35
1015,2022-07-01,20.5,18.0,10.82,86933.49,5,0,7.18,39.91
957,2022-07-01,79.0,73.0,57.36,165235.88,55,0,15.64,21.43
T8729,2022-07-01,6.0,39.0,22.48,650.0,3,0,16.52,42.37
1800,2022-07-01,61.0,5.0,16.02,33409.68,27,0,11.02,220.32
1048,2022-07-01,17.0,51.0,12.3,73351.25,2,0,38.7,75.88
1048,2022-07-01,51.0,6.0,12.7,84844.82,34,0,6.7,111.67
1800,2022-07-01,6.0,61.0,26.58,33100.0,3,0,34.42,56.43
186,2022-07-01,26.0,1.0,15.84,8456.25,16,0,14.84,1484.11
T8850,2022-07-01,81.0,1.0,12.95,162.16,37,1,11.95,1195.47
935,2022-07-01,1.0,3.0,8.26,12000.0,1,0,5.26,175.24
192,2022-07-01,10.0,21.0,18.35,9880.0,10,0,2.65,12.61
1052,2022-07-01,2.0,5.0,9.98,283466.33,1,0,4.98,99.65
916,2022-07-01,28.0,60.0,26.07,11992.86,28,0,33.93,56.54
1018,2022-07-01,6.5,10.0,9.35,143071.43,7,0,0.65,6.49
1052,2022-07-01,5.0,18.5,11.67,300000.0,3,0,6.83,36.94
957,2022-07-01,82.75,79.0,69.44,137370.38,29,0,9.56,12.11
948,2022-07-01,40.0,1.5,11.44,211925.93,27,0,9.94,662.96
1802,2022-07-01,7.0,22.0,10.74,239539.21,4,0,11.26,51.16
1044,2022-07-01,14.0,12.0,10.09,96000.0,8,0,1.91,15.95
1044,2022-07-01,26.0,14.0,11.7,89063.17,5,0,2.3,16.44
T9563,2022-07-01,5.0,47.0,36.95,216.67,3,1,10.05,21.37
1016,2022-07-01,2.0,4.0,9.47,158000.0,1,0,5.47,136.64
186,2022-07-01,2.0,26.0,16.7,8000.0,1,0,9.3,35.75
190,2022-07-01,2.0,7.0,11.02,8000.0,1,0,4.02,57.37
956,2022-07-01,238.0,44.5,39.84,178377.43,123,2,4.66,10.48
190,2022-07-01,7.0,24.0,12.69,8442.86,7,0,11.31,47.14
1802,2022-07-01,22.0,4.0,11.12,268242.84,20,0,7.12,178.12
T9226,2022-07-01,5.0,3.0,12.8,200.0,3,1,9.8,326.55
T8729,2022-07-01,39.0,12.0,11.42,700.0,9,1,0.58,4.86
T8724,2022-07-01,6.0,16.0,18.49,150.0,4,1,2.49,15.54
1006,2022-07-01,18.5,6.0,10.06,82870.75,4,0,4.06,67.75
1902,2022-07-01,2.0,10.0,16.29,21000.0,1,0,6.29,62.95
1902,2022-07-01,10.0,6.0,8.18,21100.0,5,0,2.18,36.4
T9563,2022-07-01,47.0,8.0,15.18,223.53,17,1,7.18,89.77
972,2022-07-01,13.0,4.0,10.47,196815.38,13,0,6.47,161.75
1719,2022-07-01,6.0,2.0,8.35,1600.0,6,0,6.35,317.52
1196,2022-07-01,14.0,19.0,14.87,7006.38,8,0,4.13,21.71
1396,2022-07-01,1.0,9.0,12.09,46000.0,1,0,3.09,34.35
1194,2022-07-01,12.0,1.0,10.03,8000.0,3,0,9.03,902.92
1194,2022-07-01,1.0,8.0,15.31,1.0,1,1,7.31,91.34
1395,2022-07-01,10.0,3.0,8.59,126678.85,6,0,5.59,186.27
1195,2022-07-01,315.0,66.0,63.15,8324.76,101,1,2.85,4.31
1390,2022-07-01,19.0,6.0,8.81,84562.82,18,0,2.81,46.83
T6533,2022-07-01,15.0,16.0,17.55,500.0,15,1,1.55,9.71
1196,2022-07-01,8.0,14.0,17.76,8125.0,4,0,3.76,26.88
1387,2022-07-01,22.0,4.0,12.13,135600.0,22,0,8.13,203.37
1387,2022-07-01,7.0,22.0,14.53,73044.95,5,0,7.47,33.95
T232,2022-07-01,141.0,7.0,18.07,500.0,8,1,11.07,158.13
1377,2022-07-01,11.0,2.0,7.9,103107.62,3,0,5.9,295.21
T6534,2022-07-01,2.0,24.0,18.53,750.0,1,0,5.47,22.79
T6532,2022-07-01,2.0,5.0,16.53,600.0,1,0,11.53,230.59
2052,2022-07-01,3.0,5.0,11.47,45166.67,3,0,6.47,129.4
T6532,2022-07-01,3.0,2.0,12.07,575.0,2,0,10.07,503.54
1202,2022-07-01,35.0,21.0,18.75,9600.0,5,0,2.25,10.73
1356,2022-07-01,77.0,6.0,12.2,102078.37,54,0,6.2,103.4
T240,2022-07-01,14.0,41.0,31.2,610.0,5,1,9.8,23.9
1202,2022-07-01,21.0,3.0,18.32,8250.25,4,0,15.32,510.64
T240,2022-07-01,41.0,22.0,14.93,600.0,25,1,7.07,32.16
1356,2022-07-01,11.0,77.0,23.84,71286.0,7,0,53.16,69.04
1204,2022-07-01,8.0,37.0,13.93,10200.0,5,0,23.07,62.36
T6525,2022-07-01,8.0,1.0,12.52,850.0,4,0,11.52,1152.17
T179,2022-07-01,154.0,43.0,34.4,400.0,30,1,8.6,20.0
T6534,2022-07-01,24.0,6.0,9.23,680.0,5,1,3.23,53.78
1351,2022-07-01,7.0,11.0,9.92,11800.0,7,0,1.08,9.78
1169,2022-07-01,2.0,51.0,26.68,25000.0,1,0,24.32,47.68
1162,2022-07-01,36.0,5.0,15.18,502.5,10,1,10.18,203.59
1485,2022-07-01,52.0,1.0,8.64,15805.65,29,0,7.64,764.0
T131,2022-07-01,2.0,6.0,12.38,50.0,2,1,6.38,106.26
T131,2022-07-01,6.0,19.0,14.22,200.0,2,1,4.78,25.13
1485,2022-07-01,2.0,52.0,14.29,16000.0,2,0,37.71,72.51
1163,2022-07-01,57.0,61.0,31.56,417.65,16,1,29.44,48.27
1163,2022-07-01,61.0,2.0,16.12,421.21,33,1,14.12,705.92
1476,2022-07-01,13.0,44.0,26.24,5806.25,8,0,17.76,40.37
T132,2022-07-01,28.0,26.0,22.08,100.0,14,1,3.92,15.06
1476,2022-07-01,33.0,13.0,20.09,5875.0,4,0,7.09,54.52
T6536,2022-07-01,1.0,1.0,11.91,900.0,1,0,10.91,1091.2
1423,2022-07-01,42.0,4.0,11.21,3000.0,42,1,7.21,180.14
T177,2022-07-01,333.0,8.0,22.42,201.54,65,1,14.42,180.25
1423,2022-07-01,6.0,42.0,16.98,3916.67,6,0,25.02,59.58
1169,2022-07-01,51.0,21.0,14.02,23477.89,9,0,6.98,33.25
T134,2022-07-01,41.0,8.0,16.63,200.0,13,1,8.63,107.82
1184,2022-07-01,184.0,24.0,25.36,15147.23,108,1,1.36,5.65
1415,2022-07-01,21.0,12.0,9.58,169333.33,18,0,2.42,20.14
T171,2022-07-01,425.0,6.0,15.7,200.65,134,2,9.7,161.67
1413,2022-07-01,10.0,4.0,11.13,71356.57,1,0,7.13,178.19
1185,2022-07-01,33.0,2.0,12.08,13827.32,22,0,10.08,503.96
1410,2022-07-01,7.0,40.0,8.74,78000.0,4,0,31.26,78.16
T175,2022-07-01,151.0,28.0,20.28,209.18,49,1,7.72,27.55
1190,2022-07-01,2.0,2.0,9.62,11500.0,1,0,7.62,380.95
1354,2022-07-01,63.0,4.0,12.55,14083.33,9,0,8.55,213.76
1204,2022-07-01,37.0,3.0,10.44,9444.5,18,0,7.44,247.87
T8720,2022-07-01,39.0,53.0,26.67,205.56,18,1,26.33,49.68
T6510,2022-07-01,1.0,43.0,30.34,300.0,1,0,12.66,29.43
1303,2022-07-01,14.0,3.0,9.19,8228.57,14,0,6.19,206.21
1301,2022-07-01,18.0,20.0,9.22,7400.0,9,0,10.78,53.9
1234,2022-07-01,7.0,4.0,10.2,8085.86,7,0,6.2,155.04
1240,2022-07-01,3.0,6.0,11.3,18000.0,3,0,5.3,88.36
T6328,2022-07-01,1.0,2.0,12.71,400.0,1,0,10.71,535.28
1240,2022-07-01,6.0,4.0,8.69,14800.2,5,0,4.69,117.22
1293,2022-07-01,42.0,57.0,32.02,800.0,17,1,24.98,43.82
1293,2022-07-01,24.0,42.0,40.42,621.43,7,1,1.58,3.76
1292,2022-07-01,57.0,30.0,26.2,4679.53,17,1,3.8,12.67
1292,2022-07-01,25.0,57.0,45.28,5022.73,11,0,11.72,20.56
T6521,2022-07-01,84.0,4.0,12.99,400.0,40,1,8.99,224.68
T6510,2022-07-01,43.0,5.0,13.67,365.38,26,1,8.67,173.42
1311,2022-07-01,1.0,5.0,10.45,9000.0,1,0,5.45,108.99
1280,2022-07-01,6.0,1.0,8.05,8000.0,6,0,7.05,704.83
1280,2022-07-01,2.0,6.0,7.77,8025.0,2,0,1.77,29.52
1253,2022-07-01,3.0,14.0,10.55,147532.39,1,0,3.45,24.64
1253,2022-07-01,14.0,7.0,8.38,194887.11,13,0,1.38,19.74
1274,2022-07-01,8.0,2.0,8.84,109437.5,8,0,6.84,342.08
1274,2022-07-01,1.0,8.0,10.1,105000.0,1,0,2.1,26.21
1269,2022-07-01,3.0,2.0,9.14,2600.0,1,0,7.14,356.88
1269,2022-07-01,4.0,3.0,8.36,2500.0,2,0,5.36,178.52
1265,2022-07-01,52.0,3.0,16.09,10835.71,28,1,13.09,436.38
1265,2022-07-01,17.0,52.0,34.35,8027.78,9,0,17.65,33.95
1260,2022-07-01,18.0,9.0,9.87,36994.44,18,0,0.87,9.68
1234,2022-07-01,30.0,7.0,12.29,6500.0,1,0,5.29,75.62
1311,2022-07-01,5.0,1.0,10.22,9500.0,3,0,9.22,921.62
1351,2022-07-01,3.0,7.0,17.01,10000.0,2,0,10.01,143.04
T284,2022-07-01,56.0,16.0,15.28,400.0,10,1,0.72,4.52
T281,2022-07-01,42.0,8.0,11.64,600.0,14,1,3.64,45.55
1205,2022-07-01,1.0,8.0,9.84,10000.0,1,0,1.84,22.96
1350,2022-07-01,15.0,18.0,15.53,700.0,5,1,2.47,13.7
T283,2022-07-01,38.0,28.0,30.85,307.14,7,1,2.85,10.19
1205,2022-07-01,8.0,16.0,13.76,8571.57,7,0,2.24,14.0
1350,2022-07-01,9.0,15.0,18.06,725.0,2,0,3.06,20.41
T6524,2022-07-01,68.0,4.0,9.04,723.53,17,1,5.04,125.96
T6524,2022-07-01,1.0,68.0,28.83,700.0,1,0,39.17,57.61
1206,2022-07-01,37.0,29.0,32.05,10343.1,28,0,3.05,10.51
T284,2022-07-01,16.0,56.0,34.69,400.0,5,1,21.31,38.05
1206,2022-07-01,29.0,11.0,20.4,10168.23,22,0,9.4,85.47
1329,2022-07-01,26.0,8.0,16.82,21211.54,26,0,8.82,110.26
T6522,2022-07-01,2.0,10.0,14.96,450.0,2,0,4.96,49.59
1329,2022-07-01,3.0,26.0,18.33,21666.67,3,0,7.67,29.49
1327,2022-07-01,4.0,10.0,9.28,37000.0,4,0,0.72,7.23
1322,2022-07-01,14.0,3.0,8.1,1292.86,14,0,5.1,170.14
1322,2022-07-01,1.0,14.0,8.63,1500.0,1,0,5.37,38.32
1211,2022-07-01,67.0,4.0,9.23,10467.94,53,1,5.23,130.78
1231,2022-07-01,189.0,19.0,29.16,10396.89,64,1,10.16,53.47
1321,2022-07-01,21.0,5.0,8.93,895.24,21,1,3.93,78.69
1321,2022-07-01,5.0,21.0,13.87,1000.0,3,0,7.13,33.95
T5315,2022-07-01,144.0,7.0,11.46,134.0,39,1,4.46,63.68
T6522,2022-07-01,10.0,6.0,10.73,500.0,10,1,4.73,78.88
1320,2022-07-01,3.0,1.0,8.06,23133.33,3,0,7.06,706.17
1486,2022-07-01,21.0,12.0,11.45,32399.0,16,0,0.55,4.59
1161,2022-07-01,52.0,1.0,15.67,206.67,15,1,14.67,1467.46
T130,2022-07-01,17.0,6.0,8.87,100.0,15,1,2.87,47.79
1667,2022-07-01,19.0,2.0,8.34,171361.75,13,0,6.34,316.76
970,2022-07-01,11.0,18.0,15.11,79154.45,3,0,2.89,16.07
1078,2022-07-01,0.5,21.0,11.16,219500.0,1,0,9.84,46.83
970,2022-07-01,18.0,11.0,8.93,119000.0,10,0,2.07,18.82
T7168,2022-07-01,29.0,5.0,11.81,300.0,14,1,6.81,136.26
1686,2022-07-01,17.0,17.0,13.11,16900.0,11,0,3.89,22.87
1686,2022-07-01,1.0,17.0,11.17,16000.0,1,0,5.83,34.31
1109,2022-07-01,92.0,60.0,22.84,6313.04,46,1,37.16,61.94
T7167,2022-07-01,19.0,3.0,11.65,200.0,17,1,8.65,288.47
T7167,2022-07-01,2.0,19.0,28.34,200.0,2,0,9.34,49.17
971,2022-07-01,13.0,37.0,17.01,106487.66,4,0,19.99,54.02
971,2022-07-01,37.0,2.0,10.49,135923.08,26,0,8.49,424.45
1667,2022-07-01,5.0,19.0,13.78,101700.4,5,0,5.22,27.49
1077,2022-07-01,6.0,12.5,10.91,227000.0,3,0,1.59,12.74
T7166,2022-07-01,100.0,3.0,13.7,107.14,28,1,10.7,356.78
972,2022-07-01,20.0,13.0,9.06,182381.77,7,0,3.94,30.34
1110,2022-07-01,379.0,70.0,24.17,7667.95,39,1,45.83,65.48
1257,2022-07-01,2.0,4.0,9.12,10000.0,1,0,5.12,127.9
1637,2022-07-01,9.0,1.0,9.38,244700.0,9,0,8.38,838.38
1636,2022-07-01,2.0,5.0,8.48,197800.0,2,0,3.48,69.67
1636,2022-07-01,10.0,2.0,13.83,80068.36,4,0,11.83,591.63
1634,2022-07-01,1.0,7.0,11.41,28000.0,1,0,4.41,63.07
1626,2022-07-01,9.0,23.0,11.26,6950.0,9,0,11.74,51.02
T7161,2022-07-01,68.0,8.0,24.2,142.65,26,1,16.2,202.46
T7161,2022-07-01,250.0,68.0,48.52,50.5,2,1,19.48,28.65
1687,2022-07-01,1.0,64.0,36.26,1500.0,1,0,27.74,43.34
1077,2022-07-01,10.0,6.0,9.39,185745.0,8,0,3.39,56.5
T130,2022-07-01,8.0,17.0,20.28,50.0,2,1,3.28,19.29
1698,2022-07-01,2.0,3.0,9.19,3800.0,2,0,6.19,206.19
T8720,2022-07-01,3.0,39.0,28.55,150.0,3,0,10.45,26.79
1713,2022-07-01,26.0,11.0,10.03,1531.25,16,1,0.97,8.85
1073,2022-07-01,29.0,32.5,23.55,152247.08,16,0,8.95,27.55
1073,2022-07-01,32.5,29.0,22.56,190915.48,24,0,6.44,22.2
1712,2022-07-01,81.0,9.0,12.25,804.21,38,1,3.25,36.13
1706,2022-07-01,25.0,5.0,8.87,8809.52,21,0,3.87,77.44
1706,2022-07-01,3.0,25.0,11.99,8000.0,2,0,13.01,52.05
T8719,2022-07-01,12.0,2.0,11.39,100.0,3,1,9.39,469.46
1698,2022-07-01,3.0,1.0,8.92,2600.0,2,0,7.92,791.71
1074,2022-07-01,10.5,11.5,19.67,149050.0,10,0,8.17,71.07
1074,2022-07-01,11.5,25.25,20.78,177562.5,16,0,4.47,17.72
T8564,2022-07-01,54.0,7.0,11.8,200.0,32,1,4.8,68.53
T7169,2022-07-01,4.0,5.0,14.38,300.0,2,0,9.38,187.66
1075,2022-07-01,6.0,9.0,9.95,150354.75,4,0,0.95,10.58
1695,2022-07-01,224.0,1.0,11.84,14837.15,9,1,10.84,1083.85
1075,2022-07-01,9.0,17.25,9.86,155777.78,9,0,7.39,42.82
1076,2022-07-01,1.0,1.0,6.89,219500.0,1,0,5.89,588.86
967,2022-07-01,54.0,1.5,15.14,133599.97,8,0,13.64,909.45
169,2022-07-01,19.0,2.0,10.05,6205.26,10,0,8.05,402.53
169,2022-07-01,5.0,19.0,11.39,6000.0,5,0,7.61,40.07
969,2022-07-01,24.0,10.0,14.47,117874.85,4,0,4.47,44.71
969,2022-07-01,10.0,12.0,11.53,117790.9,6,0,0.47,3.94
1688,2022-07-01,102.0,44.0,21.0,1102.5,38,1,23.0,52.28
T7169,2022-07-01,5.0,10.0,13.66,300.0,5,0,3.66,36.6
1610,2022-07-01,40.0,2.0,12.86,305504.38,12,0,10.86,543.19
978,2022-07-01,12.0,3.0,8.19,186421.46,8,0,5.19,172.95
1610,2022-07-01,2.0,40.0,20.23,305000.0,2,0,19.77,49.43
BANDASPOOL,2022-07-01,13.0,2.0,12.89,17727.27,11,0,10.89,544.32
1559,2022-07-01,43.0,12.5,10.21,105082.9,25,0,2.29,18.32
1559,2022-07-01,21.0,43.0,14.7,80887.74,4,0,28.3,65.81
1556,2022-07-01,181.0,22.0,22.97,57860.49,56,1,0.97,4.4
1120,2022-07-01,2.0,4.0,11.09,11000.0,1,0,7.09,177.32
1549,2022-07-01,34.0,2.0,9.8,40100.0,27,0,7.8,389.94
1549,2022-07-01,1.0,34.0,13.17,38000.0,1,0,20.83,61.26
1123,2022-07-01,22.0,4.0,11.3,6500.0,11,0,7.3,182.47
1534,2022-07-01,38.0,1.0,10.38,1775.0,4,1,9.38,938.12
1534,2022-07-01,17.0,38.0,22.38,1700.0,4,0,15.62,41.11
1525,2022-07-01,3.0,4.0,10.39,12500.0,1,0,6.39,159.8
1129,2022-07-01,21.0,14.0,12.59,21813.25,6,0,1.41,10.04
T6556,2022-07-01,8.0,54.0,31.14,1500.0,4,0,22.86,42.32
1112,2022-07-01,127.0,72.0,27.35,10096.15,49,1,44.65,62.02
T6556,2022-07-01,6.0,8.0,16.86,1466.67,3,0,8.86,110.75
1129,2022-07-01,14.0,4.0,10.97,26000.0,7,0,6.97,174.14
1498,2022-07-01,1.0,6.0,14.33,11500.0,1,0,8.33,138.87
1160,2022-07-01,362.0,55.0,37.97,302.61,115,1,17.03,30.96
1497,2022-07-01,5.0,4.0,12.11,14200.0,2,0,8.11,202.69
1496,2022-07-01,78.0,4.0,11.16,14855.0,40,1,7.16,179.05
1496,2022-07-01,4.0,78.0,37.02,14000.0,2,0,40.98,52.53
1495,2022-07-01,93.0,8.0,12.25,19466.67,33,1,4.25,53.08
1494,2022-07-01,25.0,14.0,13.11,17400.0,7,0,0.89,6.38
1161,2022-07-01,9.0,52.0,39.4,150.0,3,1,12.6,24.23
1494,2022-07-01,10.0,25.0,20.62,18350.0,2,0,4.38,17.51
1117,2022-07-01,63.0,6.0,13.57,15105.56,9,0,7.57,126.13
1117,2022-07-01,8.0,63.0,35.22,18875.0,4,0,27.78,44.1
1568,2022-07-01,9.0,3.0,8.83,20600.0,5,0,5.83,194.47
1568,2022-07-01,3.0,28.0,12.39,24300.0,3,0,15.61,55.73
1608,2022-07-01,43.0,5.0,14.37,83077.0,13,0,9.37,187.45
1608,2022-07-01,3.0,43.0,26.54,85000.0,2,0,16.46,38.27
1607,2022-07-01,180.0,9.0,16.1,87612.67,71,1,7.1,78.86
160,2022-07-01,13.0,2.0,9.84,10553.85,13,0,7.84,391.82
1113,2022-07-01,7.0,55.0,47.5,13625.0,4,0,7.5,13.64
1593,2022-07-01,8.0,4.0,8.21,51434.78,1,0,4.21,105.2
1593,2022-07-01,11.0,8.0,9.13,58352.76,6,0,1.13,14.16
988,2022-07-01,11.0,2.0,11.66,141795.01,3,0,9.66,483.17
988,2022-07-01,2.0,2.0,10.08,189000.0,2,0,8.08,404.23
1113,2022-07-01,55.0,16.0,20.67,15125.06,16,0,4.67,29.17
1114,2022-07-01,226.0,6.0,19.36,12904.04,25,1,13.36,222.73
159,2022-07-01,55.0,9.0,14.65,2600.0,22,1,5.65,62.79
159,2022-07-01,16.0,55.0,37.75,2375.0,4,0,17.25,31.37
1587,2022-07-01,11.0,8.0,8.02,103493.73,7,0,0.02,0.25
1115,2022-07-01,136.0,6.0,12.52,14793.75,16,1,6.52,108.67
1581,2022-07-01,24.0,14.0,9.43,26250.0,12,0,4.57,32.61
1581,2022-07-01,6.0,24.0,12.13,20625.0,4,0,11.87,49.45
1577,2022-07-01,128.0,10.0,13.38,50915.79,19,0,3.38,33.82
1116,2022-07-01,16.0,45.0,31.93,16166.67,6,0,13.07,29.04
1116,2022-07-01,45.0,7.0,14.81,20004.17,24,0,7.81,111.62
1571,2022-07-01,28.0,9.0,11.09,96000.0,22,0,2.09,23.21
994,2022-07-01,10.0,2.0,8.49,127115.72,3,0,6.49,324.25
T7120,2022-07-01,80.0,5.0,12.73,2100.0,25,1,7.73,154.65
2077,2022-07-01,8.0,6.0,12.06,11000.0,8,0,6.06,100.95
1001,2022-07-01,5.0,1.0,7.12,139520.91,4,0,6.12,612.14
2052,2022-07-01,5.0,5.0,9.27,52375.0,4,0,4.27,85.44
476,2022-07-01,14.0,1.0,9.11,158183.93,10,0,8.11,810.88
280,2022-07-01,72.0,5.0,13.9,16900.0,72,1,8.9,177.92
280,2022-07-01,7.0,72.0,14.8,16383.33,6,0,57.2,79.44
493,2022-07-01,15.0,2.0,8.57,43181.91,11,0,6.57,328.63
279,2022-07-01,3.0,3.0,9.99,3000.0,2,0,6.99,232.93
498,2022-07-01,20.0,26.0,13.19,10900.0,1,0,12.81,49.28
498,2022-07-01,26.0,3.0,9.91,17812.56,16,0,6.91,230.44
692,2022-07-01,56.0,16.0,17.36,6095.45,10,1,1.36,8.48
278,2022-07-01,133.0,9.0,11.77,3844.6,20,1,2.77,30.76
500,2022-07-01,4.0,39.0,12.13,15100.0,4,0,26.87,68.9
2778,2022-07-01,29.0,4.0,7.96,10563.38,6,0,3.96,98.93
276,2022-07-01,115.0,22.0,17.57,17701.68,59,1,4.43,20.12
2757,2022-07-01,41.0,47.0,18.36,25894.74,19,0,28.64,60.94
502,2022-07-01,4.0,30.0,11.58,15250.0,3,0,18.42,61.41
2757,2022-07-01,4.0,41.0,25.32,25666.67,3,0,15.68,38.25
274,2022-07-01,16.0,35.0,16.6,7262.5,16,0,18.4,52.57
502,2022-07-01,30.0,1.0,9.83,13333.5,6,0,8.83,882.69
272,2022-07-01,1.0,21.0,9.21,50000.0,1,0,11.79,56.12
271,2022-07-01,3.0,27.0,11.52,31700.0,3,0,15.48,57.32
271,2022-07-01,12.0,3.0,14.58,30222.22,9,0,11.58,386.16
507,2022-07-01,95.0,28.0,14.13,2976.53,17,1,13.87,49.52
518,2022-07-01,11.0,1.0,12.41,39950.0,2,0,11.41,1140.59
603,2022-07-01,43.0,1.0,11.88,9000.0,43,1,10.88,1087.76
284,2022-07-01,4.0,40.0,12.0,4875.0,4,0,28.0,69.99
2703,2022-07-01,2.0,2.0,8.31,107426.47,2,0,6.31,315.43
284,2022-07-01,40.0,52.0,20.51,4678.57,28,1,31.49,60.56
292,2022-07-01,97.0,1.0,7.66,7825.0,22,1,6.66,665.7
455,2022-07-01,10.0,55.0,42.28,6000.0,4,0,12.72,23.13
455,2022-07-01,55.0,5.0,23.39,6300.0,22,1,18.39,367.74
684,2022-07-01,26.0,39.0,19.79,18333.33,3,0,19.21,49.27
684,2022-07-01,39.0,13.0,18.03,6334.0,3,0,5.03,38.69
290,2022-07-01,13.0,8.0,11.46,4700.0,9,0,3.46,43.2
290,2022-07-01,4.0,13.0,12.78,4500.0,2,0,0.22,1.69
457,2022-07-01,89.0,15.0,17.48,84607.8,29,0,2.48,16.54
605,2022-07-01,13.0,36.0,15.38,4200.0,13,0,20.62,57.28
685,2022-07-01,4.0,32.0,16.87,1.0,2,1,15.13,47.3
605,2022-07-01,2.0,13.0,15.83,4500.0,2,0,2.83,21.76
469,2022-07-01,1.0,3.0,8.6,17000.0,1,0,5.6,186.62
288,2022-07-01,7.0,1.0,12.55,10000.0,5,0,11.55,1155.22
604,2022-07-01,3.0,7.0,13.17,4066.67,3,0,6.17,88.08
2879,2022-07-01,99.0,15.0,21.89,49742.42,99,1,6.89,45.95
470,2022-07-01,6.0,4.0,13.99,12000.0,4,0,9.99,249.71
686,2022-07-01,20.0,16.0,14.65,12150.0,1,0,1.35,8.41
686,2022-07-01,16.0,3.0,10.84,1.0,2,1,7.84,261.41
470,2022-07-01,4.0,3.0,16.81,12775.0,4,0,13.81,460.36
476,2022-07-01,2.0,14.0,8.94,155000.0,2,0,5.06,36.15
687,2022-07-01,3.0,2.0,7.83,16000.0,1,0,5.83,291.64
2703,2022-07-01,2.0,5.0,7.49,101629.57,1,0,2.49,49.81
518,2022-07-01,1.0,3.0,8.61,58000.0,1,0,5.61,187.08
2481,2022-07-01,7.0,2.0,8.76,40000.0,7,0,6.76,337.83
701,2022-07-01,63.0,3.0,11.03,2964.57,7,1,8.03,267.75
591,2022-07-01,87.0,17.0,22.9,6323.68,38,1,5.9,34.71
264,2022-07-01,4.0,58.0,19.7,66650.0,4,0,38.3,66.04
264,2022-07-01,2.0,4.0,6.99,66000.0,2,0,2.99,74.68
533,2022-07-01,10.0,10.0,16.41,9222.22,9,0,6.41,64.06
533,2022-07-01,10.0,8.0,14.35,8477.78,9,0,6.35,79.38
261,2022-07-01,33.0,29.0,11.26,29307.69,26,0,17.74,61.18
2552,2022-07-01,6.0,4.0,9.78,8622.74,1,0,5.78,144.54
704,2022-07-01,6.0,68.0,33.65,2666.67,6,0,34.35,50.52
704,2022-07-01,68.0,8.0,12.01,3010.02,45,1,4.01,50.07
534,2022-07-01,5.0,5.0,9.71,7500.0,4,0,4.71,94.19
534,2022-07-01,5.0,15.0,11.72,7880.0,5,0,3.28,21.87
2533,2022-07-01,136.0,8.0,11.28,12488.59,69,1,3.28,41.04
2521,2022-07-01,137.0,36.0,10.52,18744.35,68,1,25.48,70.78
589,2022-07-01,10.0,16.0,14.56,8500.0,10,0,1.44,9.0
589,2022-07-01,8.0,10.0,13.97,9916.67,6,0,3.97,39.72
252,2022-07-01,640.0,65.0,57.05,23606.78,410,2,7.95,12.24
705,2022-07-01,96.0,3.0,9.78,3385.79,28,1,6.78,225.95
251,2022-07-01,246.0,17.0,31.06,30394.16,177,2,14.06,82.7
2501,2022-07-01,18.0,1.0,10.9,283900.0,13,0,9.9,989.61
2501,2022-07-01,8.0,18.0,11.35,286875.0,8,0,6.65,36.93
2499,2022-07-01,2.0,1.0,9.08,185762.81,1,0,8.08,808.28
532,2022-07-01,43.0,21.0,21.35,19513.51,37,0,0.35,1.67
701,2022-07-01,3.0,63.0,32.17,3700.0,3,0,30.83,48.93
270,2022-07-01,40.0,2.0,7.63,31062.5,40,0,5.63,281.74
532,2022-07-01,19.0,43.0,22.56,18721.43,14,0,20.44,47.54
270,2022-07-01,3.0,40.0,13.32,30000.0,3,0,26.68,66.7
269,2022-07-01,46.0,1.0,10.68,31700.0,14,0,9.68,968.49
269,2022-07-01,2.0,46.0,29.44,30000.0,2,0,16.56,36.0
595,2022-07-01,7.0,46.0,9.32,10514.29,7,0,36.68,79.74
595,2022-07-01,3.0,7.0,11.58,10166.67,3,0,4.58,65.39
698,2022-07-01,152.0,6.0,11.8,3927.32,22,1,5.8,96.59
2685,2022-07-01,82.0,12.0,11.72,20665.35,54,1,0.28,2.34
268,2022-07-01,43.0,1.0,9.93,31660.47,43,0,8.93,892.53
268,2022-07-01,6.0,43.0,16.92,30250.0,6,0,26.08,60.65
2660,2022-07-01,13.0,9.0,14.47,41153.85,13,0,5.47,60.82
2660,2022-07-01,4.0,13.0,20.84,53750.0,4,0,7.84,60.34
527,2022-07-01,18.0,27.0,27.44,12246.15,13,0,0.44,1.62
594,2022-07-01,6.0,3.0,11.56,21160.0,5,0,8.56,285.38
266,2022-07-01,8.0,62.0,18.1,21100.0,8,0,43.9,70.81
266,2022-07-01,3.0,8.0,9.59,20000.0,3,0,1.59,19.84
594,2022-07-01,4.0,6.0,16.41,20250.0,4,0,10.41,173.55
531,2022-07-01,2.0,13.0,12.7,24000.0,2,0,0.3,2.31
531,2022-07-01,13.0,1.0,9.56,21000.0,13,0,8.56,855.96
2645,2022-07-01,2.0,10.0,12.2,200.0,1,0,2.2,22.04
593,2022-07-01,1.0,3.0,8.34,25300.0,1,0,5.34,178.14
593,2022-07-01,3.0,1.0,10.49,24000.0,3,0,9.49,948.75
453,2022-07-01,28.0,10.0,9.57,55920.83,24,0,0.43,4.27
451,2022-07-01,18.0,16.0,11.51,32752.09,9,0,4.49,28.08
451,2022-07-01,5.0,18.0,12.17,33200.0,5,0,5.83,32.41
362,2022-07-01,78.0,10.0,15.37,1712.5,28,1,5.37,53.7
638,2022-07-01,4.0,23.0,17.41,6500.0,4,0,5.59,24.32
638,2022-07-01,23.0,1.0,12.45,4725.25,4,0,11.45,1144.69
424,2022-07-01,10.0,24.0,16.13,29843.0,1,0,7.87,32.8
626,2022-07-01,4.0,7.0,12.32,600.0,3,0,5.32,75.95
358,2022-07-01,122.0,19.0,13.32,2298.78,41,1,5.68,29.88
626,2022-07-01,7.0,4.0,13.15,625.0,2,0,9.15,228.67
357,2022-07-01,6.0,6.0,19.39,2300.0,5,0,13.39,223.21
357,2022-07-01,103.0,6.0,13.85,1830.45,3,1,7.85,130.76
425,2022-07-01,147.0,9.0,24.86,26956.18,85,1,15.86,176.18
426,2022-07-01,17.0,6.0,8.71,38593.51,7,0,2.71,45.16
64,2022-07-01,3.0,14.0,13.52,90166.67,3,0,0.48,3.41
624,2022-07-01,25.0,61.0,45.16,715.38,12,1,15.84,25.96
64,2022-07-01,14.0,2.0,8.97,95000.0,14,0,6.97,348.57
356,2022-07-01,15.0,10.0,10.12,41453.33,15,0,0.12,1.16
356,2022-07-01,4.0,15.0,10.84,40000.0,4,0,4.16,27.72
430,2022-07-01,4.0,19.0,20.38,34666.67,3,0,1.38,7.25
430,2022-07-01,19.0,13.0,16.19,35190.1,10,0,3.19,24.52
644,2022-07-01,10.0,1.0,10.96,26720.0,10,0,9.96,995.82
355,2022-07-01,3.0,2.0,10.51,31700.0,3,0,8.51,425.3
431,2022-07-01,125.0,29.0,30.07,41607.15,84,1,1.07,3.69
355,2022-07-01,4.0,3.0,11.51,34000.0,4,0,8.51,283.65
362,2022-07-01,7.0,78.0,58.34,1600.0,3,0,19.66,25.2
420,2022-07-01,5.0,1.0,9.6,1.0,1,1,8.6,859.73
296,2022-07-01,142.0,2.0,10.46,18818.47,7,1,8.46,422.97
363,2022-07-01,257.0,15.0,21.89,1498.94,94,1,6.89,45.95
633,2022-07-01,15.0,33.0,20.73,866.67,9,1,12.27,37.17
385,2022-07-01,54.0,70.0,56.28,54150.85,13,0,13.72,19.6
385,2022-07-01,70.0,10.0,22.9,59557.15,28,0,12.9,128.96
380,2022-07-01,2.0,2.0,10.81,1.0,1,1,8.81,440.31
631,2022-07-01,141.0,52.0,48.39,1144.32,88,1,3.61,6.94
634,2022-07-01,103.0,9.0,14.78,500.0,66,1,5.78,64.21
38,2022-07-01,7.0,1.0,9.28,295400.0,7,0,8.28,828.31
38,2022-07-01,7.0,7.0,8.9,260605.33,3,0,1.9,27.21
396,2022-07-01,4.0,42.0,29.94,38000.0,3,0,12.06,28.72
375,2022-07-01,91.0,5.0,9.44,49888.81,26,0,4.44,88.7
396,2022-07-01,42.0,24.0,17.61,41023.08,26,0,6.39,26.61
629,2022-07-01,15.0,46.0,29.52,2266.67,6,0,16.48,35.82
401,2022-07-01,3.0,6.0,11.6,30000.33,3,0,5.6,93.36
406,2022-07-01,12.0,7.0,9.36,31655.5,2,0,2.36,33.68
406,2022-07-01,7.0,1.0,9.8,43550.0,4,0,8.8,879.57
635,2022-07-01,3.0,27.0,17.63,12300.0,2,0,9.37,34.71
635,2022-07-01,27.0,20.0,12.48,12737.5,24,0,7.52,37.6
370,2022-07-01,179.0,15.0,31.63,98000.01,99,1,16.63,110.85
627,2022-07-01,67.0,1.0,11.84,500.0,66,1,10.84,1084.49
369,2022-07-01,164.0,42.0,32.11,78933.71,85,1,9.89,23.54
627,2022-07-01,4.0,67.0,31.94,500.0,2,0,35.06,52.33
623,2022-07-01,94.0,25.0,23.34,1308.16,49,1,1.66,6.63
349,2022-07-01,19.0,13.0,10.57,11821.05,19,0,2.43,18.66
349,2022-07-01,3.0,19.0,13.01,12300.0,2,0,5.99,31.52
647,2022-07-01,125.0,5.0,10.43,5167.92,13,1,5.43,108.67
44,2022-07-01,3.0,2.0,9.06,30000.0,3,0,7.06,353.1
44,2022-07-01,2.0,2.0,8.73,31450.0,2,0,6.73,336.46
308,2022-07-01,16.0,1.0,10.05,21106.25,16,0,9.05,904.51
308,2022-07-01,2.0,16.0,9.78,20250.0,2,0,6.22,38.88
442,2022-07-01,7.0,20.0,20.29,36187.5,4,0,0.29,1.46
301,2022-07-01,4.0,3.0,10.04,41600.0,4,0,7.04,234.57
442,2022-07-01,20.0,34.0,21.42,36927.27,11,0,12.58,37.01
301,2022-07-01,25.0,4.0,9.23,36650.0,6,0,5.23,130.64
443,2022-07-01,4.0,20.0,19.39,45750.0,4,0,0.61,3.03
443,2022-07-01,20.0,10.0,16.31,42947.42,19,0,6.31,63.14
673,2022-07-01,14.0,15.0,15.13,25766.67,3,0,0.13,0.84
444,2022-07-01,4.0,2.0,8.27,55916.67,3,0,6.27,313.42
673,2022-07-01,15.0,4.0,11.86,26232.14,14,0,7.86,196.55
300,2022-07-01,16.0,40.0,28.5,15150.0,16,0,11.5,28.76
300,2022-07-01,15.0,16.0,25.26,15187.5,12,0,9.26,57.89
444,2022-07-01,2.0,5.0,8.85,58000.0,2,0,3.85,76.92
615,2022-07-01,6.0,1.0,12.81,5800.0,6,0,11.81,1181.0
297,2022-07-01,1.0,1.0,8.35,12700.0,1,0,7.35,734.73
297,2022-07-01,1.0,1.0,10.04,12000.0,1,0,9.04,904.13
681,2022-07-01,1.0,3.0,11.25,10000.0,1,0,8.25,275.05
681,2022-07-01,3.0,5.0,9.6,10400.0,3,0,4.6,92.05
309,2022-07-01,9.0,31.0,14.93,49694.44,9,0,16.07,51.85
662,2022-07-01,68.0,12.0,11.22,11778.11,45,1,0.78,6.5
662,2022-07-01,1.0,68.0,25.11,12000.0,1,0,42.89,63.07
622,2022-07-01,11.0,63.0,14.66,1700.0,4,0,48.34,76.74
323,2022-07-01,7.0,1.0,8.64,63300.0,7,0,7.64,764.49
323,2022-07-01,1.0,7.0,13.51,65000.0,1,0,6.51,93.02
648,2022-07-01,2.0,29.0,10.19,6000.0,1,0,18.81,64.88
648,2022-07-01,29.0,20.0,10.91,1.0,2,1,9.09,45.44
318,2022-07-01,9.0,1.0,9.1,20244.44,9,0,8.1,809.81
318,2022-07-01,2.0,9.0,10.19,22500.0,2,0,1.19,13.2
432,2022-07-01,5.0,27.0,17.39,18333.33,3,0,9.61,35.58
432,2022-07-01,27.0,5.0,11.26,19584.31,12,0,6.26,125.23
655,2022-07-01,158.0,2.0,8.85,3400.08,13,1,6.85,342.46
658,2022-07-01,144.0,22.0,24.07,4897.92,48,1,2.07,9.43
309,2022-07-01,31.0,4.0,13.23,47517.24,29,0,9.23,230.64
313,2022-07-01,26.0,5.0,14.69,109407.69,26,0,9.69,193.72
313,2022-07-01,9.0,26.0,20.09,96083.33,9,0,5.91,22.74
434,2022-07-01,45.0,77.0,24.2,25897.8,10,0,52.8,68.57
434,2022-07-01,77.0,40.0,31.92,25776.48,52,1,8.08,20.21
659,2022-07-01,13.0,72.0,41.49,2742.86,7,0,30.51,42.37
659,2022-07-01,72.0,5.0,15.49,2706.48,54,1,10.49,209.89
620,2022-07-01,222.0,28.0,29.64,1494.89,57,1,1.64,5.85
312,2022-07-01,66.0,5.0,9.24,83180.3,66,0,4.24,84.78
312,2022-07-01,6.0,66.0,22.3,90000.0,6,0,43.7,66.22
2482,2022-07-01,200.0,17.0,16.15,2086.29,105,1,0.85,4.99
527,2022-07-01,27.0,13.0,16.47,12693.75,16,0,3.47,26.73
633,2022-07-01,17.0,15.0,31.03,893.75,8,1,16.03,106.89
234,2022-07-01,2.0,2.0,8.99,80000.0,2,0,6.99,349.41
728,2022-07-01,113.0,4.0,11.8,180.6,5,1,7.8,195.05
216,2022-07-01,21.0,6.0,7.51,97857.14,21,0,1.51,25.11
238,2022-07-01,1.0,4.0,9.3,315600.0,1,0,5.3,132.38
2343,2022-07-01,355.0,12.0,21.28,18910.28,89,1,9.28,77.36
548,2022-07-01,2.0,1.0,10.27,8712.5,2,0,9.27,927.42
548,2022-07-01,1.0,28.0,11.38,9050.0,1,0,16.62,59.34
584,2022-07-01,98.0,23.0,17.95,16758.04,23,1,5.05,21.94
2160,2022-07-01,2.0,3.0,12.99,6500.0,2,0,9.99,332.92
558,2022-07-01,4.0,2.0,9.5,4475.0,4,0,7.5,375.25
2327,2022-07-01,2.0,1.0,7.92,17000.0,2,0,6.92,692.33
2160,2022-07-01,3.0,2.0,10.4,7000.0,3,0,8.4,420.05
2161,2022-07-01,2.0,1.0,11.28,30000.0,1,0,10.28,1027.84
549,2022-07-01,132.0,17.0,21.58,4803.7,81,1,4.58,26.93
2318,2022-07-01,15.0,14.0,10.31,2450.0,2,0,3.69,26.37
2264,2022-07-01,10.0,9.0,8.86,133110.0,10,0,0.14,1.59
2161,2022-07-01,1.0,20.0,11.08,31000.0,1,0,8.92,44.61
216,2022-07-01,1.0,21.0,11.39,90000.0,1,0,9.61,45.74
547,2022-07-01,54.0,2.0,11.74,9000.0,53,1,9.74,486.94
546,2022-07-01,2.0,4.0,12.54,15800.0,1,0,8.54,213.41
585,2022-07-01,3.0,11.0,9.94,28466.67,3,0,1.06,9.62
239,2022-07-01,26.0,8.0,11.14,306000.0,10,0,3.14,39.19
574,2022-07-01,11.0,46.0,22.64,6936.36,11,0,23.36,50.79
2103,2022-07-01,638.0,21.0,15.23,428.71,21,1,5.77,27.46
561,2022-07-01,103.0,9.0,9.78,5721.91,23,1,0.78,8.64
239,2022-07-01,4.0,26.0,14.17,242450.0,2,0,11.83,45.5
2137,2022-07-01,3.0,4.0,10.83,15000.0,3,0,6.83,170.8
2149,2022-07-01,2.0,6.0,8.42,89500.0,1,0,2.42,40.38
2389,2022-07-01,1.0,30.0,25.3,15000.0,1,0,4.7,15.67
2384,2022-07-01,33.0,2.0,9.15,35625.25,4,0,7.15,357.54
585,2022-07-01,6.0,3.0,11.27,23000.0,6,0,8.27,275.77
215,2022-07-01,1.0,4.0,8.14,116100.0,1,0,4.14,103.46
2388,2022-07-01,2.0,9.0,12.56,14000.0,2,0,3.56,39.5
881,2022-07-01,3.0,1.0,7.11,2533.33,3,0,6.11,611.19
881,2022-07-01,2.0,3.0,8.18,2650.0,2,0,5.18,172.73
558,2022-07-01,2.0,38.0,11.8,5100.0,2,0,26.2,68.94
547,2022-07-01,9.0,54.0,26.82,8731.25,4,0,27.18,50.33
2264,2022-07-01,6.0,10.0,11.31,108166.67,6,0,1.31,13.08
557,2022-07-01,4.0,1.0,9.36,7000.0,4,0,8.36,836.39
583,2022-07-01,6.0,17.0,11.92,41100.0,2,0,5.08,29.91
819,2022-07-01,151.0,5.0,19.79,1100.0,59,1,14.79,295.77
2213,2022-07-01,66.0,10.0,13.11,104674.21,38,0,3.11,31.06
2213,2022-07-01,11.0,66.0,34.38,59070.22,8,0,31.62,47.91
577,2022-07-01,299.0,43.0,30.37,4463.47,60,1,12.63,29.37
857,2022-07-01,157.0,12.0,11.47,3200.0,77,1,0.53,4.41
556,2022-07-01,8.0,12.0,11.76,13071.43,7,0,0.24,2.03
554,2022-07-01,59.0,18.0,18.19,3698.25,57,1,0.19,1.05
579,2022-07-01,94.0,2.0,7.76,4084.78,19,1,5.76,288.1
221,2022-07-01,2.0,17.0,12.02,159000.0,2,0,4.98,29.28
557,2022-07-01,1.0,4.0,10.73,6000.0,1,0,6.73,168.13
2193,2022-07-01,34.0,46.0,9.84,2600.0,10,1,36.16,78.61
578,2022-07-01,16.0,9.0,13.46,8000.0,16,0,4.46,49.56
2172,2022-07-01,157.0,10.0,15.96,804.71,85,1,5.96,59.59
578,2022-07-01,5.0,16.0,14.11,8845.0,3,0,1.89,11.8
218,2022-07-01,11.0,4.0,12.81,147700.0,11,0,8.81,220.27
218,2022-07-01,8.0,11.0,20.3,142833.33,6,0,9.3,84.52
555,2022-07-01,3.0,41.0,10.58,3000.0,3,0,30.42,74.2
2228,2022-07-01,1.0,6.0,11.06,27000.0,1,0,5.06,84.28
217,2022-07-01,55.0,26.0,10.89,316500.0,55,0,15.11,58.12
798,2022-07-01,49.0,7.0,12.91,3136.0,25,1,5.91,84.44
798,2022-07-01,11.0,49.0,30.6,3000.0,6,0,18.4,37.55
863,2022-07-01,1.0,4.0,10.08,1100.0,1,0,6.08,152.07
2166,2022-07-01,4.0,29.0,14.91,16700.0,2,0,14.09,48.6
2166,2022-07-01,29.0,21.0,11.36,23944.83,29,0,9.64,45.9
583,2022-07-01,9.0,6.0,11.93,35000.0,5,0,5.93,98.82
2256,2022-07-01,41.0,2.0,7.82,52800.0,3,0,5.82,290.99
2240,2022-07-01,47.0,9.0,11.94,2565.0,17,1,2.94,32.63
2240,2022-07-01,3.0,47.0,18.36,2500.0,3,0,28.64,60.94
2239,2022-07-01,68.0,6.0,12.2,3202.7,37,1,6.2,103.34
2239,2022-07-01,8.0,68.0,42.93,3000.0,6,0,25.07,36.86
2168,2022-07-01,2.0,3.0,10.1,30000.0,1,0,7.1,236.65
552,2022-07-01,283.0,39.0,30.81,8936.55,88,1,8.19,21.0
553,2022-07-01,188.0,41.0,28.09,4461.98,46,1,12.91,31.48
2481,2022-07-01,22.0,7.0,10.76,18333.67,3,0,3.76,53.76
2168,2022-07-01,3.0,30.0,10.71,31700.0,3,0,19.29,64.29
554,2022-07-01,7.0,59.0,40.13,3666.67,6,0,18.87,31.98
574,2022-07-01,5.0,11.0,20.52,6637.5,4,0,9.52,86.55
2388,2022-07-01,9.0,2.0,9.46,14619.56,9,0,7.46,372.77
555,2022-07-01,41.0,8.0,13.44,2636.36,29,1,5.44,68.05
2081,2022-07-01,1.0,27.0,12.82,22000.0,1,0,14.18,52.53
2407,2022-07-01,5.0,6.0,17.49,2100.0,3,0,11.49,191.44
586,2022-07-01,3.0,53.0,8.8,18000.0,3,0,44.2,83.41
570,2022-07-01,180.0,12.0,12.39,17713.11,65,1,0.39,3.27
2437,2022-07-01,1.0,2.0,10.28,15000.0,1,0,8.28,414.19
543,2022-07-01,7.0,60.0,12.2,21150.0,7,0,47.8,79.66
564,2022-07-01,10.0,4.0,8.92,12083.33,6,0,4.92,123.12
2078,2022-07-01,19.0,27.0,18.4,1.0,1,1,8.6,31.86
713,2022-07-01,147.0,21.0,24.05,1031.16,19,1,3.05,14.53
564,2022-07-01,4.0,12.0,8.98,11526.0,4,0,3.02,25.14
715,2022-07-01,797.0,3.0,12.49,134.17,6,1,9.49,316.34
586,2022-07-01,53.0,4.0,11.19,12382.35,51,1,7.19,179.69
2430,2022-07-01,5.0,6.0,7.63,1300.0,3,0,1.63,27.18
241,2022-07-01,612.0,13.0,18.69,4126.13,116,1,5.69,43.75
208,2022-07-01,32.0,9.0,9.88,153890.41,8,0,0.88,9.8
573,2022-07-01,28.0,52.0,17.0,7000.0,19,0,35.0,67.31
714,2022-07-01,308.0,1.0,16.8,850.44,62,1,15.8,1580.34
544,2022-07-01,1.0,1.0,10.44,16400.0,1,0,9.44,943.86
905,2022-07-01,5.0,16.0,12.44,28280.0,5,0,3.56,22.24
208,2022-07-01,2.0,32.0,12.15,150000.0,2,0,19.85,62.02
243,2022-07-01,10.0,2.0,9.74,3250.0,4,0,7.74,387.17
567,2022-07-01,1.0,24.0,17.19,15800.0,1,0,6.81,28.38
243,2022-07-01,2.0,3.0,8.31,3200.0,2,0,5.31,177.14
543,2022-07-01,60.0,1.0,12.14,20489.62,5,0,11.14,1114.11
567,2022-07-01,13.0,1.0,14.43,15386.36,10,0,13.43,1343.34
572,2022-07-01,5.0,8.0,10.72,12700.0,4,0,2.72,33.95
2407,2022-07-01,51.0,5.0,14.57,1245.63,2,1,9.57,191.49
2437,2022-07-01,2.0,1.0,8.47,15800.0,2,0,7.47,746.82
710,2022-07-01,46.0,9.0,13.91,1183.58,12,1,4.91,54.54
2394,2022-07-01,33.0,6.0,14.21,11904.39,23,0,8.21,136.91
571,2022-07-01,82.0,8.0,8.73,12029.04,7,1,0.73,9.1
906,2022-07-01,14.0,10.0,10.21,32053.57,14,0,0.21,2.09
907,2022-07-01,14.0,2.0,10.19,33800.0,14,0,8.19,409.42
2394,2022-07-01,38.0,33.0,24.73,9875.0,8,0,8.27,25.06
544,2022-07-01,12.0,1.0,11.39,15666.67,12,0,10.39,1039.32
2404,2022-07-01,7.0,5.0,18.68,5625.25,4,0,13.68,273.5
587,2022-07-01,16.0,4.0,11.37,9500.0,16,0,7.37,184.17
904,2022-07-01,32.0,17.0,14.01,27660.0,10,0,2.99,17.58
904,2022-07-01,4.0,32.0,16.03,50000.0,4,0,15.97,49.9
540,2022-07-01,232.0,11.0,17.11,10883.24,37,1,6.11,55.56
587,2022-07-01,20.0,16.0,10.67,12662.86,14,0,5.33,33.29
434,2022-06-01,27.0,45.0,38.36,20235.53,17,0,6.64,14.75
1015,2022-06-01,15.0,6.0,12.74,87737.0,3,0,6.74,112.39
1004,2022-06-01,27.5,9.45,11.72,119054.64,12,0,2.27,23.99
556,2022-06-01,11.0,8.0,10.71,13700.0,11,0,2.71,33.84
385,2022-06-01,61.0,54.0,45.34,57403.03,34,0,8.66,16.03
1253,2022-06-01,26.0,3.0,9.07,177057.81,24,0,6.07,202.38
1169,2022-06-01,6.0,15.0,23.01,25562.5,4,0,8.01,53.42
1164,2022-06-01,4.0,2.0,15.14,466.67,3,0,13.14,657.03
1015,2022-06-01,6.0,20.5,11.3,113113.36,5,0,9.2,44.86
629,2022-06-01,23.0,15.0,14.14,2400.0,20,1,0.86,5.72
434,2022-06-01,74.0,27.0,22.81,25856.43,10,0,4.19,15.52
1164,2022-06-01,16.0,4.0,11.84,500.0,3,1,7.84,195.88
1265,2022-06-01,15.0,17.0,26.54,8676.92,13,0,9.54,56.1
1014,2022-06-01,7.5,41.5,30.66,97857.14,7,0,10.84,26.12
1169,2022-06-01,15.0,2.0,15.75,26327.27,11,0,13.75,687.54
1185,2022-06-01,60.0,33.0,19.71,13468.05,24,1,13.29,40.28
631,2022-06-01,140.0,59.0,50.45,1100.79,63,1,8.55,14.5
396,2022-06-01,34.0,34.0,35.86,19524.78,1,0,1.86,5.47
396,2022-06-01,34.0,4.0,15.52,28780.3,10,0,11.52,288.02
1002,2022-06-01,1.0,15.0,9.82,100800.0,1,0,5.18,34.52
577,2022-06-01,59.0,11.0,16.49,4516.67,18,1,5.49,49.95
622,2022-06-01,5.0,8.0,19.04,1700.0,2,0,11.04,138.01
570,2022-06-01,62.0,6.0,10.74,17900.0,27,0,4.74,78.97
570,2022-06-01,4.0,62.0,38.91,14500.0,2,0,23.09,37.25
1184,2022-06-01,143.0,48.0,36.99,15088.31,60,1,11.01,22.93
620,2022-06-01,16.0,16.0,31.12,1500.0,10,0,15.12,94.52
44,2022-06-01,17.0,3.0,10.66,1.0,1,1,7.66,255.4
1265,2022-06-01,211.0,15.0,26.83,7187.02,8,1,11.83,78.85
1004,2022-06-01,9.5,27.5,26.16,102355.5,7,0,1.34,4.87
620,2022-06-01,62.0,16.0,16.32,1350.38,6,1,0.32,2.03
1014,2022-06-01,41.5,17.0,16.0,111620.72,29,0,1.0,5.87
1002,2022-06-01,15.0,29.0,12.43,102600.1,10,0,16.57,57.12
556,2022-06-01,1.0,11.0,16.28,10000.0,1,0,5.28,47.97
629,2022-06-01,4.0,23.0,39.1,2300.0,2,0,16.1,69.99
425,2022-06-01,68.0,40.0,39.27,22564.88,17,0,0.73,1.82
622,2022-06-01,8.0,11.0,16.54,1700.0,4,0,5.54,50.4
424,2022-06-01,34.0,71.0,31.05,34312.19,2,0,39.95,56.26
424,2022-06-01,71.0,10.0,11.28,37321.67,11,0,1.28,12.77
431,2022-06-01,96.0,26.0,39.85,39800.06,53,1,13.85,53.25
T9547,2022-06-01,81.0,10.0,24.29,237.5,36,1,14.29,142.94
442,2022-06-01,61.0,25.0,20.29,29293.24,7,0,4.71,18.84
561,2022-06-01,2.0,18.0,12.82,5750.0,2,0,5.18,28.77
1206,2022-06-01,49.0,37.0,33.04,10690.0,40,1,3.96,10.69
430,2022-06-01,65.0,4.0,14.15,37484.91,33,0,10.15,253.69
561,2022-06-01,18.0,13.0,11.17,5800.0,9,0,1.83,14.07
1006,2022-06-01,18.0,18.5,12.04,81544.99,10,0,6.46,34.92
1009,2022-06-01,5.0,10.0,7.66,143828.07,3,0,2.34,23.43
430,2022-06-01,78.0,65.0,46.81,31193.98,7,0,18.19,27.98
574,2022-06-01,152.0,5.0,14.93,6565.13,30,1,9.93,198.66
624,2022-06-01,18.0,17.0,36.25,740.0,10,1,19.25,113.26
624,2022-06-01,17.0,25.0,30.13,700.0,14,1,5.13,20.51
T6525,2022-06-01,27.0,8.0,9.2,800.0,9,1,1.2,14.97
T9563,2022-06-01,101.0,5.0,12.28,236.17,47,1,7.28,145.68
T6525,2022-06-01,2.0,27.0,11.82,800.0,2,0,15.18,56.21
1206,2022-06-01,19.0,49.0,47.2,10176.47,17,0,1.8,3.68
626,2022-06-01,17.0,7.0,13.47,594.44,8,1,6.47,92.36
626,2022-06-01,10.0,17.0,15.3,660.0,3,0,1.7,10.02
425,2022-06-01,81.0,68.0,64.23,22413.86,5,0,3.77,5.55
1006,2022-06-01,1.0,18.0,12.96,93000.0,1,0,5.04,28.01
1211,2022-06-01,1.0,11.0,10.86,10000.0,1,0,0.14,1.31
T6534,2022-06-01,20.0,2.0,10.1,600.0,5,1,8.1,405.1
564,2022-06-01,4.0,22.0,11.29,12600.0,1,0,10.71,48.68
577,2022-06-01,23.0,59.0,33.58,4572.75,4,0,25.42,43.08
T6534,2022-06-01,2.0,20.0,17.35,600.0,1,0,2.65,13.23
1194,2022-06-01,2.0,12.0,12.88,8200.0,1,0,0.88,7.33
1005,2022-06-01,4.0,8.0,19.33,101000.0,3,0,11.33,141.58
1005,2022-06-01,8.0,17.05,15.69,89215.21,3,0,1.36,7.95
1013,2022-06-01,30.0,24.0,19.74,105900.72,19,0,4.26,17.74
627,2022-06-01,21.0,4.0,10.48,500.0,8,1,6.48,162.02
432,2022-06-01,16.0,5.0,11.39,13800.33,6,0,6.39,127.89
1195,2022-06-01,210.0,63.0,60.22,8414.71,68,1,2.78,4.41
432,2022-06-01,54.0,16.0,12.45,14787.91,4,0,3.55,22.2
1196,2022-06-01,2.0,23.0,30.12,8000.0,1,0,7.12,30.96
627,2022-06-01,6.0,21.0,20.45,500.0,3,0,0.55,2.62
1231,2022-06-01,115.0,50.0,32.08,10780.6,67,1,17.92,35.85
1211,2022-06-01,11.0,67.0,22.44,10566.67,5,0,44.56,66.5
1013,2022-06-01,18.5,30.0,25.13,102465.86,7,0,4.87,16.23
558,2022-06-01,1.0,10.0,10.34,4590.0,1,0,0.34,3.37
558,2022-06-01,10.0,4.0,8.88,5060.0,10,0,4.88,122.1
1196,2022-06-01,23.0,8.0,14.96,4912.16,3,0,6.96,87.02
623,2022-06-01,28.0,69.0,51.38,1254.55,11,1,17.62,25.54
623,2022-06-01,69.0,39.0,35.54,1307.69,26,1,3.46,8.87
564,2022-06-01,22.0,10.0,11.09,12700.0,22,0,1.09,10.94
567,2022-06-01,121.0,13.0,13.64,13208.09,20,1,0.64,4.94
540,2022-06-01,16.0,10.0,25.33,11000.0,16,0,15.33,153.33
618,2022-06-01,10.0,1.0,10.16,2300.0,10,0,9.16,915.67
T8728,2022-06-01,27.0,55.0,27.92,700.0,8,1,27.08,49.23
1075,2022-06-01,17.0,6.0,12.2,118228.72,9,0,6.2,103.37
532,2022-06-01,53.0,15.0,16.12,17570.0,10,0,1.12,7.48
593,2022-06-01,32.0,3.0,9.16,24890.7,23,0,6.16,205.22
1076,2022-06-01,1.0,1.0,8.39,220000.0,1,0,7.39,739.44
1052,2022-06-01,9.0,2.0,10.79,270021.0,4,0,8.79,439.45
1052,2022-06-01,4.5,9.0,14.46,244103.5,2,0,5.46,60.66
T7169,2022-06-01,7.0,4.0,12.24,400.0,7,1,8.24,206.08
594,2022-06-01,38.0,64.0,40.74,18582.27,10,0,23.26,36.35
594,2022-06-01,64.0,4.0,11.83,21066.67,39,0,7.83,195.76
586,2022-06-01,2.0,3.0,15.08,12500.0,1,0,12.08,402.66
586,2022-06-01,26.0,2.0,12.09,16902.0,4,0,10.09,504.5
T8729,2022-06-01,34.0,6.0,16.37,769.57,23,1,10.37,172.8
531,2022-06-01,1.0,2.0,11.29,21000.0,1,0,9.29,464.32
531,2022-06-01,1.0,1.0,11.26,24500.0,1,0,10.26,1025.71
633,2022-06-01,248.0,17.0,25.32,1190.56,26,1,8.32,48.97
527,2022-06-01,15.0,18.0,17.96,12590.91,11,0,0.04,0.22
527,2022-06-01,7.0,15.0,18.76,16571.43,7,0,3.76,25.09
1108,2022-06-01,26.0,4.0,13.12,6700.0,3,0,9.12,227.93
1108,2022-06-01,4.0,2.0,12.97,4250.5,2,0,10.97,548.48
1109,2022-06-01,52.0,42.0,27.65,8150.0,5,1,14.35,34.16
1048,2022-06-01,4.0,17.0,11.0,86975.0,4,0,6.0,35.29
1109,2022-06-01,42.0,7.0,15.68,5968.47,19,1,8.68,123.95
595,2022-06-01,2.0,28.0,15.36,11000.0,2,0,12.64,45.15
595,2022-06-01,28.0,3.0,14.53,10407.96,23,0,11.53,384.36
T7167,2022-06-01,36.0,2.0,13.27,211.11,9,1,11.27,563.69
T7167,2022-06-01,2.0,36.0,20.32,200.0,1,0,15.68,43.56
1048,2022-06-01,13.0,4.0,14.33,71117.5,3,0,10.33,258.37
1110,2022-06-01,36.0,20.0,32.9,9034.38,8,0,12.9,64.48
1110,2022-06-01,20.0,12.0,24.3,6810.86,7,0,12.3,102.48
532,2022-06-01,15.0,19.0,21.53,19428.57,14,0,2.53,13.31
T8728,2022-06-01,4.0,27.0,18.53,683.33,2,0,8.47,31.36
547,2022-06-01,17.0,9.0,13.6,9000.0,13,0,4.6,51.09
1074,2022-06-01,27.5,10.5,19.49,167597.78,24,0,8.99,85.61
540,2022-06-01,7.0,16.0,19.45,13529.17,6,0,3.45,21.56
T8726,2022-06-01,44.0,12.0,20.41,215.0,20,1,8.41,70.07
T8726,2022-06-01,5.0,44.0,36.36,133.67,3,1,7.64,17.37
1070,2022-06-01,11.0,5.0,11.82,168733.9,5,0,6.82,136.49
1070,2022-06-01,5.0,15.5,12.21,163500.0,2,0,3.29,21.24
587,2022-06-01,20.0,20.0,12.79,9527.78,18,0,7.21,36.04
589,2022-06-01,8.0,15.0,17.84,9550.0,5,0,2.84,18.95
1071,2022-06-01,7.0,2.0,12.9,184000.0,7,0,10.9,544.96
589,2022-06-01,15.0,8.0,13.0,8033.33,6,0,5.0,62.55
T8727,2022-06-01,115.0,8.0,14.32,300.0,39,1,6.32,79.06
587,2022-06-01,33.0,20.0,12.32,10933.4,5,0,7.68,38.38
535,2022-06-01,74.0,22.0,30.51,10895.86,51,1,8.51,38.69
T8724,2022-06-01,18.0,6.0,15.58,200.0,9,1,9.58,159.67
T8724,2022-06-01,58.0,18.0,24.7,158.33,6,1,6.7,37.24
535,2022-06-01,93.0,74.0,59.93,5591.87,15,1,14.07,19.02
1053,2022-06-01,5.5,4.5,9.26,272000.0,6,0,4.76,105.77
1053,2022-06-01,2.0,5.5,11.09,229000.0,2,0,5.59,101.67
534,2022-06-01,16.0,5.0,10.01,7393.67,6,0,5.01,100.17
1073,2022-06-01,5.5,6.0,29.86,165366.67,6,0,23.86,397.71
1073,2022-06-01,6.0,29.0,25.77,194000.0,7,0,3.23,11.14
534,2022-06-01,22.0,16.0,13.13,6770.67,3,0,2.87,17.94
T8720,2022-06-01,16.0,3.0,10.77,220.83,12,1,7.77,258.89
T8720,2022-06-01,2.0,16.0,18.95,150.0,2,0,2.95,18.41
544,2022-06-01,13.0,19.0,18.66,13876.0,3,0,0.34,1.79
533,2022-06-01,26.0,10.0,15.17,8428.0,25,0,5.17,51.71
544,2022-06-01,19.0,12.0,16.68,15610.0,10,0,4.68,39.02
533,2022-06-01,50.0,26.0,22.03,7443.9,8,1,3.97,15.28
591,2022-06-01,295.0,16.0,42.35,6091.3,46,1,26.35,164.7
1074,2022-06-01,18.5,27.5,24.86,151058.9,10,0,2.64,9.62
547,2022-06-01,24.0,17.0,15.17,7829.25,4,0,1.83,10.74
1044,2022-06-01,17.0,26.0,11.45,96000.0,14,0,14.55,55.95
442,2022-06-01,25.0,7.0,12.64,36926.09,23,0,5.64,80.55
1020,2022-06-01,13.0,19.5,21.56,97521.04,5,0,2.06,10.56
604,2022-06-01,1.0,3.0,11.63,4200.0,1,0,8.63,287.64
583,2022-06-01,6.0,9.0,13.35,41100.0,6,0,4.35,48.3
T7120,2022-06-01,102.0,4.0,9.93,1991.68,14,1,5.93,148.31
1117,2022-06-01,9.0,8.0,15.12,11937.75,4,0,7.12,89.02
470,2022-06-01,13.0,10.0,21.44,12040.0,10,0,11.44,114.43
583,2022-06-01,4.0,6.0,24.24,30333.33,3,0,18.24,303.99
552,2022-06-01,40.0,33.0,24.82,9002.94,28,0,8.18,24.8
457,2022-06-01,49.0,6.0,14.91,84938.02,21,0,8.91,148.48
1018,2022-06-01,5.0,18.0,11.89,178926.02,1,0,6.11,33.97
553,2022-06-01,160.0,19.0,23.3,4675.0,40,1,4.3,22.61
457,2022-06-01,27.0,49.0,33.49,75737.43,7,0,15.51,31.66
455,2022-06-01,207.0,10.0,21.58,6013.68,44,1,11.58,115.75
554,2022-06-01,55.0,7.0,14.07,3645.3,27,1,7.07,101.04
T6556,2022-06-01,34.0,6.0,14.57,1500.0,14,1,8.57,142.8
1017,2022-06-01,27.0,13.0,12.99,139796.17,16,0,0.01,0.04
451,2022-06-01,16.0,5.0,11.53,33800.0,16,0,6.53,130.54
1017,2022-06-01,6.0,27.0,19.6,124140.0,1,0,7.4,27.41
451,2022-06-01,13.0,16.0,14.07,26142.14,2,0,1.93,12.09
615,2022-06-01,9.0,6.0,9.87,5711.11,9,0,3.87,64.54
1160,2022-06-01,128.0,2.0,15.47,303.17,60,1,13.47,673.7
555,2022-06-01,24.0,2.0,13.73,2314.0,5,1,11.73,586.42
1161,2022-06-01,67.0,65.0,40.64,158.33,6,1,24.36,37.48
1161,2022-06-01,65.0,9.0,19.92,200.0,19,1,10.92,121.3
T8871,2022-06-01,14.0,34.0,18.19,1700.0,10,0,15.81,46.5
555,2022-06-01,2.0,3.0,11.2,2650.0,2,0,8.2,273.4
443,2022-06-01,21.0,4.0,21.9,34000.29,7,0,17.9,447.4
443,2022-06-01,42.0,21.0,23.78,37740.52,9,0,2.78,13.25
1163,2022-06-01,26.0,16.0,18.3,400.0,6,1,2.3,14.39
1163,2022-06-01,16.0,57.0,28.48,417.5,4,1,28.52,50.04
470,2022-06-01,10.0,6.0,19.68,12670.0,10,0,13.68,227.93
1116,2022-06-01,78.0,16.0,22.91,17080.1,10,1,6.91,43.19
1044,2022-06-01,6.0,17.0,9.91,77675.0,4,0,7.09,41.71
1020,2022-06-01,19.5,9.0,10.67,129222.38,4,0,1.67,18.56
T7166,2022-06-01,28.0,13.0,28.06,155.56,9,1,15.06,115.86
T7166,2022-06-01,12.0,28.0,33.02,100.0,1,1,5.02,17.93
585,2022-06-01,19.0,6.0,8.26,22500.0,19,0,2.26,37.75
518,2022-06-01,49.0,11.0,9.84,55131.75,12,0,1.16,10.59
585,2022-06-01,2.0,19.0,21.98,23000.0,2,0,2.98,15.7
T8731,2022-06-01,3.0,3.0,10.89,1000.0,3,0,7.89,263.06
1111,2022-06-01,108.0,10.0,18.44,8883.33,23,1,8.44,84.44
507,2022-06-01,14.0,5.0,14.69,2830.0,5,0,9.69,193.88
T8731,2022-06-01,3.0,12.0,11.62,1100.0,3,0,0.38,3.19
502,2022-06-01,5.0,4.0,8.75,7200.0,1,0,4.75,118.67
T7161,2022-06-01,116.0,58.0,51.23,100.0,7,1,6.77,11.67
1112,2022-06-01,49.0,79.0,48.74,10668.18,10,0,30.26,38.3
548,2022-06-01,16.0,14.0,19.14,7827.25,4,0,5.14,36.74
1112,2022-06-01,79.0,23.0,30.63,8680.1,10,1,7.63,33.17
548,2022-06-01,14.0,2.0,11.35,9000.0,14,0,9.35,467.45
500,2022-06-01,18.0,4.0,8.4,14787.5,8,0,4.4,110.11
500,2022-06-01,4.0,18.0,13.26,15750.0,4,0,4.74,26.31
1113,2022-06-01,101.0,7.0,16.58,15863.37,30,1,9.58,136.81
498,2022-06-01,6.0,20.0,11.14,5750.5,2,0,8.86,44.32
1114,2022-06-01,31.0,74.0,38.67,14168.75,8,0,35.33,47.74
1114,2022-06-01,74.0,12.0,22.55,13268.04,24,1,10.55,87.92
584,2022-06-01,17.0,10.0,17.41,17000.0,13,0,7.41,74.05
584,2022-06-01,6.0,17.0,21.44,23287.5,4,0,4.44,26.11
1023,2022-06-01,28.5,23.5,11.68,109823.4,21,0,11.82,50.31
549,2022-06-01,85.0,7.0,25.15,4800.0,59,1,18.15,259.29
1115,2022-06-01,12.0,10.0,23.5,12375.0,2,0,13.5,134.97
1115,2022-06-01,10.0,6.0,16.22,12180.2,5,0,10.22,170.29
476,2022-06-01,10.0,2.0,8.3,156917.41,8,0,6.3,315.2
552,2022-06-01,24.0,40.0,36.87,7221.0,4,0,3.13,7.82
554,2022-06-01,21.0,55.0,40.15,2961.5,2,0,14.85,27.0
1329,2022-06-01,8.0,3.0,16.24,16840.2,5,0,13.24,441.47
571,2022-06-01,6.0,52.0,25.94,12656.25,4,0,26.06,50.12
2213,2022-06-01,3.0,46.0,27.88,104666.67,3,0,18.12,39.38
268,2022-06-01,61.0,6.0,11.87,23775.25,4,0,5.87,97.89
2685,2022-06-01,38.0,9.0,13.53,17873.84,19,0,4.53,50.38
1607,2022-06-01,98.0,33.0,30.65,86532.75,35,0,2.35,7.11
2213,2022-06-01,46.0,11.0,16.35,101714.32,28,0,5.35,48.65
698,2022-06-01,32.0,9.0,14.83,4200.0,25,1,5.83,64.76
698,2022-06-01,7.0,32.0,20.24,4000.0,5,0,11.76,36.75
269,2022-06-01,2.0,2.0,17.61,1.0,1,1,15.61,780.53
699,2022-06-01,3.0,2.0,10.64,4000.0,2,0,8.64,432.18
1593,2022-06-01,19.0,11.0,9.24,76000.0,10,0,1.76,15.96
988,2022-06-01,3.0,11.0,17.6,158500.0,2,0,6.6,60.0
2703,2022-06-01,8.0,2.0,7.98,148000.0,8,0,5.98,299.21
271,2022-06-01,8.0,20.0,14.92,31000.0,3,0,5.08,25.38
271,2022-06-01,20.0,12.0,10.3,29550.07,14,0,1.7,14.15
1587,2022-06-01,6.0,11.0,9.2,117000.0,6,0,1.8,16.33
798,2022-06-01,6.0,11.0,23.31,3300.0,3,0,12.31,111.94
699,2022-06-01,2.0,7.0,9.37,4000.0,2,0,2.37,33.84
1667,2022-06-01,24.0,5.0,12.21,163118.27,22,0,7.21,144.27
266,2022-06-01,4.0,3.0,9.93,10700.5,2,0,6.93,230.97
2239,2022-06-01,18.0,8.0,13.29,3233.33,9,0,5.29,66.15
972,2022-06-01,12.0,5.0,8.72,175559.8,5,0,3.72,74.38
972,2022-06-01,5.0,20.0,10.04,229435.7,2,0,9.96,49.81
2239,2022-06-01,4.0,18.0,29.64,3000.0,3,0,11.64,64.67
266,2022-06-01,1.0,4.0,9.9,20000.0,1,0,5.9,147.46
798,2022-06-01,12.0,6.0,20.66,3000.0,4,0,14.66,244.42
700,2022-06-01,30.0,18.0,31.61,4641.67,18,0,13.61,75.63
2660,2022-06-01,25.0,4.0,15.66,38000.0,25,0,11.66,291.44
700,2022-06-01,63.0,30.0,30.11,4513.56,10,1,0.11,0.36
184,2022-06-01,3.0,1.0,12.29,2533.67,3,0,11.29,1128.87
1636,2022-06-01,12.0,10.0,10.16,191267.14,10,0,0.16,1.6
1636,2022-06-01,7.0,12.0,11.46,186274.4,6,0,0.54,4.5
385,2022-06-01,60.0,61.0,54.48,52984.21,7,0,6.52,10.69
2660,2022-06-01,6.0,25.0,30.34,23333.33,6,0,5.34,21.34
1587,2022-06-01,12.0,6.0,8.13,86080.86,4,0,2.13,35.57
1863,2022-06-01,3.0,8.0,10.48,2100.0,1,0,2.48,31.04
695,2022-06-01,78.0,18.0,21.38,5835.17,59,1,3.38,18.76
1497,2022-06-01,166.0,5.0,13.05,1.0,1,1,8.05,160.95
1525,2022-06-01,6.0,3.0,9.79,1.0,2,1,6.79,226.17
284,2022-06-01,22.0,2.0,10.06,4126.67,3,0,8.06,403.07
1868,2022-06-01,20.0,2.0,12.5,15335.85,8,0,10.5,525.16
284,2022-06-01,2.0,4.0,9.08,4750.0,2,0,5.08,127.03
2879,2022-06-01,25.0,69.0,52.74,82476.09,22,0,16.26,23.57
2879,2022-06-01,69.0,20.0,26.49,27476.12,67,1,6.49,32.46
2388,2022-06-01,5.0,19.0,20.13,14000.0,3,0,1.13,5.94
695,2022-06-01,22.0,78.0,56.35,4173.79,13,0,21.65,27.76
686,2022-06-01,6.0,20.0,12.82,16966.67,3,0,7.18,35.9
686,2022-06-01,12.0,6.0,14.81,16100.0,5,0,8.81,146.77
1496,2022-06-01,27.0,4.0,13.57,13100.13,8,0,9.57,239.35
857,2022-06-01,2.0,4.0,15.11,3000.0,1,0,11.11,277.66
1495,2022-06-01,128.0,2.0,11.39,1.0,1,1,9.39,469.52
288,2022-06-01,89.0,7.0,10.5,6027.82,9,1,3.5,50.04
280,2022-06-01,2.0,7.0,13.94,17000.0,2,0,6.94,99.09
280,2022-06-01,37.0,2.0,24.91,15087.5,8,0,22.91,1145.31
279,2022-06-01,46.0,3.0,12.25,3200.0,23,1,9.25,308.26
279,2022-06-01,2.0,46.0,10.45,3000.0,1,0,35.55,77.28
218,2022-06-01,16.0,64.0,38.64,108000.0,2,0,25.36,39.62
692,2022-06-01,14.0,56.0,30.35,5590.0,4,0,25.65,45.81
278,2022-06-01,16.0,19.0,11.14,4325.0,16,0,7.86,41.38
218,2022-06-01,64.0,8.0,10.35,135264.76,17,0,2.35,29.42
1559,2022-06-01,6.0,5.0,9.55,85577.0,3,0,4.55,91.0
1559,2022-06-01,5.0,21.0,10.94,90208.77,5,0,10.06,47.89
278,2022-06-01,9.0,16.0,12.67,4000.0,9,0,3.33,20.81
276,2022-06-01,2.0,5.0,16.9,18400.0,1,0,11.9,238.03
947,2022-06-01,3.0,54.0,33.93,190000.0,2,0,20.07,37.16
694,2022-06-01,11.0,67.0,54.02,4687.5,8,0,12.98,19.38
694,2022-06-01,67.0,16.0,17.55,5303.57,28,1,1.55,9.66
947,2022-06-01,54.0,21.0,15.19,223943.24,48,0,5.81,27.67
2193,2022-06-01,6.0,34.0,10.22,2633.33,3,0,23.78,69.95
1667,2022-06-01,2.0,24.0,12.39,178500.0,2,0,11.61,48.38
701,2022-06-01,5.0,14.0,25.28,3850.0,4,0,11.28,80.54
1494,2022-06-01,14.0,10.0,14.26,1.0,1,1,4.26,42.58
713,2022-06-01,49.0,66.0,34.1,1364.52,31,1,31.9,48.33
1749,2022-06-01,6.0,3.0,12.6,1100.0,6,0,9.6,319.94
1749,2022-06-01,21.0,6.0,17.13,818.36,11,1,11.13,185.49
241,2022-06-01,147.0,22.0,17.33,4095.85,71,1,4.67,21.23
714,2022-06-01,146.0,2.0,15.33,952.38,62,1,13.33,666.73
2343,2022-06-01,209.0,24.0,27.99,18841.73,44,1,3.99,16.62
1732,2022-06-01,17.0,55.0,41.41,1000.0,3,1,13.59,24.71
713,2022-06-01,21.0,49.0,34.14,1213.64,11,1,14.86,30.32
960,2022-06-01,2.0,40.0,19.72,114975.0,1,0,20.28,50.7
234,2022-06-01,7.0,2.0,9.59,84400.0,7,0,7.59,379.4
234,2022-06-01,1.0,7.0,9.39,80000.0,1,0,2.39,34.12
1713,2022-06-01,2.0,26.0,13.59,1500.0,1,0,12.41,47.72
2481,2022-06-01,2.0,14.0,13.02,9500.0,1,0,0.98,7.01
2481,2022-06-01,14.0,22.0,12.54,15600.2,5,0,9.46,42.99
1712,2022-06-01,16.0,8.0,12.57,800.0,8,1,4.57,57.11
960,2022-06-01,40.0,30.0,17.55,128548.98,41,0,12.45,41.49
238,2022-06-01,2.0,2.0,8.08,300000.0,2,0,6.08,303.83
701,2022-06-01,14.0,3.0,11.7,4230.0,10,0,8.7,289.86
959,2022-06-01,6.0,75.0,31.29,119025.0,4,0,43.71,58.27
2389,2022-06-01,3.0,19.0,22.55,15000.0,3,0,3.55,18.66
2389,2022-06-01,19.0,1.0,10.42,15826.32,19,0,9.42,942.41
239,2022-06-01,5.0,7.0,11.57,266225.0,4,0,4.57,65.26
239,2022-06-01,7.0,4.0,8.98,235675.79,6,0,4.98,124.58
1797,2022-06-01,8.0,16.0,19.39,27440.6,5,0,3.39,21.18
958,2022-06-01,20.0,21.0,20.73,155726.38,24,0,0.27,1.31
958,2022-06-01,7.0,20.0,21.98,144000.0,7,0,1.98,9.88
2407,2022-06-01,17.0,51.0,30.64,2160.0,5,0,20.36,39.92
959,2022-06-01,75.0,18.75,12.26,130333.39,33,0,6.49,34.63
1800,2022-06-01,22.0,6.0,17.77,24937.72,2,0,11.77,196.2
2394,2022-06-01,10.0,22.0,24.87,10333.33,9,0,2.87,13.02
2394,2022-06-01,22.0,38.0,12.96,12652.63,19,0,25.04,65.9
238,2022-06-01,2.0,1.0,7.35,161866.86,1,0,6.35,635.27
2407,2022-06-01,11.0,17.0,31.04,1898.49,5,0,14.04,82.61
1712,2022-06-01,8.0,16.0,17.6,800.0,4,0,1.6,10.02
956,2022-06-01,25.5,50.0,41.08,147633.37,14,0,8.92,17.84
2482,2022-06-01,67.0,12.0,17.55,2050.0,36,1,5.55,46.23
1686,2022-06-01,1.0,1.0,10.36,16900.0,1,0,9.36,935.57
181,2022-06-01,25.0,53.0,11.74,10228.71,7,0,41.26,77.85
970,2022-06-01,37.0,11.0,11.64,115329.8,15,0,0.64,5.81
2264,2022-06-01,4.0,21.0,9.79,130825.0,3,0,11.21,53.39
226,2022-06-01,2.0,26.0,13.9,1.0,1,1,12.1,46.53
264,2022-06-01,1.0,2.0,11.02,65000.0,1,0,9.02,451.13
264,2022-06-01,2.0,2.0,8.31,34250.5,2,0,6.31,315.64
1819,2022-06-01,10.0,17.0,10.33,51700.0,5,0,6.67,39.25
1698,2022-06-01,2.0,2.0,11.27,3800.0,1,0,9.27,463.39
950,2022-06-01,34.0,6.0,11.89,128000.0,18,0,5.89,98.11
971,2022-06-01,8.0,14.0,17.35,116910.0,1,0,3.35,23.96
971,2022-06-01,14.0,13.0,11.73,132741.09,11,0,1.27,9.79
2645,2022-06-01,3.0,20.0,16.83,200.0,1,0,3.17,15.85
950,2022-06-01,8.0,34.0,14.06,107177.25,2,0,19.94,58.63
2645,2022-06-01,20.0,2.0,12.24,100.0,2,1,10.24,511.8
704,2022-06-01,2.0,18.0,18.67,2750.0,2,0,0.67,3.74
1687,2022-06-01,36.0,1.0,10.93,1400.0,29,1,9.93,992.93
181,2022-06-01,4.0,25.0,20.56,10000.0,4,0,4.44,17.76
704,2022-06-01,18.0,6.0,11.37,3028.13,16,0,5.37,89.54
1688,2022-06-01,12.0,72.0,49.04,1041.67,6,0,22.96,31.9
1688,2022-06-01,72.0,5.0,15.2,1100.0,39,1,10.2,203.96
2521,2022-06-01,3.0,3.0,8.64,19000.0,3,0,5.64,187.98
969,2022-06-01,58.0,24.0,13.04,120967.84,29,0,10.96,45.68
969,2022-06-01,5.0,58.0,26.35,106666.67,3,0,31.65,54.57
2264,2022-06-01,21.0,6.0,8.92,130333.74,16,0,2.92,48.63
2521,2022-06-01,5.0,3.0,8.96,18000.0,5,0,5.96,198.63
169,2022-06-01,2.0,5.0,9.57,6500.0,2,0,4.57,91.35
169,2022-06-01,5.0,5.0,9.97,1.0,1,1,4.97,99.37
1804,2022-06-01,19.0,6.0,10.31,115750.19,16,0,4.31,71.79
251,2022-06-01,124.0,59.0,44.38,30605.65,124,2,14.62,24.78
967,2022-06-01,35.0,54.0,36.6,136643.86,9,0,17.4,32.23
2501,2022-06-01,40.0,8.0,13.92,286168.78,32,0,5.92,74.02
857,2022-06-01,4.0,7.0,12.43,3200.0,2,0,5.43,77.62
2172,2022-06-01,45.0,8.0,12.7,691.67,18,1,4.7,58.77
1494,2022-06-01,2.0,14.0,14.83,18500.0,1,0,0.83,5.96
1329,2022-06-01,34.0,8.0,16.53,18466.45,11,0,8.53,106.65
356,2022-06-01,5.0,11.0,15.33,40000.0,5,0,4.33,39.37
356,2022-06-01,11.0,4.0,10.48,39450.0,6,0,6.48,161.95
904,2022-06-01,1.0,4.0,9.87,27400.0,1,0,5.87,146.84
2081,2022-06-01,4.0,1.0,7.84,23550.0,4,0,6.84,683.86
357,2022-06-01,7.0,9.0,17.93,2500.0,3,0,8.93,99.2
2052,2022-06-01,57.0,3.0,9.26,37857.43,7,0,6.26,208.65
64,2022-06-01,2.0,3.0,10.79,1.0,1,1,7.79,259.72
358,2022-06-01,29.0,15.0,16.03,2336.36,11,1,1.03,6.87
64,2022-06-01,1.0,2.0,10.4,90000.0,1,0,8.4,420.14
192,2022-06-01,134.0,10.0,14.84,8337.63,8,1,4.84,48.38
1322,2022-06-01,1.0,1.0,11.8,1500.0,1,0,10.8,1080.34
1322,2022-06-01,39.0,1.0,9.01,1220.2,5,1,8.01,801.23
2081,2022-06-01,2.0,4.0,8.22,20000.0,2,0,4.22,105.52
916,2022-06-01,2.0,5.0,13.51,9700.0,1,0,8.51,170.11
T283,2022-06-01,212.0,38.0,31.54,300.0,26,1,6.46,17.0
904,2022-06-01,12.0,1.0,14.63,13075.5,4,0,13.63,1363.2
355,2022-06-01,10.0,4.0,9.86,31890.0,10,0,5.86,146.59
T281,2022-06-01,9.0,42.0,19.92,600.0,8,0,22.08,52.58
1351,2022-06-01,102.0,11.0,11.62,8689.0,4,1,0.62,5.59
1351,2022-06-01,11.0,3.0,10.0,10500.0,11,0,7.0,233.48
323,2022-06-01,44.0,1.0,10.22,51643.0,7,0,9.22,922.37
2103,2022-06-01,5.0,8.0,18.29,560.0,5,0,10.29,128.59
2103,2022-06-01,8.0,2.0,11.58,500.0,7,0,9.58,478.78
648,2022-06-01,4.0,8.0,11.2,6000.0,1,0,3.2,40.02
648,2022-06-01,8.0,2.0,6.67,6300.0,8,0,4.67,233.67
T130,2022-06-01,36.0,8.0,13.52,100.0,9,1,5.52,69.06
318,2022-06-01,35.0,2.0,10.27,16900.2,5,0,8.27,413.63
318,2022-06-01,11.0,35.0,12.79,13400.0,2,0,22.21,63.44
190,2022-06-01,8.0,2.0,7.96,8850.0,4,0,5.96,297.89
1377,2022-06-01,24.0,11.0,9.49,85952.89,16,0,1.51,13.72
190,2022-06-01,2.0,8.0,11.55,8000.0,1,0,3.55,44.37
358,2022-06-01,2.0,29.0,28.99,2000.0,1,0,0.01,0.04
1321,2022-06-01,18.0,5.0,9.71,955.56,18,1,4.71,94.2
T232,2022-06-01,118.0,26.0,16.18,493.7,10,1,9.82,37.78
571,2022-06-01,52.0,2.0,11.93,11978.0,16,0,9.93,496.49
1292,2022-06-01,67.0,25.0,20.94,5200.81,31,1,4.06,16.24
1943,2022-06-01,21.0,2.0,13.73,700.0,6,1,11.73,586.67
1292,2022-06-01,53.0,67.0,49.1,2626.0,6,1,17.9,26.71
T6510,2022-06-01,514.0,1.0,9.52,297.94,8,1,8.52,852.13
634,2022-06-01,65.0,11.0,13.48,488.64,22,1,2.48,22.54
634,2022-06-01,8.0,65.0,44.58,575.0,4,0,20.42,31.41
906,2022-06-01,26.0,29.0,18.78,20000.33,6,0,10.22,35.24
T5315,2022-06-01,21.0,6.0,14.32,175.0,8,1,8.32,138.75
906,2022-06-01,29.0,14.0,11.88,31731.03,29,0,2.12,15.16
380,2022-06-01,4.0,2.0,10.02,1.0,2,1,8.02,401.0
1274,2022-06-01,12.0,1.0,9.44,102750.0,12,0,8.44,844.26
1274,2022-06-01,2.0,12.0,10.55,100000.0,2,0,1.45,12.11
2049,2022-06-01,16.0,2.0,13.66,13571.88,16,0,11.66,583.05
907,2022-06-01,6.0,14.0,11.87,33800.0,3,0,2.13,15.21
375,2022-06-01,32.0,3.0,10.7,44315.15,20,0,7.7,256.58
375,2022-06-01,52.0,32.0,20.28,38970.06,2,0,11.72,36.62
208,2022-06-01,27.0,1.0,9.75,143315.2,5,0,8.75,875.41
1293,2022-06-01,437.0,24.0,15.55,687.78,27,1,8.45,35.21
635,2022-06-01,93.0,3.0,9.83,12289.36,14,1,6.83,227.77
370,2022-06-01,233.0,24.0,30.38,94523.95,53,1,6.38,26.6
369,2022-06-01,146.0,8.0,33.33,77112.53,64,1,25.33,316.67
1943,2022-06-01,1.0,21.0,16.34,1500.0,1,0,4.66,22.21
363,2022-06-01,46.0,19.0,23.37,1513.4,15,1,4.37,23.02
1311,2022-06-01,2.0,13.0,12.45,9000.0,1,0,0.55,4.27
208,2022-06-01,1.0,2.0,9.89,155000.0,1,0,7.89,394.28
905,2022-06-01,12.0,5.0,11.31,29950.0,10,0,6.31,126.12
1311,2022-06-01,13.0,1.0,8.34,9485.71,7,0,7.34,734.36
363,2022-06-01,132.0,46.0,44.14,1356.19,9,1,1.86,4.04
362,2022-06-01,195.0,7.0,16.49,1681.27,48,1,9.49,135.58
905,2022-06-01,11.0,12.0,13.57,28940.0,5,0,1.57,13.06
1321,2022-06-01,37.0,18.0,11.23,667.0,3,1,6.77,37.61
658,2022-06-01,279.0,6.0,54.23,3114.41,59,1,48.23,803.78
1356,2022-06-01,12.0,11.0,10.84,102458.33,12,0,0.16,1.44
2388,2022-06-01,19.0,2.0,13.12,14800.0,10,0,11.12,555.8
2166,2022-06-01,2.0,1.0,10.55,23000.0,2,0,9.55,955.1
296,2022-06-01,17.0,3.0,10.56,21014.29,14,0,7.56,251.87
681,2022-06-01,68.0,1.0,10.16,8144.08,5,1,9.16,915.52
934,2022-06-01,78.0,3.0,12.47,10615.54,13,1,9.47,315.58
1410,2022-06-01,22.0,9.0,11.62,46581.16,2,0,2.62,29.09
1410,2022-06-01,9.0,7.0,10.15,52000.33,9,0,3.15,45.06
T175,2022-06-01,132.0,20.0,16.48,187.49,9,1,3.52,17.59
308,2022-06-01,4.0,2.0,9.91,22025.0,4,0,7.91,395.38
1458,2022-06-01,5.0,1.0,9.03,16250.0,4,0,8.03,802.57
308,2022-06-01,2.0,4.0,9.43,20000.0,2,0,5.43,135.68
879,2022-06-01,4.0,1.0,8.5,3133.33,3,0,7.5,750.35
1387,2022-06-01,4.0,1.0,10.87,126555.69,4,0,9.87,987.35
T171,2022-06-01,62.0,24.0,29.36,218.75,32,1,5.36,22.34
934,2022-06-01,27.0,78.0,30.56,11164.61,3,0,47.44,60.82
1888,2022-06-01,2.0,5.0,14.55,6000.0,2,0,9.55,191.03
2166,2022-06-01,1.0,4.0,9.3,1.0,1,1,5.3,132.53
301,2022-06-01,2.0,25.0,10.31,42200.0,2,0,14.69,58.76
1415,2022-06-01,1.0,21.0,11.01,172000.0,1,0,9.99,47.57
1458,2022-06-01,2.0,5.0,8.41,12500.0,2,0,3.41,68.27
673,2022-06-01,1.0,47.0,20.07,28000.0,1,0,26.93,57.29
673,2022-06-01,47.0,14.0,14.53,19485.03,6,0,0.53,3.77
300,2022-06-01,25.0,31.0,27.58,14331.67,6,0,3.42,11.03
1423,2022-06-01,51.0,17.0,13.73,4207.14,7,1,3.27,19.25
2168,2022-06-01,11.0,2.0,8.98,1.0,2,1,6.98,349.0
1423,2022-06-01,17.0,6.0,20.08,3982.35,17,0,14.08,234.71
296,2022-06-01,9.0,17.0,10.61,20000.0,8,0,6.39,37.58
1485,2022-06-01,4.0,26.0,11.36,15000.0,4,0,14.64,56.31
1485,2022-06-01,26.0,2.0,9.78,13800.14,14,0,7.78,388.77
T179,2022-06-01,76.0,57.0,36.68,400.0,35,1,20.32,35.66
290,2022-06-01,4.0,2.0,19.77,5000.0,3,0,17.77,888.57
290,2022-06-01,2.0,4.0,14.22,5000.0,1,0,10.22,255.44
929,2022-06-01,133.0,7.0,21.88,128090.23,113,1,14.88,212.64
1387,2022-06-01,1.0,7.0,11.05,1.0,1,1,4.05,57.85
313,2022-06-01,56.0,9.0,11.48,95673.96,23,0,2.48,27.59
1486,2022-06-01,13.0,21.0,11.23,33415.38,13,0,9.77,46.53
T131,2022-06-01,9.0,12.0,18.19,50.0,2,1,6.19,51.59
659,2022-06-01,44.0,70.0,16.06,2471.97,10,1,53.94,77.05
659,2022-06-01,70.0,13.0,19.81,2850.0,32,1,6.81,52.36
313,2022-06-01,18.0,56.0,31.38,83000.0,4,0,24.62,43.96
216,2022-06-01,1.0,1.0,11.46,1.0,1,1,10.46,1045.78
936,2022-06-01,124.0,17.0,21.55,61322.25,99,1,4.55,26.76
T131,2022-06-01,12.0,2.0,11.21,100.0,1,1,9.21,460.56
1395,2022-06-01,16.0,10.0,9.53,166806.25,16,0,0.47,4.71
881,2022-06-01,8.0,2.0,9.1,2560.0,5,0,7.1,355.12
931,2022-06-01,314.0,57.0,44.2,59794.87,176,2,12.8,22.46
1888,2022-06-01,6.0,2.0,11.5,5900.0,4,0,9.5,475.0
T177,2022-06-01,133.0,54.0,46.18,227.19,57,1,7.82,14.48
2160,2022-06-01,80.0,2.0,11.05,4096.0,4,1,9.05,452.52
309,2022-06-01,24.0,27.0,15.85,44600.0,10,0,11.15,41.29
300,2022-06-01,31.0,15.0,20.03,14650.0,12,0,5.03,33.55
309,2022-06-01,27.0,9.0,11.47,44935.35,17,0,2.47,27.47
684,2022-06-01,5.0,26.0,16.68,19000.0,1,0,9.32,35.83
906,2022-05-01,4.0,26.0,14.59,31300.0,4,0,11.41,43.9
218,2022-05-01,45.0,16.0,14.06,147700.0,25,0,1.94,12.1
556,2022-05-01,32.0,1.0,11.05,13700.0,19,0,10.05,1004.57
957,2022-05-01,81.0,49.25,40.57,163281.85,37,0,8.68,17.63
1014,2022-05-01,28.5,7.5,14.94,116000.0,27,0,7.44,99.18
208,2022-05-01,21.0,27.0,14.94,156648.22,15,0,12.06,44.66
2343,2022-05-01,161.0,37.0,35.93,19001.98,101,1,1.07,2.88
1004,2022-05-01,32.0,9.5,14.61,115423.67,18,0,5.11,53.81
936,2022-05-01,28.0,32.0,26.67,63246.43,28,0,5.33,16.65
T9563,2022-05-01,18.0,10.0,18.26,200.0,8,1,8.26,82.6
577,2022-05-01,110.0,23.0,25.38,4477.07,44,1,2.38,10.34
584,2022-05-01,23.0,6.0,20.8,17000.0,14,0,14.8,246.62
798,2022-05-01,116.0,12.0,23.37,3200.0,61,1,11.37,94.75
929,2022-05-01,78.0,30.0,30.99,130850.17,36,0,0.99,3.3
553,2022-05-01,10.0,26.0,33.82,4700.0,7,0,7.82,30.09
216,2022-05-01,6.0,1.0,9.43,27820.5,2,0,8.43,843.33
T9547,2022-05-01,80.0,13.0,20.09,204.41,34,1,7.09,54.56
2239,2022-05-01,115.0,4.0,16.43,2922.91,11,1,12.43,310.66
583,2022-05-01,25.0,4.0,14.23,37422.73,22,0,10.23,255.76
574,2022-05-01,144.0,3.0,16.75,6740.0,19,1,13.75,458.48
1017,2022-05-01,9.5,6.0,10.66,150000.0,9,0,4.66,77.68
1020,2022-05-01,57.5,13.0,12.36,114000.0,40,0,0.64,4.9
2213,2022-05-01,24.0,3.0,15.6,72823.8,11,0,12.6,420.08
558,2022-05-01,7.0,1.0,9.93,5100.0,7,0,8.93,893.22
1013,2022-05-01,24.0,18.5,13.88,121638.9,22,0,4.62,25.0
1006,2022-05-01,35.0,1.0,11.29,110074.91,33,0,10.29,1029.14
181,2022-05-01,25.0,4.0,15.28,10568.0,25,0,11.28,282.1
192,2022-05-01,13.0,9.0,15.39,9500.0,10,0,6.39,71.03
555,2022-05-01,12.0,24.0,13.19,2663.64,11,0,10.81,45.04
552,2022-05-01,90.0,24.0,23.16,9022.22,27,1,0.84,3.52
2081,2022-05-01,4.0,2.0,11.22,23650.0,4,0,9.22,460.84
549,2022-05-01,22.0,36.0,34.7,4809.52,21,0,1.3,3.62
905,2022-05-01,7.0,11.0,14.61,29666.67,6,0,3.61,32.86
567,2022-05-01,6.0,23.0,21.91,15866.67,6,0,1.09,4.74
947,2022-05-01,16.0,3.0,10.67,217356.46,9,0,7.67,255.62
956,2022-05-01,29.5,25.5,30.75,177881.41,20,0,5.25,20.58
633,2022-05-01,1711.0,10.0,22.23,897.27,55,1,12.23,122.27
585,2022-05-01,35.0,2.0,14.08,25860.71,7,0,12.08,603.82
309,2022-05-01,9.0,24.0,15.17,47500.0,9,0,8.83,36.77
623,2022-05-01,155.0,28.0,32.94,1298.36,61,1,4.94,17.63
318,2022-05-01,2.0,11.0,9.89,21100.0,2,0,1.11,10.05
T6534,2022-05-01,20.0,2.0,9.93,600.0,5,1,7.93,396.59
1387,2022-05-01,47.0,4.0,9.8,119947.14,26,0,5.8,145.02
622,2022-05-01,8.0,5.0,15.88,1866.67,6,0,10.88,217.67
434,2022-05-01,37.0,74.0,49.41,23739.24,12,0,24.59,33.23
659,2022-05-01,14.0,44.0,33.73,2628.57,7,0,10.27,23.34
313,2022-05-01,7.0,18.0,13.17,100214.29,7,0,4.83,26.81
1184,2022-05-01,61.0,24.0,29.57,15386.11,36,1,5.57,23.21
T179,2022-05-01,289.0,76.0,51.28,407.69,26,1,24.72,32.53
620,2022-05-01,20.0,62.0,32.78,1542.5,20,1,29.22,47.13
442,2022-05-01,11.0,61.0,21.67,36950.0,8,0,39.33,64.47
959,2022-05-01,14.0,6.0,10.63,143719.08,7,0,4.63,77.2
T177,2022-05-01,238.0,62.0,42.81,200.0,45,1,19.19,30.95
666,2022-05-01,1534.0,56.0,54.58,1303.23,186,2,1.42,2.53
1164,2022-05-01,1.0,16.0,26.16,500.0,1,0,10.16,63.51
308,2022-05-01,18.0,2.0,9.12,20977.78,18,0,7.12,356.25
1163,2022-05-01,41.0,26.0,18.68,400.0,9,1,7.32,28.17
443,2022-05-01,16.0,42.0,23.64,47400.0,14,0,18.36,43.72
1423,2022-05-01,2.0,51.0,26.63,3250.0,2,0,24.37,47.78
1161,2022-05-01,64.0,67.0,15.45,220.0,10,1,51.55,76.93
300,2022-05-01,194.0,25.0,21.21,15141.71,24,1,3.79,15.14
451,2022-05-01,21.0,13.0,9.95,33148.24,10,0,3.05,23.48
455,2022-05-01,150.0,50.0,31.31,5239.1,10,1,18.69,37.37
1196,2022-05-01,59.0,2.0,13.05,8425.0,20,1,11.05,552.56
T283,2022-05-01,139.0,18.0,17.46,300.0,25,1,0.54,3.01
356,2022-05-01,63.0,5.0,10.86,40915.0,20,0,5.86,117.22
357,2022-05-01,124.0,7.0,12.63,2236.54,14,1,5.63,80.41
385,2022-05-01,141.0,60.0,39.59,62811.67,63,1,20.41,34.01
1274,2022-05-01,19.0,2.0,10.39,102088.87,15,0,8.39,419.5
634,2022-05-01,26.0,8.0,15.32,500.0,18,1,7.32,91.47
631,2022-05-01,145.0,43.0,47.04,1100.0,70,1,4.04,9.41
630,2022-05-01,295.0,71.0,52.97,1661.54,95,1,18.03,25.39
396,2022-05-01,74.0,34.0,20.37,38587.72,20,0,13.63,40.09
1292,2022-05-01,375.0,53.0,35.74,4875.9,29,1,17.26,32.56
1253,2022-05-01,12.0,26.0,13.36,195639.31,11,0,12.64,48.61
629,2022-05-01,24.0,4.0,15.27,2400.0,11,1,11.27,281.76
635,2022-05-01,5.0,1.0,15.16,12760.0,5,0,14.16,1415.68
369,2022-05-01,14.0,63.0,35.82,72618.27,11,0,27.18,43.14
1231,2022-05-01,68.0,42.0,26.52,10628.57,42,1,15.48,36.85
627,2022-05-01,19.0,6.0,8.98,500.0,15,1,2.98,49.64
1211,2022-05-01,4.0,1.0,12.06,10600.0,1,0,11.06,1106.2
362,2022-05-01,143.0,6.0,22.19,1617.79,19,1,16.19,269.87
T5315,2022-05-01,49.0,21.0,18.39,125.0,13,1,2.61,12.43
1206,2022-05-01,55.0,19.0,28.53,10595.65,46,1,9.53,50.14
358,2022-05-01,41.0,2.0,14.7,2286.96,23,1,12.7,635.08
1322,2022-05-01,2.0,39.0,9.98,1600.0,2,0,29.02,74.42
64,2022-05-01,16.0,1.0,10.49,90507.8,7,0,9.49,949.4
1329,2022-05-01,51.0,34.0,19.24,21029.41,51,0,14.76,43.42
430,2022-05-01,43.0,78.0,43.48,39336.46,15,0,34.52,44.25
624,2022-05-01,105.0,18.0,24.92,759.43,53,1,6.92,38.44
684,2022-05-01,8.0,5.0,19.56,19060.0,5,0,14.56,291.2
457,2022-05-01,9.0,27.0,27.35,88177.78,9,0,0.35,1.31
290,2022-05-01,106.0,4.0,14.98,4706.48,54,1,10.98,274.54
1074,2022-05-01,29.5,18.5,20.6,176755.09,23,0,2.1,11.33
2645,2022-05-01,4.0,3.0,13.02,800.0,1,0,10.02,333.87
T8720,2022-05-01,14.0,2.0,14.2,200.0,11,1,12.2,610.11
704,2022-05-01,20.0,2.0,16.73,3097.06,17,0,14.73,736.42
534,2022-05-01,15.0,22.0,17.04,7900.0,5,0,4.96,22.56
970,2022-05-01,8.0,37.0,13.95,119000.0,4,0,23.05,62.31
1073,2022-05-01,17.0,5.5,15.44,188426.55,14,0,9.94,180.79
1688,2022-05-01,13.0,12.0,28.18,1100.0,7,0,16.18,134.84
969,2022-05-01,8.0,5.0,10.68,125857.14,7,0,5.68,113.67
169,2022-05-01,18.0,2.0,10.48,6300.0,18,0,8.48,424.09
589,2022-05-01,36.0,8.0,18.23,8483.33,27,0,10.23,127.87
540,2022-05-01,65.0,7.0,17.41,11028.75,60,1,10.41,148.7
251,2022-05-01,116.0,23.0,27.75,30362.61,115,1,4.75,20.65
1070,2022-05-01,7.0,11.0,9.54,202000.0,7,0,1.46,13.26
T8727,2022-05-01,136.0,12.0,15.38,300.0,60,1,3.38,28.14
2481,2022-05-01,3.0,2.0,11.13,25000.0,3,0,9.13,456.5
587,2022-05-01,2.0,33.0,14.7,9500.0,2,0,18.3,55.46
1732,2022-05-01,495.0,17.0,21.07,1100.0,60,1,4.07,23.95
714,2022-05-01,201.0,10.0,14.18,917.55,62,1,4.18,41.83
241,2022-05-01,42.0,4.0,15.65,4112.0,25,1,11.65,291.18
960,2022-05-01,11.0,2.0,11.27,131000.0,6,0,9.27,463.69
2407,2022-05-01,111.0,11.0,16.62,3285.94,9,1,5.62,51.11
2394,2022-05-01,21.0,10.0,12.67,12481.25,16,0,2.67,26.68
547,2022-05-01,47.0,24.0,17.54,7151.0,7,1,6.46,26.94
971,2022-05-01,16.0,8.0,11.87,127630.4,5,0,3.87,48.36
533,2022-05-01,16.0,50.0,31.92,8400.0,12,0,18.08,36.16
686,2022-05-01,37.0,12.0,18.53,16447.9,5,0,6.53,54.39
1667,2022-05-01,26.0,2.0,10.73,161069.52,13,0,8.73,436.54
1116,2022-05-01,38.0,78.0,36.98,18559.84,8,0,41.02,52.59
2879,2022-05-01,561.0,25.0,27.24,23520.43,49,1,2.24,8.97
1115,2022-05-01,42.0,12.0,16.54,14198.08,6,0,4.54,37.83
1114,2022-05-01,32.0,31.0,22.93,13862.5,12,0,8.07,26.04
692,2022-05-01,20.0,14.0,21.28,6500.0,16,0,7.28,51.98
1113,2022-05-01,60.0,34.0,27.78,16012.79,24,0,6.22,18.29
278,2022-05-01,21.0,9.0,11.65,4128.57,21,0,2.65,29.46
694,2022-05-01,33.0,11.0,34.79,5036.11,18,1,23.79,216.28
1112,2022-05-01,62.0,49.0,30.43,9718.18,15,1,18.57,37.9
695,2022-05-01,34.0,22.0,29.43,5788.89,27,1,7.43,33.76
1111,2022-05-01,85.0,36.0,32.02,8887.41,29,1,3.98,11.06
271,2022-05-01,76.0,8.0,11.69,30718.18,29,0,3.69,46.13
1110,2022-05-01,22.0,36.0,33.18,7897.92,12,0,2.82,7.82
269,2022-05-01,125.0,2.0,15.23,31700.0,28,1,13.23,661.39
698,2022-05-01,8.0,7.0,20.4,4171.43,7,0,13.4,191.4
1607,2022-05-01,22.0,12.0,17.66,89571.43,21,0,5.66,47.13
527,2022-05-01,22.0,7.0,22.55,12185.0,20,0,15.55,222.14
699,2022-05-01,21.0,3.0,10.41,4200.0,12,0,7.41,246.92
700,2022-05-01,45.0,63.0,40.91,4681.03,29,1,22.09,35.07
594,2022-05-01,37.0,38.0,21.74,19813.63,8,0,16.26,42.79
266,2022-05-01,18.0,1.0,12.85,21100.0,18,0,11.85,1184.94
532,2022-05-01,7.0,53.0,26.64,19416.67,6,0,26.36,49.74
701,2022-05-01,73.0,5.0,14.9,4195.65,46,1,9.9,198.0
2660,2022-05-01,528.0,6.0,13.07,23855.21,29,1,7.07,117.79
